taluka,crop,date,month,growth_stage,temperature_c,humidity_percent,rainfall_mm,consecutive_dry_days,consecutive_wet_days,soil_moisture_percent,wind_speed_kmh,cloud_cover_percent,soil_ph,pest_pressure_index,disease_pressure_index,stress_drought,stress_waterlog,stress_pest,stress_disease,stress_heat,stress_nutrient,overall_stress,stress_severity
Pernem,Cashew,2024-02-01,2,Harvest,25.9,58,0.0,9,1,24.8,5.5,46,5.86,0.0,0.0,0,0,0,0,0,0,0,None
Ponda,Spices,2024-12-30,12,Flowering,29.9,68,0.1,12,1,25.2,12.4,28,5.32,0.0,0.0,0,0,0,0,0,0,0,None
Canacona,Banana,2023-05-11,5,Bunch_Emergence,36.8,46,0.0,14,0,12.0,16.5,24,4.61,0.0,0.2,1,0,0,0,1,0,1,Moderate
Sanguem,Rice (Paddy),2024-07-18,7,Tillering,27.7,91,13.4,0,1,64.4,20.5,76,5.52,5.1,0.4,0,0,0,0,0,0,0,None
Tiswadi,Coconut,2024-02-05,2,Inflorescence,29.1,59,0.0,2,0,44.1,23.0,28,4.93,0.0,0.1,0,0,0,0,0,0,0,None
Tiswadi,Rice (Paddy),2024-01-01,1,Seedling,27.9,60,0.0,4,0,35.8,12.4,36,5.54,0.0,0.0,0,0,0,0,0,0,0,None
Ponda,Spices,2025-09-21,9,Flowering,26.0,87,8.8,0,0,51.6,37.4,74,4.98,2.9,0.0,0,0,0,0,0,0,0,None
Salcete,Cashew,2023-11-11,11,Dormant,30.2,65,0.0,14,0,13.7,12.2,29,5.59,2.5,0.0,1,0,0,0,0,0,1,Low
Tiswadi,Rice (Paddy),2025-06-27,6,Seedling,29.8,98,7.3,3,2,54.5,49.3,99,5.55,7.6,0.0,0,0,1,0,0,0,1,Low
Bardez,Rice (Paddy),2021-05-02,5,Flowering,35.2,62,0.0,22,0,12.0,16.3,18,5.19,0.0,0.2,1,0,0,0,0,0,1,Low
Mormugao,Rice (Paddy),2022-04-12,4,Grain_Filling,33.4,64,0.0,15,0,16.9,16.7,25,5.04,1.4,0.0,1,0,0,0,0,0,1,Low
Quepem,Pineapple,2024-05-23,5,Fruit_Development,34.8,74,0.0,24,0,12.0,19.6,9,4.85,1.0,0.3,1,0,0,0,0,0,1,Low
Ponda,Arecanut,2021-11-27,11,Nut_Formation,30.4,78,0.0,10,0,30.9,12.6,34,5.09,3.3,0.5,0,0,0,0,0,0,0,None
Sanguem,Rice (Paddy),2025-01-22,1,Grain_Filling,29.7,62,0.0,10,0,22.5,13.9,29,5.76,0.0,0.0,0,0,0,0,0,0,0,None
Sanguem,Cashew,2021-03-29,3,Dormant,31.8,67,0.0,18,0,12.5,13.5,5,6.03,0.0,0.8,1,0,0,0,0,0,1,Low
Sanguem,Rice (Paddy),2024-10-28,10,Tillering,27.9,95,29.5,0,1,70.1,22.8,100,5.5,9.2,0.0,0,0,1,0,0,0,1,Low
Canacona,Coconut,2024-01-29,1,Maturity,33.8,66,0.0,19,0,12.0,24.3,44,5.35,0.0,0.0,1,0,0,0,0,0,1,Low
Tiswadi,Coconut,2023-05-22,5,Nut_Development,29.0,42,0.0,5,0,23.8,16.6,38,5.75,0.0,0.0,0,0,0,0,0,0,0,None
Quepem,Rice (Paddy),2025-08-15,8,Seedling,26.9,82,44.6,3,3,57.9,20.1,80,4.56,4.8,2.4,0,0,0,0,0,0,0,None
Canacona,Arecanut,2021-05-11,5,Harvest,36.5,60,8.2,22,1,12.0,18.9,10,5.49,0.0,0.9,1,0,0,0,0,0,1,Low
Sanguem,Rice (Paddy),2025-08-13,8,Flowering,27.7,88,9.4,0,0,50.7,30.1,100,5.49,7.2,0.6,0,0,1,0,0,0,1,Low
Bicholim,Rice (Paddy),2024-08-25,8,Flowering,29.3,96,66.6,2,5,77.0,42.6,74,4.98,5.6,7.2,0,0,0,1,0,0,1,Low
Canacona,Coconut,2023-02-09,2,Nut_Development,32.2,80,0.0,15,0,16.6,12.2,18,5.3,2.3,0.8,1,1,0,0,0,0,1,Moderate
Mormugao,Coconut,2021-12-10,12,Inflorescence,27.1,69,0.0,18,0,19.9,20.8,36,5.41,0.5,0.0,1,0,0,0,0,0,1,Low
Pernem,Mango,2025-02-24,2,Maturity,25.8,73,0.0,10,0,29.7,7.3,11,4.48,0.2,0.0,0,0,0,0,0,0,0,None
Pernem,Arecanut,2024-12-08,12,Nut_Formation,29.1,57,0.0,15,0,13.6,8.4,27,5.55,0.0,0.6,1,0,0,0,0,0,1,Low
Bardez,Cashew,2023-03-17,3,Harvest,32.9,54,0.0,14,0,18.0,18.3,28,5.44,0.4,0.0,1,0,0,0,0,0,1,Low
Dharbandora,Coconut,2022-01-21,1,Nut_Development,27.0,68,0.0,2,0,35.2,28.6,33,4.58,2.3,0.7,0,0,0,0,0,0,0,None
Dharbandora,Pineapple,2024-04-30,4,Fruit_Development,35.0,60,0.0,18,0,12.0,15.0,38,5.85,2.8,0.2,1,1,0,0,0,0,1,Moderate
Mormugao,Cashew,2023-08-14,8,Flowering,30.4,97,108.0,0,6,98.0,27.3,100,4.75,7.4,8.6,0,0,1,1,0,1,1,High
Ponda,Arecanut,2021-10-04,10,Nut_Formation,25.9,85,66.9,4,0,70.8,31.5,85,5.3,5.5,0.0,0,0,0,0,0,0,0,None
Dharbandora,Coconut,2024-03-30,3,Maturity,32.5,50,0.0,18,0,12.0,16.9,20,5.22,0.0,0.0,1,0,0,0,0,0,1,Low
Sattari,Arecanut,2022-04-05,4,Flowering,36.0,63,0.0,12,0,15.8,22.8,27,5.43,0.0,0.9,1,0,0,0,0,0,1,Low
Mormugao,Coconut,2024-08-30,8,Nut_Development,28.9,94,56.7,3,4,73.8,22.1,60,4.93,6.0,7.4,0,0,0,1,0,0,1,Low
Quepem,Arecanut,2021-01-22,1,Vegetative,28.9,83,0.0,19,0,19.8,18.3,48,5.44,3.6,0.0,1,0,0,0,0,0,1,Low
Canacona,Rice (Paddy),2021-09-10,9,Flowering,26.9,77,18.6,0,0,61.1,21.9,82,5.55,3.1,0.6,0,0,0,0,0,0,0,None
Salcete,Cashew,2023-01-18,1,Harvest,26.5,61,0.0,17,0,12.0,10.6,58,5.33,0.0,0.0,1,0,0,0,0,0,1,Low
Bicholim,Rice (Paddy),2023-05-07,5,Seedling,34.9,55,5.3,21,1,12.0,20.6,21,6.04,0.0,0.0,1,0,0,0,0,0,1,Low
Pernem,Spices,2025-05-04,5,Vegetative,33.7,51,1.4,14,1,12.0,23.7,26,4.74,0.2,0.1,1,1,0,0,0,0,1,Moderate
Sanguem,Rice (Paddy),2022-04-20,4,Tillering,35.3,56,0.0,13,0,23.3,20.2,24,6.36,0.5,0.8,1,0,0,0,0,0,1,Low
Sanguem,Cashew,2023-12-19,12,Fruit_Development,33.4,59,0.0,13,0,12.6,21.1,15,5.78,0.8,0.0,1,0,0,0,0,0,1,Low
Salcete,Coconut,2022-05-26,5,Vegetative,30.6,54,2.1,24,1,12.0,18.3,15,5.45,0.5,0.0,1,0,0,0,0,0,1,Low
Mormugao,Coconut,2025-09-02,9,Maturity,27.9,88,20.1,1,0,67.2,25.7,87,5.65,4.3,0.0,0,0,0,0,0,0,0,None
Salcete,Mango,2025-02-08,2,Maturity,29.3,71,0.0,12,0,19.4,8.4,33,5.77,1.7,1.2,0,0,0,0,0,0,0,None
Sanguem,Mango,2022-12-01,12,Vegetative,31.0,51,0.0,12,0,19.3,11.3,15,5.15,0.0,3.5,0,0,0,0,0,0,0,None
Bardez,Coconut,2023-09-03,9,Inflorescence,24.6,96,11.7,1,2,60.0,15.1,77,5.41,5.1,0.0,0,0,0,0,0,0,0,None
Bardez,Mango,2025-12-12,12,Fruit_Setting,30.5,66,0.0,6,0,34.9,19.0,30,5.64,0.1,1.0,0,0,0,0,0,0,0,None
Dharbandora,Arecanut,2021-07-09,7,Harvest,28.9,85,38.8,0,8,67.5,36.9,77,5.99,3.1,6.8,0,0,0,1,0,0,1,Low
Sanguem,Rice (Paddy),2023-08-16,8,Grain_Filling,26.1,88,227.7,0,1,98.0,19.3,72,5.77,4.9,1.1,0,1,0,0,0,0,1,Low
Sanguem,Rice (Paddy),2022-11-18,11,Flowering,27.7,79,0.0,9,0,33.0,22.1,38,5.62,2.5,0.6,0,0,0,0,0,0,0,None
Sanguem,Rice (Paddy),2023-08-16,8,Tillering,27.7,92,11.9,5,2,47.0,22.8,96,5.21,7.2,0.0,0,0,1,0,0,0,1,Low
Canacona,Rice (Paddy),2022-07-17,7,Flowering,26.6,97,30.9,3,0,63.7,22.4,44,5.62,8.6,0.1,0,0,1,0,0,0,1,Low
Bicholim,Cashew,2025-05-10,5,Harvest,41.8,59,0.0,14,0,12.0,14.6,13,4.94,0.5,0.8,1,0,0,0,1,0,1,Moderate
Canacona,Cashew,2024-06-21,6,Harvest,26.8,89,32.2,0,1,70.5,12.4,99,5.01,4.6,0.0,0,0,0,0,0,0,0,None
Bicholim,Cashew,2023-04-12,4,Fruit_Development,34.9,54,0.0,14,0,16.3,19.4,29,5.59,0.0,0.4,1,0,0,0,0,0,1,Low
Salcete,Rice (Paddy),2025-03-09,3,Seedling,34.4,43,0.0,8,0,17.0,8.8,23,4.95,0.2,0.1,0,0,0,0,0,0,0,None
Mormugao,Rice (Paddy),2024-02-29,2,Grain_Filling,27.1,67,0.0,18,0,12.0,18.5,49,6.28,0.0,0.8,1,1,0,0,0,0,1,Moderate
Sanguem,Rice (Paddy),2025-02-17,2,Flowering,34.6,72,0.0,13,0,18.3,17.3,59,6.16,0.1,0.0,1,0,0,0,0,0,1,Low
Pernem,Mango,2022-10-09,10,Maturity,27.4,100,55.0,0,11,68.5,28.7,88,5.66,9.5,10.0,0,0,1,1,0,0,1,Moderate
Ponda,Spices,2021-01-21,1,Vegetative,27.5,61,0.0,11,0,27.5,17.1,24,5.14,0.3,0.5,0,0,0,0,0,0,0,None
Tiswadi,Rice (Paddy),2023-04-21,4,Tillering,35.7,64,0.0,13,0,22.4,13.1,32,5.23,1.2,0.0,1,0,0,0,0,0,1,Low
Mormugao,Mango,2021-06-16,6,Flowering,26.4,94,23.8,0,1,66.8,26.0,76,5.39,6.1,0.0,0,0,0,0,0,0,0,None
Bicholim,Mango,2024-07-21,7,Vegetative,29.2,94,110.3,0,8,98.0,8.1,100,5.01,5.2,9.7,0,0,0,1,0,0,1,Low
Pernem,Rice (Paddy),2022-01-23,1,Seedling,28.5,61,0.0,4,0,37.5,15.9,35,5.48,0.2,0.0,0,0,0,0,0,0,0,None
Ponda,Spices,2022-08-24,8,Vegetative,30.7,94,45.6,0,0,75.1,23.5,96,5.05,5.4,0.1,0,0,0,0,0,0,0,None
Bardez,Coconut,2021-11-12,11,Maturity,25.6,70,0.0,12,0,19.5,15.6,43,6.17,0.0,0.6,0,0,0,1,0,0,1,Low
Tiswadi,Rice (Paddy),2021-01-14,1,Seedling,29.8,67,0.0,13,0,22.9,18.9,28,5.86,0.4,0.0,0,0,0,0,0,0,0,None
Sattari,Arecanut,2021-08-30,8,Harvest,30.9,90,116.8,0,2,98.0,23.8,89,5.55,4.5,0.0,0,0,0,0,0,0,0,None
Salcete,Coconut,2023-02-16,2,Inflorescence,31.3,74,0.0,2,0,41.5,11.5,37,5.1,0.0,1.3,0,0,0,0,0,0,0,None
Sattari,Arecanut,2024-10-01,10,Nut_Formation,25.7,98,18.7,0,2,64.0,31.9,82,5.54,8.4,0.0,0,0,1,0,0,0,1,Low
Sanguem,Rice (Paddy),2022-07-19,7,Grain_Filling,29.0,92,46.0,0,5,71.1,32.3,100,5.18,6.4,7.0,0,0,1,1,0,0,1,Moderate
Ponda,Arecanut,2023-06-17,6,Flowering,25.9,95,21.7,1,2,65.4,29.2,69,5.53,6.5,0.7,0,0,0,0,0,0,0,None
Bardez,Cashew,2024-09-25,9,Flowering,26.2,93,47.7,0,13,70.7,35.9,67,5.13,5.0,10.0,0,0,1,1,0,0,1,Moderate
Ponda,Spices,2021-04-02,4,Flowering,36.2,61,0.0,15,0,13.3,7.5,18,5.82,0.0,0.4,1,0,0,0,0,0,1,Low
Quepem,Rice (Paddy),2024-10-22,10,Flowering,29.7,84,34.8,0,0,67.5,32.8,92,4.94,4.0,0.0,0,0,0,0,0,0,0,None
Bardez,Mango,2023-08-14,8,Flowering,27.2,89,23.3,0,3,55.5,10.2,90,5.1,4.5,5.7,0,0,0,0,0,0,0,None
Canacona,Spices,2025-01-18,1,Flowering,30.8,70,0.0,2,0,43.7,16.5,51,6.12,0.0,0.0,0,0,0,0,0,0,0,None
Bicholim,Rice (Paddy),2024-12-22,12,Seedling,29.4,68,1.2,15,1,15.8,8.0,43,5.44,0.0,0.6,1,0,1,0,0,0,1,Moderate
Dharbandora,Spices,2022-05-24,5,Flowering,34.3,45,0.0,30,0,12.0,10.2,27,5.31,2.1,1.6,1,0,0,0,0,0,1,Low
Tiswadi,Coconut,2023-02-15,2,Nut_Development,29.7,74,0.0,15,0,16.4,18.0,22,5.51,1.0,0.0,1,0,0,0,0,0,1,Low
Canacona,Rice (Paddy),2021-02-04,2,Grain_Filling,30.0,65,0.0,15,0,15.4,20.2,29,4.83,0.0,0.0,1,0,0,0,0,0,1,Low
Dharbandora,Arecanut,2021-07-25,7,Flowering,25.0,92,1.3,2,2,50.0,17.0,68,5.53,4.8,0.0,0,0,0,0,0,0,0,None
Sattari,Banana,2024-01-10,1,Bunch_Emergence,29.3,67,0.0,11,0,27.6,9.5,37,4.88,0.0,0.6,0,0,0,0,0,0,0,None
Canacona,Rice (Paddy),2025-05-05,5,Grain_Filling,29.4,52,0.0,23,0,12.0,15.6,45,4.74,0.0,1.0,1,0,0,0,0,0,1,Low
Sanguem,Cashew,2024-11-12,11,Dormant,32.8,68,0.0,10,0,29.6,10.0,50,5.5,0.0,0.0,0,0,0,0,0,0,0,None
Sanguem,Banana,2023-10-23,10,Finger_Filling,27.0,96,34.5,0,20,78.2,48.3,74,6.07,6.9,10.0,0,0,0,1,0,0,1,Low
Tiswadi,Rice (Paddy),2023-10-19,10,Grain_Filling,30.8,93,1.7,0,1,52.6,28.6,84,4.39,3.7,0.0,0,0,0,0,0,0,0,None
Salcete,Coconut,2024-11-14,11,Inflorescence,30.0,63,0.0,6,0,33.3,15.0,46,7.17,0.0,1.7,0,0,1,0,0,0,1,Low
Sanguem,Cashew,2022-07-20,7,Dormant,27.8,88,13.2,3,5,51.7,30.2,69,5.11,3.8,6.1,0,0,0,0,0,0,0,None
Sattari,Rice (Paddy),2024-02-04,2,Seedling,29.2,78,0.0,8,0,33.7,16.3,16,5.71,1.2,0.0,0,0,0,0,0,0,0,None
Pernem,Mango,2025-12-01,12,Flowering,31.5,83,0.0,9,0,30.2,5.3,22,5.8,2.8,0.0,0,0,0,0,0,0,0,None
Dharbandora,Spices,2025-02-09,2,Harvest,27.9,64,0.0,6,0,23.6,11.1,49,5.52,0.9,0.0,0,0,0,0,0,0,0,None
Bardez,Cashew,2022-12-04,12,Harvest,27.8,54,0.0,4,0,28.4,9.0,52,5.13,0.0,0.0,0,0,0,0,0,0,0,None
Tiswadi,Rice (Paddy),2022-02-06,2,Flowering,30.7,78,0.0,3,0,40.9,14.2,16,6.25,3.2,1.4,0,0,0,0,0,0,0,None
Pernem,Coconut,2022-12-31,12,Vegetative,24.5,80,1.6,15,1,22.8,14.3,20,4.84,3.1,0.0,1,0,0,0,0,0,1,Low
Bicholim,Cashew,2025-04-29,4,Fruit_Development,30.7,56,0.0,11,0,21.0,19.2,27,5.29,0.2,0.1,0,0,0,0,0,0,0,None
Sattari,Cashew,2021-06-11,6,Dormant,27.9,84,19.4,2,8,45.6,18.9,91,5.58,4.1,6.9,0,0,0,1,0,0,1,Low
Salcete,Rice (Paddy),2021-07-21,7,Seedling,31.4,85,34.1,0,4,67.0,27.6,87,5.3,3.7,1.9,0,0,0,0,0,0,0,None
Mormugao,Coconut,2023-09-23,9,Maturity,29.8,89,31.3,0,1,58.2,30.2,100,5.2,4.0,1.9,0,0,0,0,0,0,0,None
Canacona,Cashew,2021-09-27,9,Harvest,27.8,72,15.4,0,0,51.8,24.0,77,5.18,1.6,0.9,0,1,0,0,0,0,1,Low
Dharbandora,Arecanut,2023-03-27,3,Flowering,34.2,61,0.0,15,0,12.0,16.7,5,5.74,0.0,0.4,1,0,0,0,0,0,1,Low
Sattari,Cashew,2024-07-18,7,Harvest,25.8,100,95.4,9,1,77.9,13.7,56,5.12,7.7,0.0,0,0,1,0,0,0,1,Low
Sanguem,Cashew,2022-04-01,4,Dormant,31.8,67,0.0,14,0,16.2,19.2,22,5.35,0.3,0.0,1,0,0,0,0,0,1,Low
Tiswadi,Rice (Paddy),2025-01-25,1,Seedling,26.9,62,0.0,17,0,12.0,20.4,20,5.41,0.1,0.0,1,0,0,0,0,0,1,Low
Quepem,Rice (Paddy),2025-10-17,10,Tillering,26.6,84,15.5,0,0,52.3,21.5,86,4.96,5.7,0.0,0,0,0,0,0,0,0,None
Ponda,Arecanut,2024-06-29,6,Vegetative,28.7,93,6.8,0,1,54.1,10.2,71,5.47,5.4,0.0,0,0,0,0,0,0,0,None
Sattari,Mango,2023-10-14,10,Maturity,29.2,90,63.3,0,3,81.0,44.7,90,4.2,6.4,3.9,0,0,0,0,0,0,0,None
Mormugao,Rice (Paddy),2025-09-22,9,Tillering,28.9,74,77.0,0,13,86.4,30.9,96,5.53,0.8,0.0,0,0,0,0,0,0,0,None
Quepem,Pineapple,2021-10-23,10,Vegetative,28.9,87,15.8,1,5,54.3,14.7,94,5.28,3.5,5.6,0,0,0,0,0,0,0,None
Sanguem,Rice (Paddy),2025-10-15,10,Tillering,27.1,85,1.1,1,2,52.5,27.7,69,4.84,4.7,0.9,0,0,0,0,0,0,0,None
Salcete,Coconut,2022-12-21,12,Maturity,30.9,73,0.0,4,0,42.8,15.7,48,4.71,0.6,0.0,0,0,0,0,0,0,0,None
Sattari,Rice (Paddy),2025-11-08,11,Seedling,29.3,69,0.0,10,0,28.9,5.0,33,5.26,0.0,0.9,0,0,1,0,0,0,1,Low
Dharbandora,Spices,2021-12-04,12,Flowering,31.6,69,0.0,15,0,13.8,14.4,70,6.04,0.0,0.0,1,0,0,0,0,0,1,Low
Sattari,Rice (Paddy),2023-05-29,5,Tillering,33.0,67,0.0,20,0,12.3,7.8,15,5.91,0.0,0.0,1,0,0,0,0,0,1,Low
Ponda,Mango,2023-12-13,12,Fruit_Setting,32.9,67,0.0,9,0,28.6,18.7,10,5.27,0.0,2.6,0,0,0,0,0,0,0,None
Dharbandora,Arecanut,2023-03-03,3,Flowering,32.9,54,0.0,17,0,14.6,16.9,5,4.68,0.0,0.4,1,0,0,0,0,1,1,Moderate
Canacona,Rice (Paddy),2021-08-05,8,Grain_Filling,28.7,81,51.2,0,12,67.5,37.1,72,6.13,3.3,1.6,0,0,0,0,0,0,0,None
Dharbandora,Rice (Paddy),2023-02-03,2,Tillering,28.7,78,0.3,11,1,27.5,15.4,24,5.04,5.6,0.0,0,0,0,0,0,0,0,None
Pernem,Coconut,2021-07-07,7,Maturity,23.0,75,26.0,0,2,55.0,30.6,100,6.37,1.4,0.2,0,0,0,0,0,0,0,None
Mormugao,Coconut,2022-01-15,1,Inflorescence,31.3,76,0.0,12,0,23.7,24.6,42,4.51,0.1,0.0,0,0,0,0,0,0,0,None
Pernem,Coconut,2022-05-08,5,Vegetative,35.6,30,0.0,19,0,12.0,22.9,30,5.13,1.0,0.0,1,0,0,0,0,0,1,Low
Mormugao,Rice (Paddy),2023-12-01,12,Seedling,26.6,65,0.0,5,0,33.5,6.2,35,5.73,0.0,0.0,0,0,0,0,0,0,0,None
Bardez,Cashew,2024-03-26,3,Flowering,38.0,60,0.0,22,0,12.0,15.4,11,5.23,0.0,0.0,1,0,0,0,1,0,1,Moderate
Quepem,Cashew,2021-01-15,1,Harvest,26.2,66,1.2,11,1,21.2,14.0,38,5.04,0.7,0.5,0,0,0,0,0,0,0,None
Quepem,Rice (Paddy),2021-03-06,3,Tillering,34.3,54,2.9,13,1,12.0,20.9,9,5.92,1.7,0.0,1,1,0,0,0,0,1,Moderate
Salcete,Coconut,2022-06-05,6,Maturity,22.3,91,4.9,1,0,50.1,27.2,85,5.58,0.0,0.0,0,0,0,0,0,0,0,None
Bardez,Arecanut,2024-09-29,9,Flowering,26.0,88,10.3,0,2,59.7,20.6,85,5.15,6.4,1.2,0,0,0,0,0,0,0,None
Salcete,Coconut,2024-02-27,2,Vegetative,29.6,77,1.5,21,1,12.0,22.5,10,4.95,0.4,0.0,1,0,0,0,0,0,1,Low
Salcete,Rice (Paddy),2022-10-10,10,Seedling,32.6,78,34.2,0,6,64.0,24.6,84,6.05,4.0,0.0,0,0,0,0,0,0,0,None
Tiswadi,Rice (Paddy),2025-02-04,2,Tillering,33.0,56,0.0,2,0,36.5,16.9,34,5.35,0.0,0.2,0,0,0,0,0,0,0,None
Ponda,Rice (Paddy),2023-12-23,12,Grain_Filling,27.3,69,0.0,7,0,25.4,16.2,52,5.78,0.0,0.0,0,0,0,0,0,0,0,None
Sanguem,Cashew,2024-03-08,3,Dormant,39.3,42,0.4,18,1,12.0,12.5,9,5.96,0.0,1.1,1,1,0,0,1,0,1,High
Canacona,Cashew,2025-03-03,3,Flowering,36.0,55,5.3,18,1,12.0,14.4,20,5.89,0.0,0.0,1,0,0,0,0,0,1,Low
Dharbandora,Arecanut,2022-08-16,8,Vegetative,27.1,90,95.9,2,5,92.6,29.8,83,5.03,5.5,7.6,0,0,0,1,0,0,1,Low
Sattari,Rice (Paddy),2022-01-27,1,Flowering,30.8,68,0.0,14,0,15.6,19.0,43,5.58,0.0,0.0,1,0,0,0,0,0,1,Low
Salcete,Cashew,2025-08-26,8,Flowering,27.6,93,129.2,2,1,98.0,22.1,86,5.47,5.8,0.0,0,0,1,1,0,0,1,Moderate
Bardez,Arecanut,2022-02-23,2,Flowering,27.3,77,0.0,15,0,24.1,15.5,32,5.79,0.7,0.8,1,0,0,0,0,0,1,Low
Mormugao,Coconut,2021-10-16,10,Maturity,28.5,84,45.7,1,2,74.0,32.3,64,5.35,3.4,0.7,0,0,0,0,0,0,0,None
Dharbandora,Arecanut,2022-01-14,1,Flowering,31.1,66,4.9,17,1,12.0,9.9,56,5.34,0.4,0.0,1,1,0,0,0,0,1,Moderate
Dharbandora,Rice (Paddy),2025-12-02,12,Tillering,32.0,66,0.2,5,1,31.8,13.4,24,4.31,1.3,0.0,0,0,0,0,0,1,1,Low
Bicholim,Cashew,2025-02-22,2,Harvest,26.4,49,0.0,12,0,12.0,18.0,59,5.4,0.0,0.0,0,0,0,0,0,0,0,None
Sanguem,Cashew,2021-08-19,8,Harvest,28.7,93,88.1,1,10,93.5,17.7,78,4.93,7.6,10.0,0,0,1,1,0,0,1,Moderate
Dharbandora,Banana,2023-10-15,10,Bunch_Emergence,27.4,87,65.7,0,2,88.2,26.9,79,5.52,4.2,0.3,0,0,0,0,0,0,0,None
Ponda,Arecanut,2021-02-10,2,Vegetative,29.0,77,0.0,12,0,22.6,14.7,14,5.35,1.3,0.0,0,0,0,0,0,0,0,None
Pernem,Coconut,2023-11-18,11,Inflorescence,28.7,65,0.0,7,0,31.3,12.3,27,5.0,0.4,0.5,0,0,0,0,0,0,0,None
Bicholim,Rice (Paddy),2021-05-15,5,Seedling,33.3,40,7.2,17,1,12.0,16.0,20,6.52,0.0,1.6,1,0,0,0,0,0,1,Low
Dharbandora,Banana,2021-07-20,7,Shooting,25.5,90,49.9,0,2,73.4,25.1,78,5.59,5.6,0.0,0,0,0,0,0,0,0,None
Canacona,Rice (Paddy),2023-02-19,2,Tillering,30.4,78,0.0,19,0,15.3,17.2,10,5.61,3.2,0.2,1,0,0,0,0,0,1,Low
Ponda,Rice (Paddy),2023-07-19,7,Seedling,30.1,83,22.5,1,4,63.0,17.1,76,5.18,4.7,5.0,0,0,0,0,0,0,0,None
Canacona,Cashew,2023-11-23,11,Flowering,28.7,65,0.0,11,0,20.8,7.8,25,5.28,0.0,0.0,0,0,0,0,0,0,0,None
Quepem,Rice (Paddy),2023-12-08,12,Seedling,25.2,64,0.0,13,0,12.6,17.6,44,5.49,0.0,2.7,0,0,0,0,0,0,0,None
Dharbandora,Arecanut,2022-05-18,5,Flowering,34.7,53,0.0,22,0,12.0,18.7,24,5.33,0.2,0.8,1,0,0,0,0,0,1,Low
Canacona,Banana,2022-02-11,2,Harvest,30.0,78,0.0,9,0,37.6,12.4,35,6.0,0.1,2.3,0,0,0,0,0,0,0,None
Canacona,Rice (Paddy),2025-05-17,5,Seedling,32.8,46,0.0,16,0,12.0,8.6,44,5.82,0.1,0.5,1,0,0,0,0,0,1,Low
Ponda,Arecanut,2025-10-18,10,Vegetative,24.7,79,19.9,0,6,55.6,25.3,100,5.89,3.0,0.0,0,0,0,0,0,0,0,None
Ponda,Spices,2023-03-16,3,Vegetative,33.0,31,0.0,23,0,12.0,16.5,20,5.25,0.4,0.0,1,0,0,0,0,0,1,Low
Tiswadi,Coconut,2021-04-09,4,Vegetative,33.9,60,0.0,23,0,12.0,21.4,14,4.92,1.6,0.1,1,0,0,0,0,0,1,Low
Canacona,Rice (Paddy),2022-11-15,11,Tillering,32.2,56,0.0,13,0,22.0,16.3,37,5.66,0.0,1.4,0,0,0,0,0,0,0,None
Pernem,Banana,2022-12-27,12,Harvest,32.6,63,0.0,18,0,12.0,16.7,41,5.53,0.0,0.0,1,0,0,0,0,0,1,Low
Pernem,Cashew,2025-04-20,4,Flowering,38.6,58,0.0,30,0,12.0,15.5,29,5.06,0.0,0.0,1,0,0,0,1,0,1,Moderate
Mormugao,Rice (Paddy),2023-08-19,8,Grain_Filling,26.3,74,80.0,1,14,79.1,22.3,70,6.11,0.0,0.0,0,0,0,0,0,0,0,None
Bicholim,Cashew,2025-10-29,10,Dormant,29.3,89,48.9,0,4,61.8,15.6,97,5.04,6.5,5.6,0,0,0,0,0,0,0,None
Sattari,Rice (Paddy),2022-09-05,9,Flowering,27.1,89,29.3,0,0,65.9,25.1,98,5.07,5.6,0.5,0,0,0,0,0,0,0,None
Bicholim,Rice (Paddy),2025-01-25,1,Tillering,29.4,60,0.0,16,0,12.0,19.5,33,6.16,1.1,0.0,1,0,0,0,0,0,1,Low
Bicholim,Arecanut,2022-10-05,10,Harvest,26.8,76,76.1,0,15,74.8,29.9,89,5.0,1.8,0.0,0,0,0,0,0,0,0,None
Salcete,Arecanut,2025-11-28,11,Nut_Formation,29.4,71,0.0,11,0,20.9,19.6,38,5.67,0.0,0.0,0,0,0,0,0,0,0,None
Salcete,Rice (Paddy),2023-10-26,10,Flowering,27.6,96,23.1,3,0,55.5,36.3,79,6.1,5.1,1.6,0,0,0,0,0,0,0,None
Canacona,Rice (Paddy),2024-05-26,5,Grain_Filling,33.6,72,1.7,22,1,12.0,7.9,32,5.37,0.3,0.0,1,0,0,0,0,0,1,Low
Canacona,Mango,2022-05-18,5,Flowering,37.8,58,0.0,8,0,25.5,17.9,5,5.17,0.3,0.0,0,0,0,0,0,0,0,None
Pernem,Arecanut,2023-02-06,2,Harvest,31.5,53,0.0,12,0,15.8,17.6,28,5.29,1.2,0.0,0,0,0,0,0,0,0,None
Salcete,Pineapple,2022-02-02,2,Inflorescence,24.6,63,0.9,8,1,35.5,14.9,15,5.98,0.8,0.7,0,0,0,0,0,0,0,None
Quepem,Arecanut,2023-05-21,5,Nut_Formation,34.2,37,0.0,30,0,12.0,8.2,38,5.66,0.3,0.0,1,0,0,0,0,0,1,Low
Bardez,Coconut,2023-03-06,3,Vegetative,38.7,51,0.0,28,0,12.0,8.7,22,5.91,0.0,0.6,1,0,0,0,1,0,1,Moderate
Sanguem,Rice (Paddy),2022-01-28,1,Tillering,29.4,82,0.0,9,0,27.8,24.3,64,5.25,6.9,0.0,0,0,1,0,0,0,1,Low
Sanguem,Cashew,2021-07-26,7,Dormant,28.1,90,0.9,3,0,44.1,8.0,87,5.89,4.5,0.6,0,0,0,0,0,0,0,None
Canacona,Coconut,2023-11-05,11,Maturity,29.2,71,0.0,13,0,25.6,15.1,18,5.02,1.7,0.0,0,0,0,0,0,0,0,None
Bardez,Coconut,2025-04-27,4,Maturity,32.3,63,0.0,20,0,12.0,12.2,18,5.21,0.5,0.0,1,0,0,1,0,0,1,Moderate
Dharbandora,Cashew,2023-06-11,6,Flowering,31.7,77,165.8,0,5,98.0,39.8,94,5.13,2.9,0.0,0,1,0,0,0,0,1,Low
Salcete,Cashew,2025-01-24,1,Fruit_Development,31.7,55,0.0,10,0,18.5,10.6,24,6.14,0.0,0.0,0,0,0,0,0,0,0,None
Sanguem,Cashew,2025-09-11,9,Flowering,25.0,78,22.9,0,6,55.0,21.0,75,5.09,3.8,0.2,0,0,0,0,0,0,0,None
Dharbandora,Arecanut,2025-05-18,5,Nut_Formation,34.0,66,0.0,30,0,12.0,6.2,9,4.63,0.0,0.5,1,0,0,1,0,0,1,Moderate
Canacona,Coconut,2023-05-14,5,Vegetative,35.4,46,2.4,7,1,23.9,9.8,30,5.82,0.0,0.6,0,0,0,0,0,0,0,None
Tiswadi,Coconut,2023-01-13,1,Inflorescence,28.3,63,0.0,12,0,22.0,10.4,33,4.59,0.5,0.0,0,0,0,0,0,0,0,None
Dharbandora,Rice (Paddy),2024-06-18,6,Seedling,28.3,86,23.2,0,6,55.4,35.6,68,5.65,5.8,5.6,0,0,0,0,0,0,0,None
Pernem,Coconut,2022-07-18,7,Vegetative,27.0,79,39.3,2,4,64.7,16.5,64,5.56,6.0,1.1,0,0,0,0,0,0,0,None
Bardez,Coconut,2023-10-18,10,Maturity,29.9,90,79.1,0,7,89.7,24.6,93,5.29,5.6,8.1,0,0,0,1,0,0,1,Low
Mormugao,Rice (Paddy),2021-04-06,4,Seedling,35.6,47,0.0,17,0,12.0,18.0,29,6.65,0.0,0.0,1,0,0,0,0,0,1,Low
Bicholim,Mango,2025-10-24,10,Maturity,23.5,86,17.0,1,0,61.9,30.3,99,5.18,0.0,1.1,1,0,0,0,0,0,1,Low
Tiswadi,Rice (Paddy),2022-04-30,4,Flowering,35.2,38,0.0,15,0,12.0,21.7,36,5.7,1.2,0.0,1,0,0,0,0,0,1,Low
Pernem,Mango,2024-12-01,12,Vegetative,29.7,78,0.0,15,0,22.1,16.9,49,5.8,0.6,0.2,1,0,0,0,0,0,1,Low
Mormugao,Rice (Paddy),2021-08-19,8,Grain_Filling,27.3,87,0.9,3,18,42.9,19.9,77,5.03,6.0,10.0,0,0,1,1,0,0,1,Moderate
Bicholim,Cashew,2023-01-19,1,Fruit_Development,31.0,59,0.0,6,0,29.0,15.9,11,5.57,0.8,0.3,0,0,0,0,0,0,0,None
Dharbandora,Arecanut,2025-08-06,8,Harvest,26.4,95,53.8,1,3,82.4,17.7,82,5.25,6.2,7.1,0,0,0,1,0,0,1,Low
Salcete,Rice (Paddy),2024-04-09,4,Grain_Filling,37.1,69,0.0,17,0,17.3,16.8,18,5.63,0.0,0.7,1,0,0,0,0,0,1,Low
Dharbandora,Spices,2022-06-25,6,Pod_Development,26.2,88,4.2,0,14,61.9,21.7,75,5.23,5.2,10.0,0,0,0,1,0,0,1,Low
Tiswadi,Banana,2023-11-26,11,Finger_Filling,26.6,59,0.0,20,0,12.0,16.0,31,5.02,0.3,0.1,1,0,0,0,0,0,1,Low
Sanguem,Rice (Paddy),2022-06-09,6,Tillering,24.5,88,61.6,0,1,80.4,18.7,82,4.21,5.8,0.3,0,0,1,0,0,1,1,Moderate
Dharbandora,Arecanut,2024-03-29,3,Flowering,32.5,44,0.0,18,0,12.0,16.0,17,5.5,0.0,1.0,1,0,0,0,0,0,1,Low
Ponda,Spices,2025-09-19,9,Flowering,28.2,80,4.0,0,10,47.1,19.4,81,5.01,4.1,0.0,0,0,0,0,0,0,0,None
Quepem,Pineapple,2024-06-20,6,Harvest,27.5,81,30.2,0,6,63.7,20.3,100,5.24,3.6,0.0,0,0,0,0,0,0,0,None
Tiswadi,Coconut,2024-01-15,1,Nut_Development,29.4,71,0.0,16,0,12.0,13.7,13,5.99,0.0,0.2,1,0,0,0,0,0,1,Low
Sattari,Cashew,2025-12-25,12,Fruit_Development,30.7,79,0.0,8,0,38.3,13.4,23,5.74,3.2,0.8,0,0,0,0,0,0,0,None
Pernem,Coconut,2022-08-01,8,Vegetative,28.0,85,164.5,1,2,98.0,18.3,71,5.69,1.8,0.5,0,1,0,0,0,0,1,Low
Salcete,Rice (Paddy),2022-11-13,11,Tillering,26.7,67,0.0,10,0,27.2,14.0,37,5.57,0.0,0.1,0,0,0,0,0,0,0,None
Bardez,Mango,2022-07-11,7,Flowering,29.4,91,10.0,0,7,50.4,27.1,79,5.83,6.7,7.0,0,0,0,1,0,0,1,Low
Dharbandora,Rice (Paddy),2025-05-17,5,Seedling,33.0,60,0.0,15,0,12.0,16.6,34,6.24,1.2,0.0,1,0,0,1,0,0,1,Moderate
Bicholim,Rice (Paddy),2023-10-10,10,Seedling,27.0,89,28.3,2,3,56.4,29.7,79,5.46,5.2,3.3,0,0,0,0,0,0,0,None
Sanguem,Coconut,2022-10-08,10,Maturity,28.2,88,24.6,2,0,66.4,44.0,89,5.33,3.5,0.6,0,0,0,0,0,0,0,None
Mormugao,Pineapple,2023-03-07,3,Harvest,33.6,52,0.0,15,0,12.0,19.1,33,4.58,0.0,0.0,1,0,0,0,0,0,1,Low
Bicholim,Rice (Paddy),2023-11-18,11,Flowering,29.1,73,0.0,11,0,13.0,9.1,53,5.53,0.3,0.0,0,0,0,0,0,0,0,None
Bicholim,Rice (Paddy),2025-07-02,7,Grain_Filling,25.5,89,11.8,0,1,57.9,32.6,81,5.19,5.1,1.0,0,0,0,0,0,0,0,None
Mormugao,Cashew,2025-04-29,4,Dormant,31.5,69,0.0,15,0,15.7,17.5,8,5.59,0.0,0.9,1,0,0,0,0,0,1,Low
Tiswadi,Coconut,2024-09-25,9,Maturity,30.6,91,15.7,0,0,56.7,33.8,84,5.38,5.4,1.7,0,0,0,0,0,0,0,None
Tiswadi,Mango,2025-12-27,12,Flowering,27.2,64,0.0,18,0,12.0,10.4,25,5.71,0.0,1.2,1,0,0,0,0,0,1,Low
Bicholim,Spices,2024-09-16,9,Flowering,28.6,87,204.4,0,5,98.0,30.9,80,6.31,4.3,5.9,0,1,0,0,0,0,1,Low
Salcete,Rice (Paddy),2025-07-22,7,Grain_Filling,25.9,87,14.4,1,5,47.7,22.6,76,5.03,3.3,3.4,0,0,0,0,0,0,0,None
Dharbandora,Spices,2025-03-10,3,Flowering,36.5,47,4.8,15,1,12.3,19.0,39,5.58,0.0,0.0,1,0,0,0,1,0,1,Moderate
Canacona,Coconut,2024-10-03,10,Inflorescence,29.2,82,105.8,0,1,97.6,35.4,92,5.7,2.8,0.0,0,0,1,0,0,0,1,Low
Canacona,Cashew,2025-02-05,2,Flowering,27.9,66,0.0,12,0,21.5,13.2,10,4.31,0.0,0.0,0,0,0,0,0,1,1,Low
Bardez,Mango,2024-06-08,6,Flowering,23.8,85,0.4,0,4,52.3,23.1,79,5.06,0.0,3.6,0,0,0,0,0,0,0,None
Bardez,Coconut,2021-07-09,7,Vegetative,27.3,90,6.5,0,5,53.6,31.3,85,5.44,4.0,7.7,0,0,0,1,0,0,1,Low
Quepem,Banana,2024-06-02,6,Finger_Filling,29.6,86,23.8,0,0,61.1,18.3,77,5.88,3.0,1.0,0,0,1,0,0,0,1,Low
Canacona,Rice (Paddy),2024-11-09,11,Tillering,26.3,59,0.0,2,0,35.0,5.0,41,5.91,2.5,0.3,0,0,0,0,0,0,0,None
Bicholim,Rice (Paddy),2024-11-01,11,Tillering,31.5,76,0.0,11,0,24.2,22.6,23,5.91,1.1,0.0,0,0,0,0,0,0,0,None
Canacona,Rice (Paddy),2024-07-30,7,Grain_Filling,28.5,90,68.9,0,5,84.6,36.4,87,5.49,5.8,7.7,0,0,0,0,0,0,0,None
Mormugao,Rice (Paddy),2022-09-25,9,Tillering,26.0,88,24.8,4,5,51.8,25.5,90,5.32,3.2,7.8,0,0,0,1,0,0,1,Low
Dharbandora,Arecanut,2022-09-20,9,Harvest,25.0,99,30.2,1,4,71.9,35.4,96,5.54,7.5,7.8,0,0,1,1,0,0,1,Moderate
Ponda,Spices,2023-08-31,8,Vegetative,27.5,73,36.6,2,5,59.6,24.0,84,5.25,0.9,0.1,0,0,0,0,0,0,0,None
Tiswadi,Rice (Paddy),2025-11-04,11,Tillering,24.6,70,0.0,13,0,24.8,17.8,25,4.61,0.4,0.0,0,0,0,0,0,1,1,Low
Mormugao,Coconut,2024-07-06,7,Maturity,27.9,83,69.1,0,15,76.2,32.2,89,5.78,2.0,10.0,0,0,0,0,0,0,0,None
Mormugao,Rice (Paddy),2024-10-14,10,Tillering,28.8,86,8.6,1,2,55.7,22.9,83,4.9,3.8,0.1,0,0,0,0,0,0,0,None
Sattari,Rice (Paddy),2022-12-11,12,Tillering,31.8,73,0.0,20,0,15.1,17.6,38,4.88,0.0,0.0,1,0,0,0,0,0,1,Low
Canacona,Rice (Paddy),2025-01-19,1,Seedling,25.1,65,0.0,11,0,22.7,16.7,25,5.03,0.7,0.7,0,0,0,0,0,0,0,None
Tiswadi,Pineapple,2024-12-05,12,Fruit_Development,25.5,68,0.0,9,0,25.1,16.8,26,5.21,1.3,0.2,0,0,1,0,0,0,1,Low
Canacona,Coconut,2022-10-11,10,Vegetative,29.9,88,39.6,5,4,51.2,28.2,81,4.88,5.4,5.7,0,0,0,0,0,0,0,None
Sanguem,Rice (Paddy),2021-11-14,11,Seedling,30.8,60,0.0,9,0,27.0,9.5,28,6.21,0.0,0.0,0,1,0,0,0,0,1,Low
Bicholim,Spices,2025-08-28,8,Harvest,27.2,83,163.7,1,5,98.0,26.8,50,4.98,2.2,3.4,0,1,0,0,0,0,1,Low
Tiswadi,Coconut,2024-06-02,6,Nut_Development,26.8,84,102.7,1,3,94.2,37.1,64,6.02,4.4,3.2,0,0,0,0,0,0,0,None
Sattari,Cashew,2024-06-11,6,Flowering,29.4,100,22.3,0,1,67.8,29.1,100,5.73,7.6,0.0,0,0,1,0,0,0,1,Low
Salcete,Banana,2022-11-15,11,Harvest,33.9,60,0.0,20,0,12.0,16.3,21,5.15,0.3,0.0,1,0,0,0,0,0,1,Low
Salcete,Rice (Paddy),2022-10-26,10,Grain_Filling,27.5,100,29.8,0,0,75.1,29.9,66,5.91,7.2,1.3,0,0,1,0,0,0,1,Low
Tiswadi,Rice (Paddy),2024-10-29,10,Grain_Filling,26.5,83,2.6,0,9,53.1,14.0,93,5.98,7.2,5.9,0,0,1,1,0,0,1,Moderate
Canacona,Rice (Paddy),2025-08-23,8,Flowering,28.9,92,102.4,0,1,91.0,24.7,77,5.01,7.7,0.0,0,1,0,0,0,0,1,Low
Sattari,Rice (Paddy),2025-06-20,6,Seedling,30.4,88,43.9,3,0,61.2,32.9,94,5.53,5.5,0.0,0,0,0,0,0,0,0,None
Bicholim,Spices,2025-02-04,2,Vegetative,28.6,68,0.0,9,0,27.3,12.5,35,5.92,0.0,0.0,0,0,0,0,0,0,0,None
Quepem,Rice (Paddy),2024-06-10,6,Tillering,27.9,81,80.2,0,20,86.3,28.0,78,4.61,3.0,0.0,1,0,0,0,0,1,1,Moderate
Sanguem,Rice (Paddy),2025-09-12,9,Seedling,26.9,85,13.6,2,11,48.1,32.9,80,5.59,2.5,8.4,0,0,0,1,0,0,1,Low
Salcete,Rice (Paddy),2024-02-11,2,Seedling,25.6,73,0.0,12,0,20.2,6.2,51,4.9,1.0,0.0,0,0,0,0,0,0,0,None
Mormugao,Rice (Paddy),2025-03-01,3,Flowering,33.7,42,0.2,19,1,12.0,18.8,37,5.41,0.9,0.1,1,0,0,0,0,0,1,Low
Pernem,Spices,2022-03-18,3,Flowering,33.2,60,0.0,12,0,19.5,20.2,45,6.01,0.0,0.0,1,0,0,0,0,0,1,Low
Tiswadi,Rice (Paddy),2022-07-18,7,Seedling,23.1,88,83.8,7,4,73.5,14.5,73,5.49,0.3,4.1,0,0,0,0,0,0,0,None
Bardez,Mango,2024-07-15,7,Vegetative,26.2,79,21.1,0,0,56.6,43.0,70,5.43,1.5,0.0,0,0,0,0,0,0,0,None
Salcete,Cashew,2025-03-14,3,Flowering,37.6,56,0.0,16,0,12.2,15.0,49,5.84,0.9,0.8,1,0,0,0,0,0,1,Low
Bicholim,Cashew,2024-11-10,11,Fruit_Development,29.5,72,0.0,15,0,18.5,9.8,52,5.53,0.3,0.3,1,0,0,0,0,0,1,Low
Sanguem,Cashew,2024-11-11,11,Flowering,28.4,62,0.0,10,0,23.7,12.8,10,6.11,1.1,0.0,0,0,0,0,0,0,0,None
Tiswadi,Spices,2024-02-11,2,Vegetative,27.5,74,0.0,11,0,29.4,15.4,21,4.66,0.0,0.2,0,0,0,0,0,0,0,None
Dharbandora,Spices,2025-06-25,6,Flowering,22.8,97,25.8,0,4,63.0,24.8,70,4.41,1.9,7.8,0,0,0,1,0,1,1,Moderate
Quepem,Rice (Paddy),2025-07-07,7,Tillering,28.6,95,2.6,2,2,52.4,29.1,84,6.0,5.5,0.0,0,0,0,0,0,0,0,None
Mormugao,Pineapple,2023-08-10,8,Fruit_Development,23.0,79,48.0,0,1,66.1,20.0,66,5.12,1.0,0.0,0,0,0,0,0,0,0,None
Ponda,Rice (Paddy),2024-01-10,1,Tillering,25.9,66,6.2,24,1,12.0,12.4,19,5.83,2.0,1.7,1,0,0,0,0,0,1,Low
Bicholim,Rice (Paddy),2022-11-30,11,Grain_Filling,29.4,85,4.0,13,1,30.6,16.9,27,5.33,3.2,0.0,0,0,0,0,0,0,0,None
Salcete,Rice (Paddy),2021-04-23,4,Tillering,36.7,75,0.0,19,0,12.0,11.0,28,5.16,0.0,0.0,1,0,0,0,0,0,1,Low
Pernem,Mango,2021-01-02,1,Maturity,28.6,68,0.0,7,0,41.2,17.0,10,5.4,0.2,0.0,0,0,0,0,0,0,0,None
Sattari,Cashew,2022-10-04,10,Harvest,30.7,86,44.2,1,17,70.9,18.0,61,5.54,3.9,10.0,0,0,1,1,0,0,1,Moderate
Canacona,Arecanut,2021-08-08,8,Harvest,26.5,95,33.2,0,0,63.5,17.6,86,5.36,6.2,2.0,0,0,0,0,0,0,0,None
Sanguem,Rice (Paddy),2025-05-09,5,Seedling,33.4,61,0.0,25,0,12.0,16.5,18,6.04,0.0,1.0,1,0,0,0,0,0,1,Low
Bicholim,Banana,2023-05-05,5,Finger_Filling,34.7,68,0.0,22,0,12.0,13.0,5,6.05,1.1,0.0,1,0,0,0,0,0,1,Low
Mormugao,Coconut,2025-10-26,10,Vegetative,27.7,85,26.2,7,7,43.0,26.1,87,5.18,2.1,6.8,0,0,0,1,0,0,1,Low
Tiswadi,Coconut,2024-06-02,6,Nut_Development,28.9,90,57.4,2,10,70.8,18.3,79,4.63,4.6,10.0,0,0,0,1,0,0,1,Low
Bicholim,Rice (Paddy),2022-01-20,1,Flowering,32.0,78,0.0,9,0,26.4,10.6,26,5.41,4.4,2.0,0,0,0,0,0,0,0,None
Mormugao,Rice (Paddy),2024-11-27,11,Tillering,30.4,64,0.0,2,0,39.2,10.6,47,5.05,1.2,0.0,0,0,0,0,0,0,0,None
Salcete,Banana,2025-07-20,7,Harvest,29.2,88,21.1,0,5,60.9,24.8,72,5.56,4.8,5.3,0,0,0,0,0,0,0,None
Pernem,Cashew,2024-02-28,2,Dormant,29.8,61,0.0,8,0,21.5,5.0,30,4.9,0.1,0.3,1,0,0,0,0,0,1,Low
Dharbandora,Rice (Paddy),2023-12-13,12,Flowering,28.1,69,0.0,12,0,23.6,15.3,50,4.51,0.8,0.1,0,0,0,0,0,1,1,Low
Bardez,Cashew,2025-09-04,9,Flowering,28.6,81,22.8,0,10,62.0,21.3,89,5.41,4.2,0.0,0,0,0,0,0,0,0,None
Tiswadi,Rice (Paddy),2022-12-31,12,Tillering,25.9,72,0.0,5,0,39.5,11.6,43,5.95,0.0,0.0,0,0,0,0,0,0,0,None
Bicholim,Rice (Paddy),2025-08-23,8,Grain_Filling,29.2,79,48.1,4,2,55.1,43.5,83,5.44,1.2,0.0,0,0,0,0,0,0,0,None
Ponda,Rice (Paddy),2025-09-30,9,Tillering,27.9,84,7.8,1,6,46.6,17.9,75,6.12,5.0,4.4,0,0,0,0,0,0,0,None
Mormugao,Rice (Paddy),2024-12-10,12,Grain_Filling,29.5,61,0.0,12,0,12.9,21.0,22,5.34,0.0,1.8,0,0,0,0,0,0,0,None
Canacona,Rice (Paddy),2021-09-04,9,Grain_Filling,28.7,89,13.2,0,0,59.8,28.8,100,5.7,7.5,0.0,0,0,1,0,0,0,1,Low
Tiswadi,Coconut,2023-04-16,4,Nut_Development,31.5,57,0.0,5,0,27.2,18.0,34,5.13,0.3,0.0,0,0,0,0,0,0,0,None
Bicholim,Rice (Paddy),2025-01-02,1,Grain_Filling,31.4,57,0.0,10,0,19.6,11.4,10,5.1,0.0,0.0,0,0,0,0,0,0,0,None
Sattari,Pineapple,2021-07-22,7,Vegetative,26.7,83,113.0,0,11,98.0,43.6,91,4.99,3.4,8.4,0,0,0,0,0,0,0,None
Dharbandora,Rice (Paddy),2024-04-22,4,Tillering,35.0,59,0.0,24,0,12.0,13.3,37,5.54,2.5,0.0,0,0,0,0,0,0,0,None
Salcete,Cashew,2021-05-03,5,Fruit_Development,32.1,63,0.0,20,0,12.0,13.3,34,5.61,0.0,1.1,1,0,0,0,0,0,1,Low
Sanguem,Cashew,2022-02-05,2,Flowering,29.0,67,0.0,15,0,21.2,14.7,45,5.58,0.0,0.0,1,0,0,0,0,0,1,Low
Bardez,Cashew,2023-02-06,2,Flowering,30.5,75,0.0,10,0,22.4,10.7,52,5.29,2.6,0.0,0,0,0,0,0,0,0,None
Sanguem,Cashew,2021-10-21,10,Fruit_Development,21.4,88,7.4,0,7,52.0,32.3,85,5.52,0.1,8.6,0,0,0,1,0,0,1,Low
Ponda,Arecanut,2021-10-07,10,Harvest,25.5,93,4.9,1,3,51.4,25.0,99,4.88,5.7,5.6,0,0,0,0,0,0,0,None
Bicholim,Rice (Paddy),2023-06-03,6,Seedling,25.1,87,19.6,0,8,67.7,16.2,100,5.45,5.1,6.0,0,0,0,0,0,0,0,None
Tiswadi,Arecanut,2025-06-22,6,Vegetative,26.3,91,86.2,2,4,85.7,31.8,91,5.36,6.6,5.7,0,0,0,0,0,0,0,None
Quepem,Rice (Paddy),2021-07-17,7,Flowering,26.8,88,66.2,3,2,76.8,28.2,100,6.52,4.8,0.0,0,0,0,1,0,0,1,Low
Sanguem,Rice (Paddy),2023-09-09,9,Tillering,27.7,79,57.1,1,0,70.8,43.8,77,5.48,4.3,0.5,0,0,0,0,0,0,0,None
Canacona,Cashew,2025-03-15,3,Dormant,35.8,44,0.0,11,0,13.0,21.9,21,5.64,0.0,0.3,1,0,0,0,0,0,1,Low
Quepem,Pineapple,2023-01-22,1,Harvest,28.2,85,0.0,15,0,18.4,8.9,47,5.25,4.4,0.7,1,0,0,0,0,0,1,Low
Ponda,Rice (Paddy),2021-05-24,5,Seedling,34.9,55,0.0,15,0,12.2,21.5,17,5.3,0.0,0.0,1,0,0,0,0,0,1,Low
Sattari,Arecanut,2022-09-01,9,Vegetative,27.6,90,108.2,0,6,98.0,18.2,83,5.73,3.5,6.8,1,0,0,1,0,0,1,Moderate
Bicholim,Rice (Paddy),2024-05-09,5,Grain_Filling,31.6,57,0.0,19,0,12.0,13.0,21,5.33,0.0,2.7,1,0,0,0,0,0,1,Low
Quepem,Pineapple,2024-02-22,2,Harvest,30.8,79,0.0,12,0,30.6,19.5,14,5.36,3.0,0.0,0,0,0,0,0,0,0,None
Pernem,Cashew,2021-07-06,7,Harvest,23.2,86,162.5,0,4,98.0,28.3,67,5.0,0.0,3.4,0,1,0,0,0,0,1,Low
Dharbandora,Arecanut,2024-09-11,9,Harvest,27.6,76,75.3,0,2,71.9,47.4,80,5.12,4.0,1.2,0,0,0,0,0,0,0,None
Salcete,Coconut,2022-04-09,4,Inflorescence,37.3,53,0.0,22,0,12.0,9.3,5,6.41,0.0,0.0,1,0,0,0,1,0,1,Moderate
Salcete,Rice (Paddy),2024-10-04,10,Grain_Filling,30.6,91,1.4,3,0,50.1,14.5,80,5.42,7.3,0.2,0,0,1,0,0,0,1,Low
Pernem,Cashew,2025-11-30,11,Flowering,26.6,58,0.0,9,0,20.9,16.2,55,5.93,1.2,0.3,1,0,0,0,0,0,1,Low
Sattari,Mango,2022-10-22,10,Flowering,29.5,88,4.5,2,1,44.9,17.7,65,5.26,6.2,0.0,0,0,0,0,0,0,0,None
Sanguem,Rice (Paddy),2023-02-03,2,Grain_Filling,25.3,60,0.0,11,0,20.4,13.6,59,5.8,0.0,1.2,0,0,0,0,0,0,0,None
Pernem,Coconut,2023-08-13,8,Vegetative,29.3,100,78.4,0,0,92.3,20.6,72,5.64,7.9,0.0,0,0,1,0,0,0,1,Low
Sattari,Banana,2022-02-07,2,Finger_Filling,31.2,83,0.0,16,0,16.2,19.0,44,5.18,3.6,0.0,1,0,0,0,0,0,1,Low
Canacona,Coconut,2024-10-01,10,Inflorescence,26.8,93,5.6,0,4,50.9,21.9,84,5.59,5.6,7.0,0,0,0,1,0,0,1,Low
Sattari,Rice (Paddy),2025-03-15,3,Flowering,31.9,61,0.0,22,0,12.0,23.2,32,5.6,1.2,0.0,1,0,0,0,0,0,1,Low
Ponda,Arecanut,2021-05-27,5,Harvest,32.2,46,0.0,24,0,12.0,15.3,17,5.47,1.1,0.5,1,0,0,0,0,0,1,Low
Sattari,Cashew,2024-03-17,3,Harvest,34.5,64,0.0,15,0,12.0,13.5,40,5.17,0.7,1.4,1,0,0,0,0,0,1,Low
Bicholim,Cashew,2023-05-14,5,Harvest,34.8,50,0.0,23,0,12.0,15.4,13,5.33,0.0,0.1,1,0,0,0,0,0,1,Low
Sanguem,Rice (Paddy),2025-10-01,10,Flowering,27.1,80,20.5,4,0,47.9,31.1,78,5.24,3.0,0.2,0,0,0,0,0,0,0,None
Pernem,Cashew,2022-05-04,5,Dormant,32.4,50,0.0,19,0,12.0,18.0,16,6.34,0.0,0.0,1,0,0,0,0,0,1,Low
Tiswadi,Coconut,2023-07-18,7,Inflorescence,28.4,83,194.5,3,16,98.0,13.9,100,6.07,4.6,10.0,1,1,0,0,0,0,1,Moderate
Sanguem,Cashew,2025-07-22,7,Flowering,26.7,75,62.5,0,5,76.4,22.7,88,5.63,3.9,0.0,0,0,0,0,0,0,0,None
Sattari,Arecanut,2022-07-05,7,Flowering,28.1,75,2.3,1,6,42.8,22.9,66,5.13,3.1,0.8,0,0,0,0,0,0,0,None
Bardez,Coconut,2021-12-04,12,Nut_Development,26.5,73,0.0,21,0,13.9,13.7,62,5.95,0.0,0.0,1,0,0,0,0,0,1,Low
Mormugao,Coconut,2023-05-22,5,Nut_Development,32.6,50,0.0,18,0,12.0,20.5,33,4.66,0.0,0.0,1,0,0,0,0,0,1,Low
Mormugao,Coconut,2022-10-03,10,Nut_Development,25.0,97,23.1,4,3,58.1,27.9,79,5.53,7.0,5.5,0,0,1,0,0,0,1,Low
Sattari,Rice (Paddy),2025-12-08,12,Flowering,28.4,59,0.0,9,0,21.6,5.2,39,5.25,0.0,0.0,0,0,0,1,0,0,1,Low
Salcete,Coconut,2022-04-18,4,Vegetative,39.3,50,0.0,16,0,12.0,22.5,26,5.68,1.1,0.0,1,0,0,0,1,0,1,Moderate
Quepem,Banana,2021-05-31,5,Bunch_Emergence,32.6,60,6.8,13,1,16.5,8.1,40,5.98,0.7,2.5,0,0,0,0,0,0,0,None
Tiswadi,Coconut,2024-12-09,12,Vegetative,30.2,72,0.0,13,0,25.5,13.4,44,6.05,0.0,0.0,0,0,0,0,0,0,0,None
Salcete,Pineapple,2024-08-14,8,Inflorescence,25.7,94,15.2,0,1,55.6,21.4,72,5.53,2.6,0.0,1,0,0,0,0,0,1,Low
Canacona,Coconut,2025-06-23,6,Maturity,27.1,84,31.8,1,1,66.0,36.9,72,5.8,3.7,0.0,0,0,0,0,0,0,0,None
Tiswadi,Rice (Paddy),2021-09-20,9,Tillering,27.1,89,8.0,0,17,57.1,32.6,100,5.38,4.8,10.0,0,0,0,1,0,0,1,Low
Sattari,Rice (Paddy),2025-11-23,11,Seedling,30.0,85,0.0,2,0,50.1,18.6,28,6.0,3.6,0.0,0,0,0,0,0,0,0,None
Salcete,Coconut,2021-05-24,5,Nut_Development,35.5,40,0.0,10,0,17.7,20.6,25,5.37,0.0,0.0,1,0,0,0,0,0,1,Low
Sanguem,Cashew,2021-12-12,12,Flowering,29.4,57,0.0,7,0,28.0,9.3,13,5.48,1.3,0.0,0,0,0,1,0,0,1,Low
Mormugao,Coconut,2022-09-16,9,Maturity,26.2,73,5.8,0,7,49.1,29.7,100,4.89,0.0,0.0,1,0,0,0,0,0,1,Low
Bicholim,Cashew,2023-10-14,10,Dormant,22.1,87,8.6,0,6,47.6,27.9,78,5.53,0.0,6.5,0,0,0,1,0,0,1,Low
Quepem,Pineapple,2025-05-15,5,Fruit_Development,32.5,61,0.0,21,0,12.0,21.5,15,6.38,0.6,0.9,1,0,1,0,0,0,1,Moderate
Ponda,Spices,2023-05-31,5,Vegetative,30.6,57,0.0,30,0,12.0,10.6,20,5.39,0.0,0.0,1,0,0,1,0,0,1,Moderate
Pernem,Cashew,2021-01-02,1,Harvest,28.1,73,0.0,6,0,39.0,23.6,31,5.5,0.7,1.0,0,0,0,0,0,0,0,None
Bardez,Mango,2023-06-16,6,Flowering,28.9,84,12.4,0,0,54.8,39.1,53,5.06,4.0,1.9,0,0,0,0,0,0,0,None
Bicholim,Rice (Paddy),2024-08-20,8,Seedling,27.3,80,12.2,0,15,58.4,33.7,88,5.3,3.6,0.3,0,0,0,0,0,0,0,None
Dharbandora,Arecanut,2021-09-11,9,Vegetative,29.6,84,7.4,7,4,36.5,13.8,82,5.77,2.1,4.3,0,0,0,0,0,0,0,None
Ponda,Coconut,2025-08-03,8,Nut_Development,27.3,83,30.9,0,1,65.0,17.4,66,5.17,3.1,0.9,0,0,0,0,0,0,0,None
Canacona,Rice (Paddy),2022-03-29,3,Seedling,32.6,35,5.3,20,1,12.0,21.4,45,5.13,2.0,0.0,1,0,0,0,0,0,1,Low
Mormugao,Coconut,2023-11-27,11,Inflorescence,28.5,75,0.0,18,0,12.8,14.3,35,5.71,1.1,1.0,1,0,0,0,0,0,1,Low
Bardez,Coconut,2024-03-29,3,Nut_Development,31.7,75,0.0,12,0,20.9,22.2,21,4.99,0.0,1.7,0,0,0,0,0,0,0,None
Mormugao,Cashew,2023-10-12,10,Harvest,25.5,87,23.5,0,11,62.9,24.9,91,5.39,4.8,9.5,0,0,0,1,0,0,1,Low
Bardez,Mango,2021-01-09,1,Flowering,26.6,70,0.0,20,0,12.0,22.1,21,5.8,0.0,0.0,1,1,0,1,0,0,1,High
Pernem,Mango,2024-06-10,6,Maturity,27.5,100,106.5,2,1,95.8,18.9,73,6.16,7.1,0.0,0,0,1,0,0,0,1,Low
Bicholim,Rice (Paddy),2024-01-28,1,Grain_Filling,29.0,71,0.0,10,0,27.4,18.7,52,5.43,0.5,1.1,0,0,0,0,0,0,0,None
Mormugao,Rice (Paddy),2025-08-10,8,Grain_Filling,23.1,81,253.4,0,0,98.0,18.7,87,6.21,0.0,0.0,0,1,0,0,0,0,1,Low
Bardez,Coconut,2023-03-27,3,Inflorescence,32.6,61,0.0,15,0,12.0,13.4,37,5.16,1.9,0.0,1,0,0,0,0,0,1,Low
Bicholim,Arecanut,2021-07-27,7,Vegetative,28.2,79,18.5,0,4,55.5,31.3,80,5.73,1.6,0.0,0,0,0,0,0,0,0,None
Quepem,Cashew,2024-02-29,2,Fruit_Development,28.1,67,0.0,11,0,17.8,16.4,35,5.98,0.0,0.1,0,0,0,0,0,0,0,None
Canacona,Spices,2022-02-08,2,Harvest,28.4,77,0.0,9,0,34.6,12.1,15,5.98,3.2,0.0,0,0,0,0,0,0,0,None
Quepem,Cashew,2021-06-01,6,Flowering,29.7,95,16.2,0,1,53.5,17.0,69,5.44,8.9,2.7,0,0,1,0,0,0,1,Low
Sanguem,Cashew,2021-02-23,2,Flowering,29.2,68,0.0,5,0,33.0,14.8,27,6.94,0.1,0.0,0,0,0,0,0,0,0,None
Mormugao,Banana,2024-02-18,2,Bunch_Emergence,27.4,81,0.0,5,0,36.7,12.8,54,4.84,2.3,0.0,0,0,0,0,0,0,0,None
Sattari,Rice (Paddy),2025-08-24,8,Flowering,31.7,79,31.7,0,9,55.5,33.1,80,5.1,3.2,0.0,0,0,0,1,0,0,1,Low
Salcete,Cashew,2022-09-20,9,Flowering,28.9,97,32.7,6,6,59.2,29.9,100,6.41,3.9,8.2,0,0,0,1,0,0,1,Low
Sanguem,Rice (Paddy),2022-08-10,8,Tillering,30.0,79,8.3,5,2,40.4,20.5,88,5.87,5.1,0.0,0,0,0,0,0,0,0,None
Dharbandora,Spices,2025-07-07,7,Flowering,28.0,83,15.3,2,20,54.1,10.6,94,4.88,2.9,10.0,0,1,0,0,0,0,1,Low
Pernem,Mango,2024-12-14,12,Fruit_Setting,30.6,45,1.2,17,1,12.0,21.8,49,6.12,0.0,0.7,1,0,0,0,0,0,1,Low
Sattari,Arecanut,2024-12-16,12,Harvest,30.9,61,0.0,23,0,12.0,20.6,21,5.63,1.1,0.0,1,0,0,0,0,0,1,Low
Dharbandora,Arecanut,2021-04-14,4,Vegetative,36.8,65,0.2,5,1,34.6,10.6,34,5.91,0.0,0.8,0,0,0,0,0,0,0,None
Tiswadi,Rice (Paddy),2021-09-11,9,Seedling,27.1,87,4.4,2,0,48.7,33.9,69,5.89,5.2,0.0,0,0,0,0,0,0,0,None
Canacona,Coconut,2024-06-04,6,Inflorescence,29.6,84,24.5,1,0,56.8,32.3,90,5.23,3.2,0.0,0,0,0,0,0,0,0,None
Salcete,Banana,2024-02-10,2,Finger_Filling,30.1,66,0.0,15,0,19.7,17.9,10,5.59,0.0,0.3,1,0,0,0,0,0,1,Low
Mormugao,Rice (Paddy),2022-05-25,5,Grain_Filling,34.1,63,0.0,22,0,12.0,19.3,14,4.47,1.4,0.0,1,0,0,0,0,0,1,Low
Bardez,Coconut,2025-02-05,2,Vegetative,33.2,67,0.0,10,0,17.9,19.3,45,5.11,1.3,0.0,1,0,0,0,0,0,1,Low
Dharbandora,Arecanut,2021-04-09,4,Harvest,35.5,34,0.0,30,0,12.0,13.1,54,5.21,0.0,0.9,1,0,0,0,0,0,1,Low
Ponda,Rice (Paddy),2021-06-02,6,Grain_Filling,24.0,89,60.7,1,5,71.2,8.0,82,6.17,7.5,5.8,0,0,1,0,0,0,1,Low
Salcete,Cashew,2023-07-03,7,Harvest,29.7,91,64.5,0,5,82.2,16.6,77,4.7,4.5,5.6,0,0,0,0,0,0,0,None
Bicholim,Cashew,2023-05-28,5,Dormant,37.9,71,0.0,22,0,12.0,13.7,26,5.64,0.0,0.2,1,0,0,0,0,0,1,Low
Ponda,Arecanut,2021-12-04,12,Harvest,29.0,56,0.0,11,0,12.0,14.6,17,5.48,0.0,1.1,0,0,0,0,0,0,0,None
Bardez,Cashew,2025-09-26,9,Flowering,26.9,87,16.2,1,12,49.1,18.5,87,5.51,6.0,9.9,0,0,1,1,0,0,1,Moderate
Dharbandora,Arecanut,2023-04-02,4,Flowering,33.4,58,0.0,12,0,18.5,14.8,20,5.42,1.5,0.0,1,0,0,0,0,0,1,Low
Mormugao,Rice (Paddy),2024-04-01,4,Flowering,33.1,46,0.0,11,0,18.3,12.2,11,5.13,0.0,0.0,1,0,0,0,0,0,1,Low
Bardez,Cashew,2025-10-10,10,Dormant,26.6,82,15.0,1,5,48.6,18.9,100,4.96,3.3,4.0,0,0,0,0,0,0,0,None
Sanguem,Rice (Paddy),2023-08-15,8,Grain_Filling,29.9,99,39.7,1,7,64.5,30.5,84,6.34,8.9,10.0,1,0,1,0,0,0,1,Moderate
Tiswadi,Rice (Paddy),2025-09-01,9,Flowering,30.8,88,6.1,0,6,50.3,16.8,79,4.82,4.1,7.6,0,0,0,1,0,0,1,Low
Mormugao,Rice (Paddy),2021-06-10,6,Tillering,27.5,100,183.3,0,0,98.0,12.4,71,5.81,7.4,0.0,0,1,1,0,0,0,1,Moderate
Mormugao,Coconut,2025-05-23,5,Nut_Development,35.7,61,25.8,21,1,16.7,20.7,29,5.26,0.0,0.0,1,0,0,0,0,0,1,Low
Quepem,Cashew,2023-03-12,3,Fruit_Development,35.3,56,0.0,12,0,20.5,18.7,31,4.77,2.5,0.0,1,0,0,0,0,1,1,Moderate
Dharbandora,Spices,2022-02-02,2,Pod_Development,28.2,73,0.5,2,1,42.6,18.7,52,5.3,0.5,2.3,0,0,0,0,0,0,0,None
Sattari,Cashew,2024-07-24,7,Fruit_Development,24.0,80,47.1,0,0,66.9,23.4,86,5.46,2.7,0.3,0,0,0,0,0,0,0,None
Bardez,Spices,2023-03-27,3,Flowering,33.2,60,0.0,10,0,24.4,16.5,16,5.32,1.6,0.0,1,0,0,0,0,0,1,Low
Dharbandora,Spices,2025-03-08,3,Flowering,33.9,51,0.0,14,0,12.0,10.1,24,6.35,0.0,0.0,1,0,0,0,0,0,1,Low
Tiswadi,Cashew,2024-11-16,11,Flowering,28.2,62,0.0,21,0,12.0,12.7,10,5.84,1.0,0.0,1,0,0,0,0,0,1,Low
Dharbandora,Banana,2024-03-04,3,Shooting,33.1,51,1.4,25,1,12.0,17.3,30,5.28,0.0,0.0,1,0,0,0,0,0,1,Low
Canacona,Cashew,2024-05-03,5,Fruit_Development,34.5,75,12.0,13,1,25.6,17.9,25,5.46,1.1,0.0,1,0,0,0,0,0,1,Low
Sattari,Cashew,2022-02-05,2,Dormant,30.3,69,0.0,11,0,22.7,18.6,23,4.73,0.0,1.3,0,0,0,0,0,0,0,None
Canacona,Spices,2022-10-02,10,Flowering,28.7,87,21.8,0,8,58.0,28.6,78,4.83,2.9,6.0,0,0,0,0,0,0,0,None
Tiswadi,Rice (Paddy),2023-11-23,11,Tillering,30.9,55,0.0,6,0,27.0,18.5,34,5.94,0.0,0.0,0,0,0,0,0,0,0,None
Pernem,Banana,2022-11-19,11,Bunch_Emergence,28.4,58,1.1,19,1,14.5,11.0,31,5.73,0.0,0.0,1,0,0,0,0,0,1,Low
Dharbandora,Arecanut,2022-04-05,4,Harvest,35.7,66,0.0,22,0,12.0,15.8,7,5.88,0.4,0.0,1,0,0,0,0,0,1,Low
Sattari,Arecanut,2023-08-13,8,Nut_Formation,24.2,83,40.1,3,2,55.8,28.5,100,5.22,3.9,0.9,0,0,0,0,0,0,0,None
Sattari,Mango,2022-04-15,4,Maturity,34.5,50,0.0,13,0,12.0,23.5,20,5.47,1.8,0.0,1,0,0,0,0,0,1,Low
Bicholim,Pineapple,2024-10-30,10,Inflorescence,28.3,86,20.7,3,2,55.0,17.5,88,5.34,3.3,0.0,0,0,0,0,0,0,0,None
Sattari,Arecanut,2023-11-12,11,Flowering,32.0,51,0.0,12,0,12.0,19.8,38,5.22,0.0,0.0,0,0,0,0,0,0,0,None
Salcete,Cashew,2023-01-20,1,Fruit_Development,29.1,75,0.0,5,0,31.5,14.1,28,5.68,2.6,0.5,0,0,0,0,0,0,0,None
Sattari,Spices,2025-08-21,8,Harvest,27.5,87,43.5,0,1,66.8,30.8,66,5.3,6.1,1.0,0,0,0,0,0,0,0,None
Sattari,Arecanut,2021-02-07,2,Harvest,31.0,73,0.0,9,0,29.7,19.3,31,6.2,0.0,1.6,0,0,0,0,0,0,0,None
Bicholim,Cashew,2021-08-18,8,Harvest,26.2,94,2.3,4,2,43.8,17.2,84,5.72,5.4,0.0,0,0,0,0,0,0,0,None
Canacona,Cashew,2024-10-20,10,Dormant,25.9,97,69.6,0,7,83.0,10.4,82,5.76,7.8,8.2,0,0,1,1,0,0,1,Moderate
Dharbandora,Rice (Paddy),2022-07-17,7,Seedling,30.7,81,175.1,1,7,98.0,26.0,80,4.65,6.9,0.5,0,1,1,0,0,0,1,Moderate
Sanguem,Cashew,2022-03-14,3,Flowering,36.1,73,0.0,22,0,12.0,16.1,41,5.76,0.0,0.1,1,0,0,0,0,0,1,Low
Pernem,Spices,2025-12-05,12,Harvest,29.3,69,0.0,16,0,18.4,9.7,47,5.48,0.0,1.2,1,0,0,0,0,0,1,Low
Pernem,Cashew,2024-07-30,7,Dormant,26.7,95,56.3,1,5,73.5,28.0,97,5.38,4.4,7.9,0,0,0,1,0,0,1,Low
Ponda,Pineapple,2021-01-27,1,Vegetative,26.0,77,0.5,8,1,39.4,16.8,44,5.16,1.2,0.0,0,0,0,0,0,0,0,None
Sattari,Rice (Paddy),2021-08-14,8,Grain_Filling,27.3,89,139.8,2,1,98.0,35.4,80,5.84,6.5,0.3,0,0,1,1,0,0,1,Moderate
Bardez,Coconut,2024-07-24,7,Vegetative,26.4,89,151.9,1,4,98.0,25.2,83,5.56,4.0,3.9,0,1,0,0,0,0,1,Low
Bicholim,Rice (Paddy),2023-03-09,3,Seedling,34.3,42,0.0,21,0,12.0,21.3,41,5.87,0.4,0.0,1,0,0,0,0,0,1,Low
Sanguem,Rice (Paddy),2025-06-21,6,Grain_Filling,25.0,94,11.8,0,1,66.4,30.9,50,5.47,4.8,0.0,0,0,0,0,0,0,0,None
Bicholim,Coconut,2021-10-11,10,Vegetative,28.8,92,78.9,0,2,85.5,39.5,92,4.99,6.3,0.0,0,0,0,0,0,0,0,None
Salcete,Rice (Paddy),2023-05-29,5,Tillering,34.9,59,0.0,8,0,28.8,6.5,35,5.31,1.6,0.0,0,0,0,0,0,0,0,None
Salcete,Rice (Paddy),2023-08-18,8,Grain_Filling,23.5,95,12.5,3,6,55.3,24.3,95,5.32,0.7,8.7,0,0,0,1,0,0,1,Low
Quepem,Rice (Paddy),2025-02-13,2,Tillering,32.5,62,3.6,9,1,28.3,17.5,39,5.73,0.9,0.0,0,0,0,0,0,0,0,None
Dharbandora,Spices,2022-03-29,3,Flowering,33.1,75,1.8,18,1,22.2,14.4,22,4.89,0.0,0.0,1,0,0,0,0,0,1,Low
Canacona,Cashew,2023-10-17,10,Fruit_Development,26.4,76,85.0,2,11,79.8,18.4,81,6.41,3.0,0.0,0,1,0,0,0,0,1,Low
Sattari,Cashew,2023-03-27,3,Dormant,35.8,69,0.0,15,0,21.3,13.7,18,5.23,0.0,1.1,1,0,0,0,0,0,1,Low
Ponda,Rice (Paddy),2022-10-21,10,Flowering,30.0,80,10.2,0,3,52.3,21.5,73,6.25,3.7,0.0,0,0,1,0,0,0,1,Low
Canacona,Cashew,2025-03-20,3,Fruit_Development,32.3,74,0.0,17,0,12.0,15.8,13,5.9,0.5,0.0,1,0,0,0,0,0,1,Low
Ponda,Mango,2022-07-01,7,Flowering,27.9,96,31.3,3,1,62.1,25.0,85,5.23,7.8,0.0,0,0,1,0,0,0,1,Low
Dharbandora,Spices,2024-04-30,4,Pod_Development,32.6,55,0.0,17,0,12.0,15.2,37,5.39,0.0,0.0,1,0,0,0,0,0,1,Low
Mormugao,Rice (Paddy),2023-12-09,12,Tillering,28.3,83,0.0,19,0,14.8,19.4,15,5.37,4.1,0.3,1,1,0,0,0,0,1,Moderate
Mormugao,Coconut,2025-03-16,3,Vegetative,32.1,43,0.0,22,0,12.0,18.3,8,5.91,1.6,0.8,1,0,0,0,0,0,1,Low
Canacona,Rice (Paddy),2021-01-17,1,Tillering,30.2,78,0.0,7,0,38.4,19.2,36,5.42,2.5,0.9,0,0,0,0,0,0,0,None
Mormugao,Coconut,2024-04-10,4,Inflorescence,36.2,45,1.8,7,1,28.9,7.1,25,5.0,0.0,0.0,0,0,0,0,0,0,0,None
Bicholim,Rice (Paddy),2024-05-28,5,Grain_Filling,36.2,53,3.5,24,1,12.0,17.2,25,5.92,1.5,0.0,1,0,0,0,0,0,1,Low
Pernem,Cashew,2021-06-07,6,Dormant,26.3,83,35.5,0,4,70.3,29.4,84,5.4,4.2,4.3,0,0,0,0,0,0,0,None
Sattari,Mango,2022-04-22,4,Flowering,37.5,56,0.0,23,0,12.0,19.0,31,5.47,1.0,0.0,1,0,0,0,0,0,1,Low
Sanguem,Mango,2023-12-06,12,Fruit_Setting,28.4,72,0.0,12,0,34.1,5.8,31,5.73,0.0,0.2,0,0,1,0,0,0,1,Low
Canacona,Rice (Paddy),2024-10-28,10,Grain_Filling,24.8,91,13.9,1,2,55.9,23.7,63,5.07,3.9,1.3,0,0,0,1,0,0,1,Low
Salcete,Rice (Paddy),2022-06-02,6,Flowering,27.2,94,25.7,0,4,67.2,36.8,75,5.62,5.7,5.7,0,0,0,0,0,0,0,None
Dharbandora,Spices,2021-04-09,4,Harvest,34.8,38,0.0,25,0,12.0,17.5,5,5.46,0.1,0.0,1,0,0,0,0,0,1,Low
Sattari,Arecanut,2025-11-04,11,Nut_Formation,28.3,65,0.0,12,0,29.5,16.9,49,6.39,0.1,0.0,0,0,0,0,0,0,0,None
Salcete,Coconut,2023-11-27,11,Nut_Development,31.7,63,0.0,12,0,16.8,18.9,37,5.12,0.0,1.0,0,0,0,0,0,0,0,None
Bardez,Coconut,2021-10-07,10,Vegetative,28.6,91,15.8,2,0,56.3,28.2,81,5.1,6.2,0.0,0,0,0,0,0,0,0,None
Canacona,Cashew,2024-10-04,10,Flowering,24.5,96,6.8,0,1,50.4,27.3,91,5.73,6.5,0.8,0,0,1,0,0,0,1,Low
Sanguem,Rice (Paddy),2022-05-12,5,Tillering,39.3,56,0.0,17,0,12.0,21.3,17,4.93,0.8,0.9,1,0,0,0,1,0,1,Moderate
Tiswadi,Rice (Paddy),2021-10-29,10,Flowering,27.3,89,15.7,0,0,56.7,21.2,92,4.89,5.8,2.5,0,0,0,1,0,0,1,Low
Sanguem,Rice (Paddy),2021-06-30,6,Grain_Filling,29.1,93,86.5,1,0,87.2,32.8,96,5.63,5.2,0.0,0,0,0,0,0,0,0,None
Dharbandora,Spices,2022-08-30,8,Pod_Development,29.7,86,33.5,2,4,59.2,27.2,97,4.57,3.1,4.4,0,0,0,0,0,0,0,None
Ponda,Arecanut,2024-01-28,1,Nut_Formation,27.1,77,0.0,19,0,12.0,8.3,27,6.48,2.5,0.0,1,0,0,1,0,0,1,Moderate
Salcete,Cashew,2022-12-01,12,Fruit_Development,28.6,66,1.8,10,1,28.8,14.7,52,5.86,0.5,0.0,0,0,0,0,0,0,0,None
Sattari,Rice (Paddy),2023-09-20,9,Grain_Filling,24.8,87,32.7,1,1,64.6,22.6,88,5.66,6.5,0.0,0,0,1,0,0,0,1,Low
Salcete,Rice (Paddy),2024-02-14,2,Tillering,27.8,72,0.0,6,0,37.9,12.0,15,5.56,0.7,0.4,0,0,0,0,0,0,0,None
Mormugao,Rice (Paddy),2021-07-10,7,Grain_Filling,27.5,93,0.4,0,4,57.1,23.2,84,4.95,6.2,5.4,0,0,1,0,0,0,1,Low
Salcete,Rice (Paddy),2021-09-10,9,Seedling,27.8,90,58.6,0,2,70.5,25.1,64,5.51,5.2,1.9,0,0,0,0,0,0,0,None
Pernem,Pineapple,2023-09-08,9,Harvest,28.8,86,22.9,1,2,67.1,48.9,71,4.8,5.0,0.0,0,0,0,0,0,0,0,None
Ponda,Spices,2023-07-17,7,Harvest,28.1,94,13.1,0,3,57.2,40.9,79,4.57,6.8,4.7,0,0,0,0,0,0,0,None
Bicholim,Cashew,2024-03-30,3,Harvest,33.0,58,0.1,16,1,15.3,13.5,17,5.19,0.3,0.0,1,0,0,0,0,0,1,Low
Sanguem,Rice (Paddy),2024-07-03,7,Flowering,29.7,93,16.6,1,10,64.6,18.2,71,5.06,3.7,10.0,0,0,0,1,0,0,1,Low
Sanguem,Arecanut,2024-09-08,9,Harvest,25.3,84,27.4,0,4,59.3,28.1,89,5.43,2.0,4.7,0,0,0,0,0,0,0,None
Pernem,Mango,2021-05-08,5,Fruit_Setting,32.1,67,2.1,12,1,24.9,19.7,13,5.94,0.0,1.1,0,0,0,0,0,0,0,None
Bicholim,Rice (Paddy),2021-01-18,1,Tillering,30.9,58,0.0,10,0,22.0,5.1,16,4.5,0.0,1.4,0,0,0,0,0,1,1,Low
Sanguem,Rice (Paddy),2025-12-22,12,Grain_Filling,26.5,66,0.0,11,0,22.0,9.3,10,5.5,1.2,0.0,0,0,0,0,0,0,0,None
Dharbandora,Spices,2025-10-25,10,Pod_Development,30.9,95,57.4,0,8,80.4,41.3,92,5.69,5.6,8.0,0,0,0,1,0,0,1,Low
Pernem,Cashew,2022-07-20,7,Fruit_Development,30.3,89,2.8,1,2,61.4,22.2,100,5.95,6.8,1.2,0,0,0,0,0,0,0,None
Mormugao,Banana,2022-07-24,7,Shooting,31.0,91,9.1,2,4,52.4,29.7,83,4.96,2.4,6.0,0,0,0,0,0,0,0,None
Pernem,Coconut,2024-09-08,9,Nut_Development,26.8,96,132.4,0,2,98.0,37.2,59,4.8,7.1,1.3,0,0,1,0,0,0,1,Low
Salcete,Spices,2022-11-17,11,Harvest,26.6,70,0.4,10,1,28.4,25.6,23,5.68,1.4,0.0,0,0,0,0,0,0,0,None
Mormugao,Rice (Paddy),2025-12-21,12,Grain_Filling,32.9,59,0.0,7,0,29.0,14.3,24,5.1,0.6,0.0,0,1,0,0,0,0,1,Low
Salcete,Cashew,2022-09-18,9,Dormant,29.5,89,80.7,0,1,87.7,39.2,80,5.31,3.9,1.1,0,0,0,0,0,0,0,None
Bardez,Coconut,2024-08-04,8,Nut_Development,24.9,82,49.9,0,0,73.1,15.6,81,5.85,4.9,0.0,0,0,0,0,0,0,0,None
Salcete,Cashew,2023-05-04,5,Harvest,33.4,42,0.0,22,0,12.0,14.2,10,5.43,0.2,2.3,1,0,0,0,0,0,1,Low
Quepem,Pineapple,2025-08-14,8,Fruit_Development,24.7,77,101.8,0,5,88.0,29.2,90,5.62,2.8,0.1,0,0,0,0,0,0,0,None
Bardez,Mango,2023-08-20,8,Fruit_Setting,30.8,89,132.0,1,2,98.0,44.3,90,5.63,4.9,0.5,0,0,0,0,0,0,0,None
Bicholim,Cashew,2025-07-21,7,Dormant,27.3,81,77.3,1,1,80.3,25.6,84,5.75,2.0,0.0,0,0,0,0,0,0,0,None
Sanguem,Rice (Paddy),2021-06-04,6,Seedling,27.6,87,21.1,0,0,56.4,29.3,79,5.89,2.9,1.0,0,0,0,0,0,0,0,None
Salcete,Rice (Paddy),2022-05-05,5,Seedling,36.6,44,0.0,13,0,12.0,15.5,28,5.63,2.0,0.3,1,0,0,0,1,0,1,Moderate
Quepem,Pineapple,2024-11-10,11,Inflorescence,30.8,66,0.0,22,0,12.0,13.6,24,4.52,0.0,0.9,1,0,0,0,0,0,1,Low
Sattari,Mango,2023-02-24,2,Flowering,30.2,61,0.0,3,0,31.0,21.3,10,5.27,0.0,1.2,0,0,0,0,0,0,0,None
Dharbandora,Arecanut,2024-02-02,2,Vegetative,29.7,74,0.0,12,0,23.3,18.6,48,5.33,0.7,0.0,0,0,0,0,0,0,0,None
Dharbandora,Spices,2024-11-17,11,Vegetative,28.2,59,0.0,13,0,15.5,15.8,28,6.13,0.8,0.0,0,0,0,0,0,0,0,None
Ponda,Spices,2021-09-03,9,Flowering,28.5,92,16.2,1,0,58.5,12.8,84,5.44,5.8,0.2,0,0,0,0,0,0,0,None
Bardez,Cashew,2024-04-14,4,Fruit_Development,38.9,63,0.0,19,0,12.0,20.4,17,4.91,0.4,0.5,1,0,0,0,1,0,1,Moderate
Salcete,Coconut,2023-11-29,11,Maturity,26.3,77,0.0,14,0,19.7,12.1,10,5.78,2.9,0.0,1,0,0,0,0,0,1,Low
Dharbandora,Spices,2025-02-09,2,Flowering,29.7,69,0.0,18,0,12.7,10.0,30,4.88,0.6,3.1,1,0,0,0,0,0,1,Low
Bicholim,Cashew,2025-09-02,9,Fruit_Development,29.7,80,15.5,4,2,40.9,35.6,93,5.47,4.5,1.1,0,0,0,0,0,0,0,None
Mormugao,Coconut,2023-01-29,1,Maturity,28.0,70,0.0,15,0,13.6,15.0,33,5.47,0.0,0.0,1,0,0,0,0,0,1,Low
Salcete,Coconut,2022-06-22,6,Vegetative,27.1,89,119.2,0,2,98.0,40.8,93,4.55,4.7,0.0,0,0,0,0,0,0,0,None
Ponda,Arecanut,2023-07-10,7,Nut_Formation,26.8,89,7.2,1,3,44.2,38.2,90,5.11,4.8,4.9,0,0,0,0,0,0,0,None
Salcete,Cashew,2022-02-12,2,Fruit_Development,27.8,73,0.0,10,0,28.6,5.0,43,5.53,0.0,0.3,0,0,0,0,0,0,0,None
Bardez,Coconut,2022-06-09,6,Maturity,27.9,86,80.4,0,0,80.1,32.0,81,5.24,4.4,0.5,0,0,0,0,0,0,0,None
Bardez,Cashew,2023-04-08,4,Flowering,38.2,62,0.0,14,0,15.6,20.1,23,6.15,0.0,0.0,1,0,0,0,1,0,1,Moderate
Bicholim,Rice (Paddy),2025-03-10,3,Grain_Filling,31.2,75,0.0,25,0,12.0,26.3,6,5.57,1.6,0.0,1,0,0,0,0,0,1,Low
Mormugao,Arecanut,2023-06-22,6,Flowering,24.1,90,28.6,0,0,63.8,19.4,69,5.32,3.9,0.5,0,0,0,0,0,0,0,None
Pernem,Coconut,2021-02-05,2,Maturity,28.5,63,0.0,13,0,15.4,17.7,60,4.45,1.2,0.0,0,0,0,0,0,0,0,None
Salcete,Coconut,2022-11-16,11,Vegetative,30.9,84,0.0,19,0,13.7,19.2,27,4.99,2.4,0.0,1,0,0,0,0,0,1,Low
Tiswadi,Coconut,2021-01-20,1,Maturity,30.9,56,0.0,17,0,16.0,17.0,19,5.14,0.5,0.0,1,0,0,0,0,0,1,Low
Dharbandora,Rice (Paddy),2021-11-17,11,Flowering,31.2,68,0.0,14,0,19.2,14.4,11,5.23,0.4,0.3,1,0,0,0,0,0,1,Low
Tiswadi,Mango,2025-12-05,12,Fruit_Setting,28.8,72,0.0,2,0,42.0,8.5,16,5.18,0.0,1.0,0,0,0,0,0,0,0,None
Canacona,Cashew,2022-05-27,5,Harvest,34.7,73,0.0,12,0,20.8,10.0,41,5.62,0.1,0.3,1,0,0,0,0,0,1,Low
Canacona,Cashew,2022-02-04,2,Flowering,28.2,60,0.9,11,1,22.4,7.1,48,5.88,1.0,0.5,0,0,0,0,0,0,0,None
Bicholim,Cashew,2022-10-16,10,Fruit_Development,25.0,79,5.3,0,0,45.0,19.0,81,5.57,3.3,0.1,0,0,0,0,0,0,0,None
Bardez,Cashew,2023-08-30,8,Flowering,24.0,92,43.1,1,0,63.3,18.9,100,5.43,7.1,0.0,0,0,1,0,0,0,1,Low
Tiswadi,Banana,2022-04-16,4,Harvest,32.8,50,0.0,19,0,12.0,14.1,23,5.45,0.0,0.3,1,0,0,0,0,0,1,Low
Dharbandora,Rice (Paddy),2024-03-12,3,Tillering,36.5,48,10.0,24,1,12.0,10.4,26,5.34,0.0,0.0,1,0,0,0,1,0,1,Moderate
Mormugao,Rice (Paddy),2024-01-21,1,Seedling,30.0,74,0.0,12,0,23.2,13.7,54,6.3,0.4,0.0,0,0,0,0,0,0,0,None
Bicholim,Rice (Paddy),2024-10-09,10,Seedling,25.8,93,266.5,1,7,98.0,20.4,79,5.94,6.6,7.2,0,1,1,1,0,0,1,High
Canacona,Cashew,2023-04-14,4,Flowering,33.5,48,0.0,16,0,12.0,12.2,32,5.13,0.4,0.0,1,0,0,0,0,0,1,Low
Bicholim,Cashew,2025-12-29,12,Harvest,27.2,58,0.0,7,0,26.0,9.8,34,5.62,0.2,1.1,0,0,0,0,0,0,0,None
Tiswadi,Coconut,2022-12-28,12,Inflorescence,29.6,80,0.0,12,0,27.4,17.5,47,5.97,2.0,0.0,0,0,0,0,0,0,0,None
Bardez,Coconut,2023-05-04,5,Maturity,37.9,64,0.0,14,0,18.8,13.9,5,5.19,0.0,1.1,1,0,0,0,0,0,1,Low
Salcete,Cashew,2021-02-20,2,Flowering,29.2,68,2.5,15,1,25.8,18.1,40,5.11,0.7,0.3,0,0,0,0,0,0,0,None
Salcete,Cashew,2025-08-16,8,Flowering,26.8,80,15.6,0,18,56.1,35.1,97,5.2,4.4,1.2,0,0,0,0,0,0,0,None
Bardez,Mango,2025-09-18,9,Vegetative,26.8,91,26.2,0,2,61.8,16.1,79,5.22,5.2,0.0,0,0,0,0,0,0,0,None
Ponda,Spices,2022-07-29,7,Pod_Development,26.4,94,26.2,4,0,59.9,20.8,84,5.71,5.9,0.8,0,0,0,0,0,0,0,None
Sanguem,Cashew,2024-04-28,4,Harvest,29.7,38,0.0,25,0,12.0,18.6,7,5.21,1.6,1.4,1,0,0,0,0,0,1,Low
Tiswadi,Banana,2024-02-23,2,Finger_Filling,29.7,79,0.0,19,0,17.9,9.5,10,5.59,4.8,0.0,1,0,0,0,0,0,1,Low
Canacona,Rice (Paddy),2021-05-30,5,Flowering,39.5,46,0.0,13,0,12.0,14.8,5,6.63,0.0,0.6,1,0,0,0,1,0,1,Moderate
Bardez,Mango,2021-11-10,11,Maturity,31.1,46,3.9,7,1,26.6,16.0,15,5.56,0.0,0.0,0,0,0,1,0,0,1,Low
Quepem,Pineapple,2022-07-24,7,Harvest,30.9,88,106.5,1,2,98.0,20.7,100,5.47,3.5,0.0,0,0,0,0,0,0,0,None
Mormugao,Rice (Paddy),2024-09-27,9,Grain_Filling,29.3,91,75.9,1,15,80.3,26.2,95,5.12,3.4,10.0,0,0,0,1,0,0,1,Low
Tiswadi,Rice (Paddy),2021-11-01,11,Flowering,31.3,64,0.0,10,0,26.8,18.3,33,4.98,0.5,0.2,0,0,0,0,0,0,0,None
Sanguem,Mango,2025-09-12,9,Fruit_Setting,25.7,85,113.0,0,5,98.0,24.9,93,5.47,5.6,4.6,0,0,0,0,0,0,0,None
Sattari,Cashew,2022-11-13,11,Flowering,30.6,65,0.0,14,0,16.6,12.9,41,5.67,1.2,1.2,1,0,0,0,0,0,1,Low
Salcete,Cashew,2023-04-18,4,Flowering,34.6,35,0.0,19,0,12.0,16.6,44,5.66,0.0,0.0,1,0,0,0,0,0,1,Low
Bardez,Mango,2025-12-12,12,Maturity,29.6,64,0.0,10,0,24.7,14.2,49,6.2,0.0,0.0,0,1,0,0,0,0,1,Low
Bardez,Cashew,2023-12-14,12,Fruit_Development,28.7,73,0.0,9,0,28.3,9.0,10,5.35,0.6,0.0,0,1,0,0,0,0,1,Low
Canacona,Coconut,2023-09-30,9,Inflorescence,28.0,91,2.2,0,2,49.4,33.6,78,5.97,5.9,1.2,0,0,0,0,0,0,0,None
Pernem,Cashew,2022-03-20,3,Flowering,32.4,48,0.0,23,0,12.0,21.1,15,5.26,0.4,0.0,1,0,0,0,0,0,1,Low
Quepem,Cashew,2022-09-05,9,Flowering,29.3,84,6.8,0,3,47.0,13.0,90,5.56,4.9,4.3,0,0,1,0,0,0,1,Low
Mormugao,Cashew,2023-09-20,9,Dormant,28.4,88,44.9,0,3,69.2,26.6,82,4.7,3.8,4.1,0,0,0,1,0,0,1,Low
Canacona,Spices,2021-09-21,9,Flowering,24.0,98,118.6,0,8,98.0,38.7,66,5.26,6.4,9.5,0,0,0,1,0,0,1,Low
Pernem,Coconut,2023-12-13,12,Vegetative,28.3,63,0.0,2,0,36.9,14.9,54,5.79,1.8,0.0,0,0,0,0,0,0,0,None
Dharbandora,Banana,2025-05-15,5,Harvest,35.6,54,0.0,25,0,12.0,18.5,25,4.94,0.3,0.3,1,0,0,0,0,0,1,Low
Quepem,Rice (Paddy),2023-10-01,10,Tillering,31.5,87,4.3,0,0,44.0,25.3,100,5.32,5.1,0.0,0,0,0,0,0,0,0,None
Sattari,Mango,2025-07-02,7,Maturity,30.7,97,47.5,2,0,71.8,29.5,75,5.87,6.7,0.0,1,0,0,0,0,0,1,Low
Bicholim,Cashew,2021-01-05,1,Dormant,25.3,74,0.0,18,0,14.6,13.8,37,5.24,0.3,0.0,1,0,0,0,0,0,1,Low
Sattari,Rice (Paddy),2024-02-01,2,Seedling,31.8,71,0.0,17,0,17.6,16.8,17,5.99,1.6,0.5,1,0,0,0,0,0,1,Low
Bicholim,Cashew,2024-05-04,5,Fruit_Development,27.5,53,0.0,14,0,12.0,10.5,12,5.53,0.0,0.0,1,0,1,0,0,0,1,Moderate
Canacona,Coconut,2023-02-13,2,Inflorescence,30.6,59,0.0,15,0,12.0,16.0,34,5.57,0.8,0.7,1,0,0,0,0,0,1,Low
Ponda,Arecanut,2023-05-27,5,Harvest,35.9,45,0.0,28,0,12.0,20.9,15,5.49,0.0,0.0,1,0,0,0,0,0,1,Low
Sattari,Rice (Paddy),2023-09-19,9,Grain_Filling,27.9,98,16.7,1,0,61.4,16.3,82,5.19,8.6,0.8,0,0,1,0,0,0,1,Low
Sanguem,Spices,2023-06-03,6,Harvest,26.5,89,93.6,0,4,94.4,8.0,100,4.76,4.4,4.7,0,0,0,0,0,0,0,None
Sanguem,Rice (Paddy),2024-10-05,10,Flowering,30.7,97,54.1,0,1,87.5,43.8,63,4.77,8.3,0.0,0,0,1,0,0,1,1,Moderate
Ponda,Spices,2021-02-16,2,Harvest,29.4,69,0.0,7,0,27.0,13.8,37,5.3,2.4,0.0,0,0,0,0,0,0,0,None
Mormugao,Coconut,2023-05-17,5,Inflorescence,34.2,48,1.5,9,1,19.7,12.9,7,4.86,0.0,0.0,1,0,0,0,0,0,1,Low
Ponda,Pineapple,2023-04-03,4,Inflorescence,35.4,46,0.0,15,0,12.0,10.8,5,5.16,0.0,1.0,1,0,0,0,0,0,1,Low
Ponda,Arecanut,2023-07-25,7,Nut_Formation,28.3,85,71.3,1,2,85.7,25.1,77,5.3,2.0,0.0,1,0,1,0,0,0,1,Moderate
Salcete,Rice (Paddy),2022-10-18,10,Seedling,28.7,91,9.4,0,0,58.5,44.5,91,5.61,6.5,0.0,0,0,1,0,0,0,1,Low
Bardez,Mango,2021-09-26,9,Flowering,25.6,80,18.1,6,7,43.5,28.5,94,4.47,2.3,0.5,0,0,0,0,0,1,1,Low
Canacona,Rice (Paddy),2022-01-05,1,Seedling,30.6,52,0.0,5,0,29.7,19.3,28,5.89,1.9,0.0,0,0,0,0,0,0,0,None
Ponda,Rice (Paddy),2022-09-28,9,Seedling,29.3,94,38.5,1,5,69.7,33.8,69,6.03,7.0,7.8,0,0,1,1,0,0,1,Moderate
Bicholim,Spices,2024-02-04,2,Flowering,26.5,72,0.0,22,0,12.0,5.1,35,4.92,0.2,0.0,1,0,0,0,0,0,1,Low
Ponda,Coconut,2025-08-21,8,Maturity,30.4,95,48.1,1,1,74.0,23.9,55,5.06,3.9,0.0,0,0,0,0,0,0,0,None
Bardez,Coconut,2025-08-10,8,Maturity,29.9,85,37.8,1,11,66.0,17.4,74,5.71,4.3,7.9,0,0,0,1,0,0,1,Low
Pernem,Coconut,2022-10-19,10,Vegetative,32.4,84,3.3,0,1,52.2,30.3,64,5.25,4.8,0.0,0,0,0,0,0,0,0,None
Tiswadi,Rice (Paddy),2021-04-30,4,Grain_Filling,34.1,52,0.0,13,0,14.9,7.7,26,6.1,0.0,0.0,1,0,0,0,0,0,1,Low
Pernem,Coconut,2023-04-11,4,Vegetative,37.1,66,0.0,30,0,12.0,20.4,29,5.61,0.0,0.0,1,0,0,0,0,0,1,Low
Sattari,Cashew,2025-12-16,12,Fruit_Development,27.4,82,0.0,12,0,30.4,16.7,61,4.93,4.3,0.0,0,0,0,0,0,0,0,None
Mormugao,Rice (Paddy),2025-06-16,6,Flowering,25.2,74,7.0,0,5,49.6,16.7,79,5.79,1.2,0.1,0,0,0,0,0,0,0,None
Bardez,Coconut,2023-12-18,12,Inflorescence,27.5,62,0.0,6,0,31.2,5.0,52,5.41,0.1,0.7,0,0,0,1,0,0,1,Low
Canacona,Rice (Paddy),2024-10-01,10,Seedling,26.8,86,56.1,0,2,79.0,30.1,96,5.26,3.9,0.0,0,0,0,0,0,0,0,None
Dharbandora,Arecanut,2023-01-11,1,Harvest,27.1,59,0.0,13,0,18.9,19.3,53,4.91,0.0,0.6,0,0,0,0,0,0,0,None
Bicholim,Cashew,2025-02-06,2,Dormant,27.2,79,6.2,13,1,23.6,11.0,10,5.15,3.9,0.0,0,0,0,0,0,0,0,None
Sanguem,Rice (Paddy),2021-04-27,4,Seedling,36.6,62,0.0,23,0,12.0,15.7,27,5.68,1.7,0.0,1,0,0,0,0,0,1,Low
Ponda,Spices,2023-03-02,3,Flowering,32.4,56,3.8,11,1,17.3,14.6,14,5.19,0.0,0.0,0,0,0,0,0,0,0,None
Bardez,Coconut,2024-02-25,2,Inflorescence,29.9,65,0.0,13,0,13.1,26.2,56,6.04,0.0,0.0,0,0,0,0,0,0,0,None
Mormugao,Rice (Paddy),2024-11-17,11,Tillering,29.8,64,0.0,13,0,24.1,11.0,57,5.45,0.0,0.0,0,0,0,0,0,0,0,None
Bicholim,Cashew,2023-10-10,10,Dormant,24.7,89,57.0,2,4,72.2,25.7,72,5.12,5.7,4.9,0,0,0,0,0,0,0,None
Sattari,Mango,2025-07-23,7,Flowering,29.6,86,31.7,0,2,66.5,23.2,89,5.27,4.5,1.4,0,0,0,0,0,0,0,None
Pernem,Cashew,2023-12-18,12,Fruit_Development,28.1,76,0.0,12,0,28.7,20.1,40,5.33,2.8,0.0,1,0,0,0,0,0,1,Low
Canacona,Coconut,2022-09-26,9,Nut_Development,30.8,96,33.1,0,0,64.5,17.0,96,5.03,7.3,0.3,0,0,1,0,0,0,1,Low
Sattari,Arecanut,2022-05-28,5,Harvest,29.7,44,5.2,17,1,12.0,28.3,39,5.38,0.0,0.4,1,0,0,0,0,0,1,Low
Tiswadi,Coconut,2025-11-10,11,Vegetative,27.8,75,0.0,10,0,30.6,10.4,37,4.99,1.6,0.0,0,0,1,0,0,0,1,Low
Dharbandora,Spices,2023-03-13,3,Pod_Development,36.0,54,0.0,19,0,12.0,18.6,40,5.64,0.6,0.0,1,0,0,0,0,0,1,Low
Bicholim,Spices,2024-01-25,1,Vegetative,28.9,66,0.0,13,0,22.7,16.7,11,6.31,1.1,0.0,0,0,0,0,0,0,0,None
Bicholim,Cashew,2025-07-20,7,Fruit_Development,24.4,90,37.0,1,8,62.4,43.2,100,6.25,4.4,8.3,0,0,0,1,0,0,1,Low
Mormugao,Rice (Paddy),2024-02-16,2,Tillering,26.2,79,0.0,7,0,30.3,7.1,41,5.27,3.8,0.0,0,0,0,0,0,0,0,None
Dharbandora,Rice (Paddy),2022-07-14,7,Seedling,29.6,88,182.1,0,1,98.0,33.6,72,5.16,6.2,0.0,0,1,1,0,0,0,1,Moderate
Canacona,Coconut,2025-06-13,6,Maturity,26.6,73,9.3,0,1,44.5,34.6,93,6.11,0.0,0.0,0,0,0,0,0,0,0,None
Ponda,Arecanut,2022-05-03,5,Harvest,35.6,56,4.7,18,1,12.0,10.7,35,5.27,1.2,1.1,0,0,0,0,0,0,0,None
Canacona,Cashew,2024-06-14,6,Dormant,23.7,75,16.9,4,5,58.9,33.4,54,5.22,0.0,0.5,0,0,0,0,0,0,0,None
Sattari,Cashew,2023-06-16,6,Flowering,27.9,88,36.4,1,0,64.8,23.0,71,4.85,4.7,1.8,0,0,1,0,0,0,1,Low
Quepem,Pineapple,2024-07-19,7,Fruit_Development,28.7,91,13.0,0,4,56.9,21.3,85,4.56,3.5,5.5,0,0,0,0,0,1,1,Low
Tiswadi,Mango,2024-04-27,4,Fruit_Setting,35.2,33,0.0,18,0,12.0,15.0,25,5.5,1.0,0.0,1,0,0,0,0,0,1,Low
Pernem,Cashew,2022-12-05,12,Dormant,27.5,69,0.0,8,0,32.9,9.3,26,5.64,0.0,0.0,0,0,0,0,0,0,0,None
Mormugao,Rice (Paddy),2025-01-10,1,Grain_Filling,26.6,74,0.0,6,0,30.4,18.2,50,5.96,0.4,0.0,0,0,0,0,0,0,0,None
Salcete,Cashew,2022-08-04,8,Harvest,24.9,85,12.8,0,1,56.7,31.2,73,5.41,6.8,0.0,0,0,0,0,0,0,0,None
Mormugao,Rice (Paddy),2023-03-01,3,Grain_Filling,37.3,52,0.0,19,0,12.0,17.7,17,4.68,0.0,0.2,1,0,1,0,1,0,1,High
Quepem,Pineapple,2023-05-11,5,Harvest,30.6,47,0.0,16,0,12.0,8.7,27,5.9,0.8,2.2,1,0,0,0,0,0,1,Low
Bicholim,Cashew,2021-09-04,9,Dormant,25.6,88,8.9,0,10,58.1,32.0,100,4.56,7.5,8.3,0,0,1,1,0,0,1,Moderate
Sattari,Rice (Paddy),2024-01-05,1,Flowering,28.3,68,0.0,6,0,32.4,11.5,22,5.5,1.5,0.0,0,0,0,0,0,0,0,None
Bicholim,Rice (Paddy),2021-06-03,6,Flowering,26.2,80,19.5,0,2,50.7,35.1,74,5.52,3.1,0.0,0,0,1,0,0,0,1,Low
Quepem,Rice (Paddy),2025-08-07,8,Seedling,30.2,91,177.7,0,3,98.0,20.5,79,4.38,5.7,5.9,0,1,0,0,0,0,1,Low
Dharbandora,Arecanut,2024-12-29,12,Vegetative,31.9,59,0.0,26,1,12.0,5.0,27,4.83,1.0,0.3,1,0,0,0,0,0,1,Low
Bicholim,Rice (Paddy),2023-09-24,9,Tillering,27.8,85,29.0,1,3,57.3,17.1,71,5.83,3.5,4.8,0,0,0,0,0,0,0,None
Pernem,Cashew,2024-01-15,1,Fruit_Development,29.4,53,0.0,11,0,20.3,16.3,39,4.5,0.0,0.3,0,0,0,0,0,1,1,Low
Pernem,Mango,2022-11-28,11,Maturity,29.4,85,1.8,11,1,33.7,25.7,58,4.68,2.7,1.2,0,0,0,0,0,0,0,None
Salcete,Coconut,2024-08-01,8,Nut_Development,24.5,91,25.6,0,0,67.6,20.6,88,5.31,4.2,0.2,0,0,0,0,0,0,0,None
Sattari,Rice (Paddy),2024-05-28,5,Flowering,39.4,48,0.0,26,0,12.0,10.9,19,5.17,0.0,0.7,1,0,0,0,1,0,1,Moderate
Sattari,Mango,2023-12-29,12,Fruit_Setting,33.4,74,1.2,16,1,14.1,13.7,46,4.99,0.0,0.0,1,0,0,0,0,0,1,Low
Pernem,Banana,2023-12-07,12,Harvest,26.7,66,0.0,10,0,22.3,7.6,49,5.75,0.4,0.0,0,0,0,0,0,0,0,None
Dharbandora,Pineapple,2023-10-06,10,Inflorescence,28.3,85,8.5,2,0,50.1,19.4,100,5.93,1.8,0.0,0,0,0,0,0,0,0,None
Mormugao,Rice (Paddy),2021-04-04,4,Flowering,37.6,39,0.0,22,0,12.0,24.7,37,4.85,0.0,1.0,1,0,0,0,1,0,1,Moderate
Sanguem,Rice (Paddy),2025-11-09,11,Flowering,27.3,61,0.0,2,0,39.1,6.9,18,5.17,0.0,0.0,1,0,0,0,0,0,1,Low
Salcete,Cashew,2023-08-16,8,Harvest,21.0,95,291.2,12,3,98.0,13.7,74,5.52,1.3,6.1,0,1,0,0,0,0,1,Low
Quepem,Pineapple,2023-10-09,10,Inflorescence,28.2,90,43.9,2,6,63.8,45.4,74,5.46,7.3,8.9,0,0,1,1,0,0,1,Moderate
Bardez,Coconut,2022-03-29,3,Maturity,33.6,39,3.3,16,1,12.0,16.4,29,4.67,0.0,0.8,1,0,0,0,0,0,1,Low
Salcete,Rice (Paddy),2024-05-12,5,Seedling,36.6,63,0.0,20,0,12.0,17.6,39,6.26,0.0,0.0,1,0,0,1,0,0,1,Moderate
Quepem,Rice (Paddy),2023-07-01,7,Seedling,26.2,91,5.6,4,1,45.8,21.9,72,5.44,6.1,0.0,0,0,1,0,0,0,1,Low
Sanguem,Cashew,2021-08-06,8,Harvest,30.9,80,16.3,0,1,59.5,23.4,71,5.42,1.9,0.0,0,0,0,0,0,0,0,None
Bardez,Cashew,2022-04-19,4,Flowering,33.5,52,2.2,11,1,20.4,11.3,30,6.06,0.5,0.2,1,0,0,0,0,0,1,Low
Dharbandora,Spices,2022-03-08,3,Flowering,32.1,46,0.0,19,0,12.0,21.0,9,5.33,0.0,0.0,1,0,0,0,0,0,1,Low
Bicholim,Cashew,2021-12-07,12,Dormant,28.3,61,0.0,19,0,12.0,16.1,30,5.01,0.0,0.0,1,0,0,0,0,0,1,Low
Quepem,Cashew,2022-07-05,7,Flowering,25.8,82,77.8,0,6,86.5,33.5,72,4.79,4.4,5.0,0,0,0,0,0,1,1,Low
Salcete,Rice (Paddy),2025-06-24,6,Seedling,24.2,98,89.3,0,2,94.2,27.9,63,5.8,8.7,0.0,0,0,1,0,0,0,1,Low
Salcete,Coconut,2024-08-05,8,Maturity,30.6,76,17.4,1,0,48.5,21.3,84,5.27,3.8,0.0,0,0,0,0,0,0,0,None
Dharbandora,Pineapple,2024-07-01,7,Vegetative,26.9,87,81.9,2,0,82.1,23.8,87,4.81,2.9,0.3,0,0,0,0,0,0,0,None
Bardez,Mango,2025-10-24,10,Vegetative,28.9,85,52.1,1,8,77.3,13.3,93,5.31,5.0,5.5,0,0,0,0,0,0,0,None
Pernem,Mango,2021-12-23,12,Fruit_Setting,22.5,57,0.0,10,0,24.3,15.1,28,5.89,0.9,0.0,0,0,0,0,0,0,0,None
Pernem,Pineapple,2021-01-23,1,Vegetative,30.8,74,0.0,9,0,32.5,19.6,35,5.31,0.7,0.0,0,0,0,0,0,0,0,None
Bicholim,Rice (Paddy),2025-11-21,11,Tillering,30.4,66,0.0,10,0,30.6,17.2,23,5.61,0.0,0.0,0,1,0,0,0,0,1,Low
Salcete,Pineapple,2022-06-06,6,Inflorescence,27.6,91,58.4,0,9,75.2,21.8,73,5.37,5.0,9.3,0,0,0,1,0,0,1,Low
Mormugao,Coconut,2025-11-17,11,Maturity,28.7,70,3.7,8,1,32.2,19.5,22,4.38,1.5,0.0,0,0,0,0,0,0,0,None
Bardez,Cashew,2024-01-29,1,Dormant,31.7,61,0.0,6,0,31.0,11.9,59,5.24,0.3,0.0,0,0,0,0,0,0,0,None
Canacona,Coconut,2023-03-13,3,Vegetative,33.9,42,0.0,20,0,12.0,21.4,22,5.79,1.7,0.0,1,0,0,0,0,0,1,Low
Pernem,Coconut,2024-04-18,4,Inflorescence,34.8,57,0.0,13,0,23.5,25.0,21,5.37,0.7,0.7,1,0,0,0,0,0,1,Low
Pernem,Cashew,2024-05-31,5,Flowering,38.9,67,0.0,16,0,12.0,8.4,30,5.84,0.8,0.0,1,1,0,0,1,0,1,High
Mormugao,Coconut,2023-02-01,2,Nut_Development,32.2,76,0.0,7,0,34.9,7.7,17,5.42,1.4,2.1,0,0,0,0,0,0,0,None
Bardez,Cashew,2025-08-10,8,Fruit_Development,26.6,81,37.2,0,3,63.4,32.0,78,5.14,4.9,0.0,0,0,0,0,0,0,0,None
Bardez,Coconut,2022-03-18,3,Maturity,30.6,71,0.0,16,0,15.6,14.1,25,5.62,0.5,0.0,1,0,0,0,0,0,1,Low
Tiswadi,Coconut,2025-06-20,6,Inflorescence,29.7,84,6.9,0,6,52.0,30.5,71,4.54,2.5,5.0,0,0,0,0,0,0,0,None
Mormugao,Cashew,2023-02-08,2,Dormant,26.4,79,0.0,18,0,19.7,18.1,17,5.54,2.2,0.0,1,0,0,0,0,0,1,Low
Sattari,Arecanut,2023-10-13,10,Nut_Formation,23.6,97,31.2,0,3,72.8,38.8,73,5.07,0.0,6.8,0,0,0,1,0,0,1,Low
Sanguem,Coconut,2024-09-10,9,Inflorescence,25.5,85,27.8,0,1,62.8,24.9,87,5.95,3.0,0.0,0,0,0,0,0,0,0,None
Mormugao,Rice (Paddy),2022-05-31,5,Tillering,36.4,71,0.0,16,0,23.3,10.5,24,5.25,0.3,0.0,1,0,0,0,0,0,1,Low
Tiswadi,Coconut,2023-11-06,11,Nut_Development,27.5,57,0.0,8,0,25.9,8.9,12,6.3,1.2,0.2,0,0,0,0,0,0,0,None
Canacona,Cashew,2023-03-03,3,Flowering,37.3,45,0.0,21,0,12.0,16.9,23,5.42,0.2,0.1,1,0,0,0,1,0,1,Moderate
Pernem,Mango,2021-12-02,12,Fruit_Setting,23.0,71,0.0,17,0,14.8,13.7,10,5.81,0.0,0.8,1,0,0,0,0,0,1,Low
Tiswadi,Rice (Paddy),2025-11-18,11,Flowering,27.8,65,0.0,15,0,12.0,12.7,16,5.16,0.0,0.0,1,0,0,0,0,0,1,Low
Bardez,Cashew,2021-09-15,9,Dormant,30.7,91,31.3,0,19,61.3,30.7,95,5.2,8.1,10.0,0,0,1,1,0,0,1,Moderate
Salcete,Cashew,2022-05-12,5,Dormant,32.2,59,0.0,14,0,12.0,13.4,16,5.05,2.3,0.7,1,0,0,0,0,0,1,Low
Ponda,Arecanut,2023-06-15,6,Vegetative,29.4,89,88.3,0,2,89.0,18.8,85,5.26,4.1,0.2,0,0,0,0,0,0,0,None
Mormugao,Rice (Paddy),2021-06-09,6,Grain_Filling,27.6,79,18.3,0,3,50.7,18.4,81,5.33,2.1,0.9,0,0,0,0,0,0,0,None
Dharbandora,Spices,2025-02-07,2,Vegetative,29.9,76,0.0,15,0,20.1,18.1,41,5.7,0.9,0.0,1,0,0,0,0,0,1,Low
Sanguem,Cashew,2023-05-02,5,Fruit_Development,35.3,68,5.7,19,1,12.0,19.6,25,5.68,0.0,0.0,1,0,0,0,0,0,1,Low
Dharbandora,Rice (Paddy),2025-08-15,8,Flowering,28.4,83,49.6,0,8,79.6,34.0,83,5.22,3.2,8.6,0,1,0,0,0,0,1,Low
Quepem,Cashew,2022-11-21,11,Flowering,28.7,51,0.0,8,0,28.4,9.9,10,5.2,0.0,0.5,0,0,0,0,0,0,0,None
Pernem,Coconut,2025-08-26,8,Nut_Development,27.3,79,223.7,0,2,98.0,24.6,82,5.74,3.2,0.0,0,1,0,0,0,0,1,Low
Pernem,Mango,2022-01-15,1,Fruit_Setting,30.9,68,0.0,7,0,28.0,14.5,24,5.38,0.0,0.0,0,0,0,0,0,0,0,None
Dharbandora,Spices,2025-04-18,4,Pod_Development,32.7,39,0.0,23,0,12.0,18.4,26,5.77,0.0,0.0,1,0,0,1,0,0,1,Moderate
Tiswadi,Rice (Paddy),2023-08-15,8,Seedling,26.7,89,16.6,0,0,58.3,20.7,45,5.65,5.1,0.3,0,0,0,0,0,0,0,None
Sattari,Rice (Paddy),2022-11-22,11,Grain_Filling,26.5,66,0.0,15,0,18.0,7.6,53,4.79,1.4,0.2,1,0,0,0,0,0,1,Low
Bardez,Coconut,2024-12-21,12,Nut_Development,30.4,83,0.0,16,0,18.4,11.7,40,5.69,3.3,0.0,1,0,0,0,0,0,1,Low
Pernem,Cashew,2025-06-25,6,Dormant,25.3,84,17.3,1,1,57.1,14.8,61,5.53,3.1,1.3,0,0,0,0,0,0,0,None
Mormugao,Coconut,2024-07-15,7,Inflorescence,27.4,83,34.2,2,2,61.7,27.6,75,5.98,4.9,0.0,0,0,0,0,0,0,0,None
Bardez,Cashew,2025-05-20,5,Harvest,35.4,30,0.0,18,0,12.0,14.7,30,5.96,0.0,0.0,0,0,0,0,0,0,0,None
Bardez,Mango,2024-12-11,12,Vegetative,26.4,67,0.0,16,0,12.0,9.9,16,5.55,0.3,0.4,1,0,0,0,0,0,1,Low
Canacona,Spices,2024-04-06,4,Pod_Development,36.5,46,1.2,23,1,12.0,16.1,21,6.41,0.0,0.0,1,0,0,0,1,0,1,Moderate
Bicholim,Rice (Paddy),2023-12-03,12,Grain_Filling,27.4,48,0.0,24,0,12.0,6.0,33,5.25,0.0,0.4,1,0,0,0,0,0,1,Low
Salcete,Coconut,2025-04-29,4,Nut_Development,33.2,69,0.0,15,0,18.5,13.0,25,5.16,0.6,1.2,1,0,0,0,0,0,1,Low
Canacona,Pineapple,2021-10-12,10,Fruit_Development,26.1,78,13.5,0,12,48.4,28.5,94,4.58,3.7,1.3,0,0,0,0,0,1,1,Low
Sattari,Rice (Paddy),2022-02-01,2,Seedling,26.4,53,0.0,14,0,12.3,6.9,52,5.07,0.4,0.0,1,0,0,0,0,0,1,Low
Salcete,Banana,2021-01-12,1,Shooting,30.1,60,0.0,16,0,13.8,19.8,30,4.97,0.0,0.0,1,0,0,0,0,0,1,Low
Quepem,Pineapple,2025-06-19,6,Fruit_Development,22.9,86,71.1,2,3,73.8,34.3,83,5.43,0.0,3.9,0,0,0,0,0,0,0,None
Ponda,Spices,2024-08-18,8,Vegetative,27.4,98,113.8,2,1,98.0,25.9,49,4.74,9.2,0.7,0,0,1,0,0,0,1,Low
Dharbandora,Arecanut,2024-06-30,6,Flowering,29.2,91,13.9,0,2,60.0,10.2,79,5.63,6.3,0.3,0,0,0,0,0,0,0,None
Salcete,Rice (Paddy),2022-05-14,5,Grain_Filling,25.1,60,0.0,21,0,12.0,8.6,23,5.38,0.5,0.0,1,0,0,0,0,0,1,Low
Ponda,Spices,2023-01-24,1,Pod_Development,27.5,72,0.0,8,0,25.0,15.9,16,5.67,0.8,0.0,0,0,0,0,0,0,0,None
Sattari,Rice (Paddy),2021-02-04,2,Seedling,32.4,64,0.0,5,0,29.9,8.1,27,5.2,0.0,0.0,0,0,0,0,0,0,0,None
Canacona,Rice (Paddy),2022-12-28,12,Tillering,32.2,62,0.0,10,0,25.5,14.9,35,5.56,0.0,0.0,0,0,0,0,0,0,0,None
Sanguem,Cashew,2023-04-29,4,Harvest,32.0,64,0.0,17,0,14.9,7.8,12,5.47,0.0,0.0,1,0,0,1,0,0,1,Moderate
Salcete,Coconut,2021-03-31,3,Inflorescence,32.0,56,0.0,20,0,12.0,21.5,22,5.75,0.0,0.1,1,0,0,0,0,0,1,Low
Canacona,Rice (Paddy),2023-02-15,2,Seedling,24.5,67,0.0,15,0,28.0,13.2,19,5.45,0.0,0.0,0,0,0,0,0,0,0,None
Dharbandora,Arecanut,2022-08-28,8,Nut_Formation,28.7,90,158.3,1,4,98.0,10.6,64,5.16,3.9,7.1,0,1,0,1,0,0,1,Moderate
Dharbandora,Arecanut,2023-08-28,8,Nut_Formation,27.0,82,94.3,0,2,91.1,12.6,100,5.42,2.5,0.0,0,0,0,0,0,0,0,None
Sattari,Cashew,2025-06-14,6,Fruit_Development,31.0,71,29.0,1,9,56.7,17.7,78,5.84,0.0,2.6,0,0,0,0,0,0,0,None
Sattari,Arecanut,2023-10-19,10,Flowering,25.3,93,28.0,2,4,62.2,18.5,76,6.68,6.9,6.0,0,0,0,0,0,0,0,None
Sanguem,Cashew,2022-02-22,2,Dormant,29.2,60,0.0,16,0,12.0,14.7,15,6.16,0.0,0.9,1,0,0,0,0,0,1,Low
Sanguem,Cashew,2021-04-25,4,Fruit_Development,37.4,68,0.0,23,0,12.0,10.4,22,4.4,0.4,0.5,1,0,0,0,0,1,1,Moderate
Mormugao,Coconut,2022-09-09,9,Maturity,26.9,82,35.2,0,8,55.4,35.5,94,5.3,3.2,3.7,0,0,0,0,0,0,0,None
Canacona,Coconut,2024-05-04,5,Maturity,37.1,57,0.0,11,0,13.8,26.5,26,4.67,1.5,0.2,1,0,0,0,0,0,1,Low
Bicholim,Cashew,2023-04-06,4,Flowering,33.0,48,0.0,17,0,13.1,16.9,37,4.64,0.5,0.0,1,0,1,0,0,1,1,High
Dharbandora,Rice (Paddy),2025-03-05,3,Tillering,33.7,47,0.0,12,0,12.0,6.0,22,5.68,0.0,1.0,1,0,0,0,0,0,1,Low
Canacona,Rice (Paddy),2025-07-08,7,Flowering,29.2,81,107.8,1,19,98.0,20.2,73,5.84,4.6,0.8,0,0,0,0,0,0,0,None
Tiswadi,Rice (Paddy),2025-02-25,2,Seedling,30.0,77,0.0,7,0,31.7,9.2,33,6.02,2.4,1.0,0,0,0,0,0,0,0,None
Canacona,Cashew,2024-01-04,1,Harvest,31.0,61,0.0,5,0,25.1,14.8,38,5.0,0.0,0.8,0,0,0,0,0,0,0,None
Sanguem,Cashew,2022-02-17,2,Harvest,31.1,85,0.0,15,0,12.7,12.7,15,5.26,5.3,0.7,1,0,0,0,0,0,1,Low
Mormugao,Cashew,2024-10-31,10,Dormant,26.4,92,14.0,0,1,60.1,35.4,90,5.37,6.6,0.0,0,0,1,0,0,0,1,Low
Canacona,Cashew,2024-12-14,12,Dormant,32.0,64,0.0,8,0,29.8,13.4,60,5.2,0.0,0.0,0,0,0,0,0,0,0,None
Salcete,Coconut,2022-12-30,12,Maturity,30.7,75,0.0,14,0,17.5,11.6,67,5.14,0.0,0.6,1,1,0,0,0,0,1,Moderate
Sattari,Arecanut,2024-07-24,7,Flowering,25.4,90,27.8,0,1,67.4,38.7,66,4.37,5.2,0.0,0,0,0,0,0,1,1,Low
Bicholim,Mango,2023-10-18,10,Vegetative,25.3,96,62.4,3,1,76.2,40.4,68,5.53,5.5,0.0,0,0,0,0,0,0,0,None
Salcete,Rice (Paddy),2023-01-31,1,Seedling,27.1,72,0.3,15,1,20.0,20.2,23,5.29,0.4,2.0,1,0,0,0,0,0,1,Low
Tiswadi,Rice (Paddy),2022-11-07,11,Seedling,30.7,52,0.0,10,0,14.8,12.6,34,4.85,0.0,0.0,0,0,0,1,0,0,1,Low
Canacona,Cashew,2024-11-18,11,Fruit_Development,33.9,66,0.0,18,0,12.0,17.2,25,4.66,0.0,0.0,0,0,0,0,0,1,1,Low
Bicholim,Rice (Paddy),2022-04-02,4,Seedling,37.3,59,0.0,22,0,12.0,15.2,27,5.71,0.0,0.0,1,0,0,0,0,0,1,Low
Pernem,Cashew,2023-07-09,7,Fruit_Development,29.8,84,47.5,1,4,72.3,24.1,87,5.0,3.1,2.6,0,0,0,0,0,0,0,None
Quepem,Pineapple,2021-07-11,7,Fruit_Development,27.3,84,8.8,0,7,54.3,44.8,74,5.05,4.4,6.2,0,0,0,0,0,0,0,None
Bicholim,Rice (Paddy),2023-01-09,1,Grain_Filling,28.8,68,0.0,7,0,22.9,12.1,69,5.13,0.0,0.9,0,0,0,0,0,0,0,None
Salcete,Rice (Paddy),2025-09-09,9,Flowering,23.6,91,7.5,2,2,49.5,33.7,100,5.75,0.3,1.4,0,0,0,0,0,0,0,None
Pernem,Mango,2024-01-28,1,Fruit_Setting,30.6,70,0.0,20,0,12.0,8.6,41,4.82,1.2,1.0,1,0,0,0,0,0,1,Low
Bardez,Cashew,2025-04-21,4,Dormant,37.7,47,0.0,9,0,14.3,20.6,22,5.83,0.0,0.9,1,0,0,0,1,0,1,Moderate
Mormugao,Rice (Paddy),2023-09-05,9,Grain_Filling,27.9,90,52.2,0,0,72.8,24.6,87,6.44,4.7,1.0,0,0,0,0,0,0,0,None
Bardez,Spices,2023-10-06,10,Pod_Development,26.7,78,9.4,0,3,47.2,35.0,82,5.27,5.3,0.0,0,0,0,0,0,0,0,None
Pernem,Cashew,2021-04-06,4,Dormant,38.2,66,0.0,14,0,20.5,20.5,25,5.12,0.0,0.0,1,0,0,0,1,0,1,Moderate
Sattari,Pineapple,2025-08-15,8,Harvest,27.1,89,11.5,1,3,49.3,31.4,98,5.2,3.5,4.5,0,0,0,0,0,0,0,None
Canacona,Coconut,2022-10-25,10,Nut_Development,25.0,100,5.5,0,4,56.7,44.6,79,5.47,9.3,8.1,0,0,1,1,0,0,1,Moderate
Canacona,Coconut,2024-04-28,4,Inflorescence,36.7,51,0.0,28,0,12.0,21.8,30,5.68,1.0,0.0,1,0,0,0,1,0,1,Moderate
Dharbandora,Spices,2025-10-26,10,Vegetative,26.7,78,79.9,0,5,78.6,23.0,84,4.91,3.0,1.1,0,0,0,0,0,0,0,None
Sanguem,Rice (Paddy),2021-02-06,2,Seedling,23.9,62,0.0,15,0,12.0,7.5,25,4.99,0.0,0.0,1,0,0,0,0,0,1,Low
Salcete,Cashew,2025-12-09,12,Fruit_Development,28.7,73,0.0,13,0,18.3,9.2,67,5.58,0.0,2.4,0,0,0,0,0,0,0,None
Tiswadi,Coconut,2024-10-24,10,Maturity,25.8,86,29.8,2,6,69.4,25.3,79,5.09,3.6,5.3,0,0,0,0,0,0,0,None
Bardez,Cashew,2025-09-15,9,Harvest,27.3,83,54.3,0,0,72.8,42.1,100,4.8,3.5,0.8,0,0,0,0,0,0,0,None
Sattari,Arecanut,2025-03-29,3,Nut_Formation,36.2,53,0.0,20,0,12.0,17.8,47,6.11,0.3,0.0,1,0,0,0,0,0,1,Low
Mormugao,Coconut,2021-10-06,10,Nut_Development,25.1,94,5.0,0,0,57.0,9.9,90,4.89,6.9,2.1,0,0,0,0,0,0,0,None
Quepem,Pineapple,2021-08-05,8,Inflorescence,28.2,77,180.1,1,0,98.0,32.9,100,5.07,3.3,0.0,0,1,0,0,0,0,1,Low
Sanguem,Rice (Paddy),2023-05-17,5,Seedling,33.4,49,0.0,17,0,12.0,18.6,12,4.43,0.0,0.0,1,0,0,0,0,0,1,Low
Sattari,Cashew,2023-05-23,5,Harvest,33.8,52,0.0,20,0,12.0,9.6,41,5.62,1.8,0.5,1,0,0,0,0,0,1,Low
Bicholim,Rice (Paddy),2025-12-27,12,Flowering,31.0,69,0.0,15,0,12.0,9.1,36,5.45,0.0,0.9,1,0,0,0,0,0,1,Low
Canacona,Cashew,2024-07-20,7,Harvest,29.0,91,31.4,0,7,67.8,26.1,82,4.84,5.6,7.1,0,0,0,1,0,0,1,Low
Ponda,Rice (Paddy),2021-03-03,3,Flowering,36.9,45,0.0,14,0,12.0,11.0,32,4.42,1.4,0.0,1,0,0,0,1,1,1,High
Dharbandora,Rice (Paddy),2022-08-19,8,Flowering,25.3,82,19.4,0,1,60.5,22.1,80,5.7,2.0,0.0,0,0,0,0,0,0,0,None
Bardez,Coconut,2022-12-30,12,Vegetative,29.0,67,0.0,10,0,24.1,17.3,33,5.37,0.0,0.0,0,0,0,0,0,0,0,None
Bicholim,Cashew,2024-09-27,9,Flowering,26.9,90,11.0,1,3,51.5,23.0,65,5.01,5.1,5.2,0,0,1,0,0,0,1,Low
Salcete,Coconut,2022-02-01,2,Vegetative,30.6,58,0.0,19,0,12.0,12.9,10,5.56,2.3,0.1,1,0,0,0,0,0,1,Low
Tiswadi,Rice (Paddy),2022-11-30,11,Flowering,29.6,74,0.0,17,0,18.1,24.5,22,5.59,0.0,0.7,0,0,0,0,0,0,0,None
Bardez,Coconut,2023-11-09,11,Nut_Development,29.2,73,0.0,7,0,36.4,11.4,25,5.21,1.9,1.0,0,0,0,0,0,0,0,None
Sanguem,Arecanut,2021-06-26,6,Vegetative,27.5,91,48.3,0,2,77.7,38.5,85,5.78,5.8,0.0,0,0,0,0,0,0,0,None
Dharbandora,Cashew,2025-06-24,6,Harvest,27.3,90,15.0,0,0,61.7,27.9,70,4.92,6.6,0.0,0,0,0,0,0,0,0,None
Quepem,Coconut,2022-01-31,1,Vegetative,28.1,67,0.0,11,0,24.5,11.8,34,5.36,0.0,0.5,0,0,0,0,0,0,0,None
Sattari,Rice (Paddy),2022-03-21,3,Tillering,34.7,46,8.9,16,1,14.6,10.2,24,6.08,0.1,1.1,1,0,0,0,0,0,1,Low
Ponda,Spices,2024-06-10,6,Harvest,25.5,89,34.2,0,5,69.4,23.9,98,5.81,5.3,7.5,0,0,0,1,0,0,1,Low
Ponda,Rice (Paddy),2021-03-17,3,Flowering,34.8,54,0.0,22,0,12.0,24.2,13,4.99,0.8,0.4,1,0,0,0,0,0,1,Low
Mormugao,Coconut,2021-09-22,9,Inflorescence,25.5,78,90.9,5,3,78.2,27.6,82,4.95,3.9,2.0,0,0,0,0,0,0,0,None
Sattari,Cashew,2022-03-31,3,Harvest,38.9,75,0.0,22,0,12.0,21.5,30,4.75,0.2,1.4,1,0,0,0,1,0,1,Moderate
Dharbandora,Arecanut,2025-12-25,12,Harvest,33.7,54,0.0,3,0,30.2,15.9,29,5.66,0.0,1.2,0,0,0,0,0,0,0,None
Ponda,Rice (Paddy),2022-12-19,12,Seedling,32.0,58,0.0,12,0,16.3,15.0,50,5.24,0.0,0.2,0,0,0,0,0,0,0,None
Sanguem,Rice (Paddy),2023-01-05,1,Tillering,22.9,67,0.0,7,0,32.1,15.7,40,4.77,0.0,0.0,0,0,0,0,0,1,1,Low
Salcete,Spices,2024-11-08,11,Pod_Development,29.1,55,0.0,17,0,12.4,11.7,22,6.02,1.3,0.6,1,0,0,0,0,0,1,Low
Pernem,Mango,2025-05-07,5,Vegetative,34.0,51,22.3,15,1,19.7,23.1,27,5.48,0.9,0.6,1,0,0,0,0,0,1,Low
Sattari,Arecanut,2023-05-01,5,Vegetative,33.0,53,0.0,19,0,12.0,11.8,25,5.85,0.9,0.2,1,0,0,0,0,0,1,Low
Sattari,Cashew,2025-03-10,3,Fruit_Development,32.0,49,0.0,15,0,12.0,10.4,33,5.4,1.1,0.0,1,0,0,0,0,0,1,Low
Bardez,Coconut,2024-10-22,10,Maturity,31.1,83,64.5,2,9,66.5,26.5,100,4.8,4.7,7.0,1,0,0,0,0,0,1,Low
Ponda,Cashew,2021-05-24,5,Dormant,33.0,47,4.9,14,1,14.3,19.7,40,5.67,0.0,0.2,1,0,0,1,0,0,1,Moderate
Tiswadi,Coconut,2023-06-04,6,Maturity,30.8,86,7.9,0,2,53.0,44.9,86,5.83,4.7,0.0,0,0,0,0,0,0,0,None
Dharbandora,Rice (Paddy),2023-12-29,12,Flowering,31.1,65,0.0,6,0,31.7,12.7,12,5.5,0.2,0.0,0,0,0,0,0,0,0,None
Ponda,Spices,2024-01-28,1,Harvest,25.7,78,0.0,5,0,40.2,13.6,16,5.28,0.2,0.0,0,1,0,0,0,0,1,Low
Bardez,Coconut,2022-01-31,1,Inflorescence,31.1,67,0.0,18,0,16.9,15.5,49,5.59,0.0,1.5,1,0,0,0,0,0,1,Low
Salcete,Rice (Paddy),2023-11-15,11,Tillering,30.6,73,0.0,4,0,41.9,17.3,11,5.68,0.0,0.0,0,0,0,0,0,0,0,None
Bicholim,Cashew,2023-08-06,8,Flowering,28.5,82,6.2,4,8,41.0,23.4,98,5.77,3.5,6.2,0,0,0,0,0,0,0,None
Mormugao,Banana,2023-06-10,6,Harvest,30.2,88,56.0,0,0,79.7,30.5,77,5.48,5.4,0.0,0,0,0,1,0,0,1,Low
Pernem,Mango,2025-02-01,2,Flowering,29.7,68,0.0,3,0,34.9,13.3,21,5.03,0.0,0.6,0,0,0,0,0,0,0,None
Ponda,Spices,2025-02-16,2,Flowering,28.2,62,0.0,12,0,12.0,15.7,13,4.61,0.0,0.7,0,0,0,0,0,1,1,Low
Quepem,Coconut,2025-05-08,5,Maturity,39.9,72,0.0,29,0,12.0,19.5,17,5.0,0.0,1.7,1,0,0,0,1,0,1,Moderate
Sattari,Cashew,2024-03-20,3,Dormant,32.1,59,0.0,5,0,27.6,17.6,5,5.43,0.5,0.0,0,0,0,0,0,0,0,None
Mormugao,Spices,2024-03-13,3,Flowering,34.7,71,0.0,18,0,12.0,10.8,35,5.19,0.3,1.9,1,0,0,0,0,0,1,Low
Mormugao,Coconut,2022-07-23,7,Vegetative,27.6,90,64.3,4,20,81.8,28.8,97,4.69,6.6,10.0,0,0,0,1,0,0,1,Low
Pernem,Cashew,2023-11-29,11,Fruit_Development,28.7,50,0.0,13,0,12.0,17.7,10,4.96,1.5,0.3,0,0,0,0,0,0,0,None
Sanguem,Cashew,2021-04-19,4,Harvest,33.4,37,0.0,17,0,12.0,15.5,24,5.2,0.4,0.3,1,0,0,0,0,0,1,Low
Sanguem,Rice (Paddy),2025-09-13,9,Tillering,28.1,86,6.1,0,0,51.8,25.5,90,6.66,5.3,0.0,0,0,0,0,0,0,0,None
Sattari,Mango,2023-12-02,12,Vegetative,30.4,75,0.0,15,0,20.8,20.2,34,5.23,2.0,0.0,1,0,0,0,0,0,1,Low
Mormugao,Coconut,2024-04-24,4,Inflorescence,39.1,54,0.0,14,0,18.2,19.3,31,5.31,2.4,0.0,1,0,0,0,1,0,1,Moderate
Sattari,Cashew,2023-07-24,7,Flowering,28.0,96,44.0,0,6,77.9,31.0,63,5.63,6.7,6.5,0,0,1,1,0,0,1,Moderate
Canacona,Rice (Paddy),2022-02-02,2,Grain_Filling,28.3,74,0.1,14,1,18.3,20.6,37,5.45,0.9,0.0,1,0,0,0,0,0,1,Low
Salcete,Cashew,2024-05-31,5,Fruit_Development,33.0,62,0.0,17,0,12.0,13.7,45,5.32,2.1,0.8,1,0,0,0,0,0,1,Low
Salcete,Rice (Paddy),2022-09-26,9,Tillering,29.9,79,50.2,0,17,66.7,24.2,78,5.36,3.7,1.4,0,0,0,0,0,0,0,None
Sanguem,Rice (Paddy),2024-03-02,3,Grain_Filling,32.2,74,2.4,18,1,12.0,11.9,27,4.95,0.0,0.0,1,0,0,0,0,0,1,Low
Dharbandora,Rice (Paddy),2024-04-01,4,Flowering,33.7,56,0.0,21,0,12.0,22.0,28,5.42,0.0,0.0,1,0,0,0,0,0,1,Low
Bicholim,Cashew,2024-05-23,5,Harvest,35.9,52,0.0,20,0,12.0,17.7,30,4.79,1.3,0.0,0,0,0,0,0,0,0,None
Canacona,Spices,2023-01-03,1,Harvest,29.2,76,0.0,10,0,30.7,18.0,10,5.82,1.6,0.4,0,0,0,0,0,0,0,None
Salcete,Cashew,2021-08-23,8,Dormant,26.2,100,2.9,1,0,47.9,30.3,85,5.52,9.4,0.0,0,0,1,0,0,0,1,Low
Mormugao,Banana,2022-10-20,10,Shooting,25.3,94,83.2,5,2,82.8,30.0,69,4.72,7.2,1.3,0,0,1,0,0,1,1,Moderate
Quepem,Rice (Paddy),2023-01-21,1,Tillering,33.0,76,0.0,11,0,26.9,19.7,39,5.14,2.9,0.4,1,0,0,0,0,0,1,Low
Salcete,Coconut,2022-08-11,8,Inflorescence,27.1,87,100.0,1,1,90.3,14.8,82,5.01,4.3,1.1,0,0,0,0,0,0,0,None
Sanguem,Pineapple,2023-10-30,10,Harvest,28.3,96,133.3,1,7,98.0,31.9,89,5.48,6.1,10.0,0,1,0,1,0,0,1,Moderate
Canacona,Coconut,2024-01-03,1,Nut_Development,31.5,59,0.0,18,0,12.0,14.1,61,5.14,0.0,0.0,1,0,0,0,0,0,1,Low
Dharbandora,Rice (Paddy),2023-08-12,8,Grain_Filling,30.1,80,139.0,5,0,95.5,48.9,73,5.3,2.5,0.4,0,0,0,0,0,0,0,None
Salcete,Rice (Paddy),2022-05-07,5,Tillering,29.6,57,0.0,30,0,12.0,13.1,35,5.33,0.0,0.4,1,0,0,0,0,0,1,Low
Canacona,Coconut,2023-07-02,7,Inflorescence,26.9,74,1.4,2,1,37.9,29.7,89,5.93,0.0,0.8,0,0,0,0,0,0,0,None
Salcete,Coconut,2024-06-30,6,Nut_Development,28.1,93,19.4,0,7,57.9,17.1,92,4.96,4.4,8.6,0,0,0,1,0,0,1,Low
Tiswadi,Coconut,2024-06-07,6,Maturity,26.5,88,36.1,0,0,63.9,26.8,91,5.02,5.1,0.8,0,0,0,0,0,0,0,None
Tiswadi,Rice (Paddy),2025-03-23,3,Tillering,38.1,58,0.0,19,0,12.0,16.7,5,5.74,0.0,0.0,1,0,0,0,1,0,1,Moderate
Quepem,Pineapple,2024-04-12,4,Harvest,34.7,56,0.0,16,0,12.9,18.1,27,5.72,0.0,1.9,1,0,0,0,0,0,1,Low
Pernem,Coconut,2025-08-04,8,Nut_Development,27.8,77,11.7,2,3,45.1,28.1,71,4.63,2.7,0.7,0,0,0,0,0,0,0,None
Tiswadi,Coconut,2024-04-06,4,Vegetative,34.1,54,0.0,22,0,12.0,13.8,23,4.6,0.8,1.5,1,0,0,0,0,0,1,Low
Canacona,Rice (Paddy),2021-06-19,6,Grain_Filling,25.8,80,7.7,1,2,55.7,28.3,89,5.63,3.3,0.0,0,0,0,0,0,0,0,None
Sanguem,Cashew,2024-11-17,11,Fruit_Development,25.4,63,0.0,22,0,12.0,11.0,24,5.01,0.0,0.0,1,0,0,0,0,0,1,Low
Salcete,Cashew,2023-08-04,8,Flowering,26.5,84,49.9,1,15,69.5,12.6,100,5.86,3.9,10.0,0,1,0,1,0,0,1,Moderate
Salcete,Coconut,2023-03-06,3,Inflorescence,32.5,46,0.0,20,0,12.0,17.2,20,5.77,0.3,1.2,1,0,0,1,0,0,1,Moderate
Canacona,Cashew,2022-09-26,9,Flowering,26.7,74,10.3,1,4,43.8,29.3,89,4.57,0.0,1.4,1,0,0,0,0,1,1,Moderate
Tiswadi,Mango,2024-05-02,5,Maturity,35.3,68,0.0,25,0,12.0,16.9,18,4.81,0.3,1.1,1,0,0,0,0,0,1,Low
Canacona,Coconut,2025-03-21,3,Vegetative,30.7,41,0.0,14,0,12.0,27.8,37,5.75,0.0,0.0,1,0,0,0,0,0,1,Low
Bicholim,Banana,2021-01-29,1,Bunch_Emergence,33.1,79,0.0,14,0,25.0,14.3,24,4.67,1.7,0.5,1,0,0,0,0,0,1,Low
Dharbandora,Spices,2024-04-03,4,Pod_Development,32.3,57,0.0,16,0,12.0,15.3,50,5.16,0.0,0.0,1,0,0,0,0,0,1,Low
Sanguem,Rice (Paddy),2024-12-16,12,Seedling,30.6,75,0.0,15,0,26.4,10.9,64,5.15,1.3,0.3,0,0,0,0,0,0,0,None
Tiswadi,Coconut,2021-12-05,12,Inflorescence,30.0,77,0.0,2,0,38.0,10.9,32,5.6,3.3,0.0,0,0,0,0,0,0,0,None
Quepem,Cashew,2025-07-30,7,Flowering,26.8,96,61.4,0,7,78.0,32.9,77,5.2,8.6,8.9,0,0,1,1,0,0,1,Moderate
Canacona,Coconut,2025-02-28,2,Maturity,29.4,66,0.2,27,1,12.0,18.3,31,6.45,0.0,0.0,1,0,0,0,0,0,1,Low
Quepem,Cashew,2024-10-20,10,Harvest,27.1,87,6.5,0,20,43.3,24.2,89,5.18,3.5,10.0,0,0,0,1,0,0,1,Low
Sanguem,Cashew,2024-09-27,9,Flowering,28.9,95,24.3,0,0,69.6,24.1,85,5.23,7.6,0.1,0,0,1,0,0,0,1,Low
Bardez,Cashew,2022-05-15,5,Harvest,35.5,47,0.0,17,0,12.0,14.5,27,5.43,1.2,0.0,1,0,0,0,0,0,1,Low
Bardez,Mango,2025-08-08,8,Flowering,26.7,85,47.1,2,13,60.4,27.0,62,6.5,3.2,10.0,0,0,0,1,0,0,1,Low
Canacona,Coconut,2022-05-26,5,Maturity,34.4,36,0.4,30,1,12.0,19.9,28,4.97,0.0,1.7,1,0,0,0,0,0,1,Low
Pernem,Mango,2024-09-12,9,Fruit_Setting,28.0,78,51.9,3,10,62.4,27.2,100,4.34,2.6,0.0,0,0,0,0,0,0,0,None
Pernem,Cashew,2021-08-05,8,Dormant,26.3,80,29.0,1,3,66.1,8.0,74,6.53,4.3,0.4,0,0,0,0,0,0,0,None
Dharbandora,Pineapple,2024-08-17,8,Vegetative,27.6,89,7.3,0,7,45.2,23.8,86,5.41,5.0,6.6,0,0,0,1,0,0,1,Low
Mormugao,Banana,2024-03-01,3,Shooting,36.0,50,0.0,24,0,12.0,15.6,28,5.62,0.6,0.0,1,0,0,0,0,0,1,Low
Sanguem,Rice (Paddy),2023-12-30,12,Flowering,29.6,56,0.7,2,1,32.9,20.0,24,6.04,1.9,0.0,0,0,0,0,0,0,0,None
Pernem,Spices,2024-06-29,6,Pod_Development,29.3,80,122.8,1,2,95.0,14.6,83,5.86,1.4,0.0,0,0,0,0,0,0,0,None
Bardez,Mango,2024-12-09,12,Fruit_Setting,27.3,65,0.0,7,0,24.1,15.8,54,5.21,0.5,0.0,0,0,0,0,0,0,0,None
Quepem,Rice (Paddy),2025-12-16,12,Seedling,29.3,70,0.0,10,0,31.9,19.0,46,5.48,1.0,0.3,0,0,0,0,0,0,0,None
Mormugao,Rice (Paddy),2022-03-21,3,Seedling,36.4,64,3.6,20,1,12.0,12.3,34,5.64,0.0,0.0,1,0,0,0,0,0,1,Low
Quepem,Rice (Paddy),2023-05-26,5,Grain_Filling,34.1,68,0.0,14,0,12.0,18.0,32,5.54,0.0,0.0,1,0,0,0,0,0,1,Low
Sanguem,Cashew,2024-04-20,4,Fruit_Development,33.6,46,0.0,20,0,12.0,14.2,36,5.07,0.0,0.0,1,0,0,0,0,0,1,Low
Ponda,Arecanut,2021-06-16,6,Vegetative,30.4,85,1.9,6,1,36.1,23.1,96,5.0,5.0,0.0,0,0,0,0,0,0,0,None
Sanguem,Cashew,2021-04-01,4,Flowering,38.5,62,0.0,21,0,12.0,17.7,42,5.4,0.0,0.0,1,0,0,0,1,0,1,Moderate
Quepem,Rice (Paddy),2022-12-15,12,Flowering,31.8,61,1.3,10,1,20.1,10.5,34,5.53,0.0,0.0,0,0,0,0,0,0,0,None
Sattari,Mango,2025-04-04,4,Maturity,32.2,62,0.0,18,0,12.0,17.0,9,5.54,2.6,0.0,1,0,0,0,0,0,1,Low
Sattari,Banana,2021-02-08,2,Shooting,28.8,66,0.0,11,0,24.8,18.6,19,5.69,0.0,0.7,0,0,0,0,0,0,0,None
Tiswadi,Mango,2024-02-24,2,Vegetative,26.5,79,0.0,8,0,27.4,12.6,14,5.53,2.7,0.0,0,0,0,0,0,0,0,None
Quepem,Rice (Paddy),2025-01-14,1,Grain_Filling,29.7,75,0.0,18,0,14.3,13.7,32,4.85,2.5,0.0,1,0,0,0,0,0,1,Low
Dharbandora,Mango,2021-06-22,6,Flowering,27.5,86,29.2,0,0,59.6,34.7,79,4.73,4.6,0.0,0,0,0,0,0,1,1,Low
Tiswadi,Coconut,2022-10-15,10,Maturity,24.1,92,60.5,0,0,82.1,13.2,82,5.71,5.4,0.8,0,0,0,0,0,0,0,None
Dharbandora,Spices,2023-01-24,1,Harvest,29.3,67,0.0,9,0,22.7,5.3,15,6.48,0.9,0.2,0,0,0,0,0,0,0,None
Ponda,Banana,2024-05-28,5,Harvest,32.7,63,0.0,24,0,12.0,15.9,8,5.5,0.0,0.5,0,0,0,0,0,0,0,None
Ponda,Arecanut,2025-07-20,7,Nut_Formation,22.9,78,60.6,1,2,66.1,18.8,100,4.61,2.2,0.9,0,0,0,0,0,0,0,None
Tiswadi,Coconut,2023-12-18,12,Maturity,27.3,65,0.5,8,1,27.9,10.2,10,5.26,0.5,0.0,0,0,0,0,0,0,0,None
Bardez,Coconut,2025-08-11,8,Maturity,25.2,87,81.1,0,6,88.8,14.9,51,5.75,6.3,6.3,0,0,0,0,0,0,0,None
Salcete,Rice (Paddy),2022-04-21,4,Flowering,39.0,52,0.0,12,0,19.5,16.7,9,5.63,0.0,0.0,1,0,0,0,1,0,1,Moderate
Dharbandora,Spices,2022-04-01,4,Pod_Development,36.2,61,0.0,20,0,12.0,18.3,31,6.24,1.8,0.9,1,0,0,0,0,0,1,Low
Ponda,Arecanut,2023-04-09,4,Flowering,36.0,49,0.0,20,0,12.0,12.4,23,5.53,0.0,0.0,1,0,0,0,0,0,1,Low
Dharbandora,Spices,2023-06-14,6,Vegetative,28.3,96,93.7,2,13,97.9,11.7,100,5.47,5.7,10.0,0,0,0,1,0,0,1,Low
Bardez,Mango,2024-10-16,10,Vegetative,23.5,96,160.5,0,9,98.0,20.7,79,4.92,0.0,8.9,0,1,0,1,0,0,1,Moderate
Bicholim,Cashew,2023-10-22,10,Dormant,27.4,79,28.6,0,0,61.0,11.2,81,5.33,2.1,0.2,0,0,0,0,0,0,0,None
Salcete,Pineapple,2022-01-22,1,Harvest,29.9,56,0.0,12,0,20.8,19.7,40,5.79,0.0,0.0,0,0,0,0,0,0,0,None
Sattari,Cashew,2021-12-14,12,Harvest,34.2,67,0.0,6,0,32.2,17.9,52,4.97,0.0,0.0,0,0,0,0,0,0,0,None
Ponda,Rice (Paddy),2021-07-09,7,Grain_Filling,30.9,97,9.6,0,2,65.5,31.8,63,5.98,6.8,0.7,0,0,1,0,0,0,1,Low
Tiswadi,Coconut,2022-05-20,5,Maturity,36.6,41,0.0,18,0,12.0,15.1,12,5.34,2.7,0.0,1,0,0,0,1,0,1,Moderate
Dharbandora,Spices,2024-04-29,4,Flowering,36.3,36,0.0,26,0,12.0,11.8,28,5.45,0.0,0.0,1,0,0,0,0,0,1,Low
Tiswadi,Coconut,2025-03-12,3,Vegetative,37.5,52,0.0,13,0,13.2,23.1,12,4.97,0.8,0.0,1,1,0,0,1,0,1,High
Ponda,Rice (Paddy),2024-10-24,10,Tillering,29.2,76,18.0,0,0,55.2,14.5,96,4.99,2.2,0.0,0,0,0,0,0,0,0,None
Canacona,Coconut,2024-12-03,12,Vegetative,23.1,61,0.0,12,0,18.6,8.4,35,4.69,0.0,0.0,0,0,0,0,0,0,0,None
Sattari,Cashew,2023-04-04,4,Fruit_Development,34.9,66,1.7,25,1,12.0,11.6,24,5.91,0.0,0.1,1,0,0,0,0,0,1,Low
Bicholim,Cashew,2023-07-18,7,Fruit_Development,29.2,100,105.2,1,2,98.0,24.5,81,5.44,9.9,0.1,0,0,1,0,0,0,1,Low
Dharbandora,Banana,2023-07-23,7,Shooting,25.8,91,17.1,1,7,61.1,18.3,75,4.67,6.4,8.3,0,0,0,1,0,1,1,Moderate
Mormugao,Pineapple,2024-02-15,2,Inflorescence,30.8,50,0.0,18,0,12.0,14.1,32,5.6,0.7,0.0,1,0,0,0,0,0,1,Low
Sattari,Rice (Paddy),2021-05-14,5,Flowering,32.2,52,0.0,13,0,15.6,26.4,24,5.75,1.0,1.0,0,0,0,0,0,0,0,None
Ponda,Spices,2021-02-27,2,Pod_Development,29.3,81,1.1,13,1,25.6,13.0,24,5.68,2.1,0.0,0,0,0,0,0,0,0,None
Dharbandora,Rice (Paddy),2025-04-29,4,Flowering,30.0,65,6.4,15,1,16.2,16.2,28,5.46,0.0,1.0,1,0,0,0,0,0,1,Low
Ponda,Rice (Paddy),2022-11-16,11,Seedling,27.9,63,0.0,16,0,15.2,12.6,57,5.01,0.0,0.0,1,0,0,0,0,0,1,Low
Canacona,Rice (Paddy),2022-11-03,11,Seedling,31.7,77,0.0,11,0,29.5,16.5,24,5.51,3.5,0.0,0,0,0,0,0,0,0,None
Sattari,Rice (Paddy),2021-06-22,6,Flowering,26.4,83,43.9,0,3,64.9,23.3,87,5.54,5.5,2.4,0,0,0,0,0,0,0,None
Salcete,Arecanut,2023-03-26,3,Flowering,37.7,61,0.0,17,0,19.7,13.3,27,6.24,0.0,0.0,1,0,0,0,0,0,1,Low
Salcete,Cashew,2024-03-18,3,Flowering,36.8,64,0.0,18,0,15.6,12.0,29,5.06,2.1,0.0,1,0,0,0,0,0,1,Low
Ponda,Rice (Paddy),2021-03-21,3,Flowering,33.4,66,0.0,9,0,26.1,13.2,18,5.19,0.0,0.0,1,0,0,0,0,0,1,Low
Tiswadi,Rice (Paddy),2023-06-05,6,Flowering,28.0,92,8.8,2,8,51.4,31.7,83,5.53,4.2,7.6,0,0,0,1,0,0,1,Low
Pernem,Rice (Paddy),2024-05-21,5,Tillering,36.8,30,0.0,30,0,12.0,20.2,45,5.54,0.0,0.0,1,0,0,0,1,0,1,Moderate
Canacona,Rice (Paddy),2021-07-22,7,Tillering,28.3,83,11.0,1,5,47.7,24.9,71,4.88,3.3,4.6,0,0,0,0,0,0,0,None
Bardez,Mango,2023-02-03,2,Maturity,29.4,67,0.0,13,0,19.0,11.2,60,5.7,0.0,0.0,0,0,0,0,0,0,0,None
Bicholim,Rice (Paddy),2024-06-06,6,Flowering,26.6,98,34.2,2,5,62.6,17.5,64,6.17,7.0,6.1,0,0,1,0,0,0,1,Low
Dharbandora,Rice (Paddy),2025-08-27,8,Grain_Filling,28.3,90,22.8,2,6,51.0,30.0,87,5.25,8.4,7.1,0,0,1,1,0,0,1,Moderate
Ponda,Cashew,2024-06-04,6,Dormant,28.2,79,68.4,2,1,78.5,35.1,77,5.28,1.7,0.0,0,0,0,0,0,0,0,None
Pernem,Mango,2025-08-10,8,Vegetative,27.6,88,59.5,9,18,62.4,25.2,72,5.39,4.7,10.0,0,0,0,1,0,0,1,Low
Bicholim,Rice (Paddy),2025-04-05,4,Flowering,35.7,57,0.0,18,1,12.0,13.8,32,5.93,0.9,0.0,1,0,0,0,0,0,1,Low
Bardez,Mango,2025-01-04,1,Maturity,31.8,66,0.0,13,0,19.8,12.4,28,5.51,0.0,0.0,0,0,0,0,0,0,0,None
Ponda,Coconut,2024-11-26,11,Inflorescence,25.7,71,0.0,10,0,28.9,14.2,10,5.1,0.1,0.0,0,0,0,0,0,0,0,None
Salcete,Arecanut,2021-02-16,2,Nut_Formation,29.4,74,0.0,14,0,18.3,19.0,21,5.32,1.5,0.0,1,1,0,0,0,0,1,Moderate
Mormugao,Coconut,2024-06-10,6,Maturity,28.2,87,36.6,2,6,66.2,41.5,87,5.4,4.7,5.7,0,0,0,0,0,0,0,None
Quepem,Pineapple,2024-08-21,8,Vegetative,29.9,87,53.8,3,10,62.3,10.1,78,5.18,3.4,8.8,0,0,0,1,0,0,1,Low
Sanguem,Pineapple,2025-03-30,3,Inflorescence,35.8,63,0.0,19,0,12.0,14.2,32,5.44,0.0,0.0,1,0,0,0,0,0,1,Low
Canacona,Rice (Paddy),2024-03-12,3,Seedling,35.3,59,0.0,17,0,12.0,22.5,11,5.09,0.0,0.6,1,0,0,0,0,0,1,Low
Ponda,Rice (Paddy),2024-12-09,12,Grain_Filling,25.4,64,0.0,11,0,20.6,15.2,26,5.29,0.0,1.1,0,0,0,0,0,0,0,None
Sanguem,Cashew,2025-03-17,3,Flowering,41.0,59,0.0,13,0,19.4,19.4,47,5.35,2.5,0.0,1,0,0,0,1,0,1,Moderate
Pernem,Coconut,2024-10-28,10,Inflorescence,30.5,81,54.1,1,3,71.5,17.6,90,5.02,2.8,0.6,0,0,0,0,0,0,0,None
Mormugao,Coconut,2025-05-09,5,Inflorescence,33.8,55,0.0,16,0,12.0,20.1,24,5.72,1.0,0.9,1,0,0,0,0,0,1,Low
Sanguem,Rice (Paddy),2024-07-06,7,Grain_Filling,29.1,88,14.0,1,5,49.9,20.4,79,5.33,4.6,8.1,0,0,0,1,0,0,1,Low
Pernem,Coconut,2022-10-18,10,Maturity,28.3,81,8.6,0,0,45.6,51.4,67,5.4,4.3,1.0,0,0,0,0,0,0,0,None
Sattari,Arecanut,2022-04-16,4,Nut_Formation,34.2,56,0.0,25,0,12.0,11.6,40,5.34,0.0,0.1,1,0,0,0,0,0,1,Low
Ponda,Spices,2023-08-29,8,Harvest,29.4,98,5.6,2,0,56.4,22.3,88,5.16,6.4,1.4,0,0,0,0,0,0,0,None
Mormugao,Coconut,2023-11-02,11,Maturity,31.9,70,0.0,13,0,14.2,12.4,35,5.45,0.5,0.2,0,0,0,0,0,0,0,None
Ponda,Arecanut,2024-09-15,9,Vegetative,25.5,96,8.0,1,3,48.8,22.5,81,4.66,5.2,5.7,1,0,0,0,0,0,1,Low
Ponda,Rice (Paddy),2023-01-06,1,Seedling,27.2,62,0.1,12,1,28.7,15.0,67,5.8,0.0,1.4,0,0,0,0,0,0,0,None
Canacona,Mango,2023-02-23,2,Vegetative,26.9,80,0.0,12,0,27.0,15.2,22,5.49,2.2,0.3,0,0,0,0,0,0,0,None
Dharbandora,Mango,2023-08-26,8,Maturity,30.3,84,35.7,3,3,54.2,25.5,87,5.22,2.9,4.6,0,0,0,0,0,0,0,None
Pernem,Mango,2021-12-24,12,Maturity,28.5,69,0.4,15,1,17.2,15.5,37,4.94,0.0,0.0,1,0,0,0,0,0,1,Low
Pernem,Spices,2023-08-30,8,Harvest,30.5,92,8.5,0,1,59.3,26.4,100,5.13,5.7,0.0,0,0,0,0,0,0,0,None
Sattari,Rice (Paddy),2024-12-02,12,Tillering,26.7,62,0.0,10,0,26.3,18.9,42,5.84,1.1,0.0,0,0,0,0,0,0,0,None
Quepem,Pineapple,2022-10-30,10,Inflorescence,24.7,76,38.0,2,6,66.7,8.0,100,5.6,2.4,1.0,0,0,0,0,0,0,0,None
Salcete,Cashew,2022-01-08,1,Harvest,30.9,64,0.8,11,1,28.2,17.4,38,5.42,0.0,1.3,0,0,0,0,0,0,0,None
Sanguem,Rice (Paddy),2023-10-29,10,Tillering,24.6,65,7.8,1,2,40.3,21.0,100,6.15,0.6,2.7,0,0,0,0,0,0,0,None
Quepem,Pineapple,2024-02-20,2,Inflorescence,24.8,69,0.0,14,0,14.3,10.1,10,5.35,1.1,0.0,1,0,0,0,0,0,1,Low
Sanguem,Cashew,2024-10-03,10,Harvest,27.1,88,18.6,0,0,61.6,20.7,76,5.18,3.1,0.0,0,0,0,0,0,0,0,None
Ponda,Pineapple,2022-11-07,11,Vegetative,32.1,75,0.0,5,0,39.7,15.7,44,5.62,2.1,2.7,0,0,0,0,0,0,0,None
Canacona,Cashew,2021-03-31,3,Dormant,34.3,65,0.0,15,0,17.3,14.6,24,6.03,0.3,1.1,1,0,0,0,0,0,1,Low
Pernem,Rice (Paddy),2025-07-30,7,Seedling,26.0,87,20.3,1,6,56.0,11.3,85,5.92,4.7,4.9,0,1,0,0,0,0,1,Low
Canacona,Coconut,2022-11-29,11,Maturity,32.9,74,0.0,11,0,27.4,15.6,24,5.62,0.3,0.0,0,0,0,0,0,0,0,None
Salcete,Cashew,2024-09-01,9,Dormant,27.0,84,6.6,0,3,45.8,26.7,92,4.82,3.7,2.5,0,0,0,1,0,0,1,Low
Salcete,Mango,2024-04-16,4,Flowering,35.6,59,0.0,5,0,30.1,15.4,36,5.53,1.6,0.5,0,0,0,0,0,0,0,None
Pernem,Cashew,2022-06-24,6,Harvest,24.5,68,7.9,3,3,41.9,31.5,80,5.66,0.0,0.1,0,0,0,0,0,0,0,None
Tiswadi,Coconut,2023-01-02,1,Maturity,30.0,69,0.0,8,0,28.8,20.8,10,5.2,0.0,0.6,0,0,0,0,0,0,0,None
Ponda,Spices,2023-05-19,5,Harvest,35.4,41,0.0,18,0,12.0,8.9,43,4.88,0.0,0.4,1,1,0,0,0,0,1,Moderate
Quepem,Coconut,2021-02-10,2,Nut_Development,31.3,70,0.0,10,0,19.9,6.9,48,5.22,0.0,0.0,0,0,0,0,0,0,0,None
Sanguem,Cashew,2023-01-10,1,Harvest,28.5,68,0.0,5,0,29.0,18.3,26,5.16,2.2,0.0,0,0,0,0,0,0,0,None
Pernem,Cashew,2025-09-24,9,Flowering,30.2,81,15.3,0,1,60.6,22.1,65,6.1,3.2,0.0,0,0,0,0,0,0,0,None
Dharbandora,Arecanut,2022-05-17,5,Nut_Formation,34.7,62,0.0,14,0,24.4,5.0,11,5.02,1.2,0.0,1,0,0,0,0,0,1,Low
Pernem,Coconut,2023-08-17,8,Inflorescence,27.8,83,84.4,2,5,81.1,25.3,89,5.34,4.0,5.1,0,0,0,0,0,0,0,None
Salcete,Coconut,2024-03-14,3,Inflorescence,35.1,49,0.0,30,0,12.0,21.9,23,5.66,0.0,0.1,1,0,0,0,0,0,1,Low
Sattari,Arecanut,2024-05-09,5,Nut_Formation,31.9,49,0.0,11,0,20.7,11.6,10,5.46,1.1,0.0,0,0,0,0,0,0,0,None
Mormugao,Coconut,2023-07-18,7,Maturity,28.0,100,380.0,0,11,98.0,39.7,90,5.14,7.3,10.0,0,1,1,1,0,0,1,High
Sanguem,Rice (Paddy),2025-10-14,10,Grain_Filling,26.1,83,29.1,1,2,62.2,40.9,96,4.37,2.5,0.0,0,0,0,0,0,0,0,None
Quepem,Pineapple,2022-04-06,4,Fruit_Development,31.1,57,7.2,18,1,12.0,17.3,11,4.55,0.0,0.8,1,0,0,0,0,1,1,Moderate
Quepem,Rice (Paddy),2023-01-02,1,Tillering,31.8,63,0.0,13,0,12.5,15.8,49,5.67,0.0,0.0,0,1,0,0,0,0,1,Low
Ponda,Mango,2023-01-22,1,Maturity,27.4,73,0.0,4,0,29.2,9.8,35,4.9,0.0,1.1,0,0,0,0,0,0,0,None
Sanguem,Rice (Paddy),2023-07-14,7,Grain_Filling,28.7,77,72.8,0,2,72.0,26.5,87,4.82,1.8,0.0,0,0,0,0,0,0,0,None
Ponda,Spices,2023-06-28,6,Vegetative,27.9,77,13.2,1,2,54.0,16.5,96,5.92,0.0,0.0,0,0,0,0,0,0,0,None
Canacona,Rice (Paddy),2025-05-01,5,Seedling,32.8,49,0.0,18,0,12.0,12.8,14,6.16,2.0,0.0,1,0,0,0,0,0,1,Low
Sanguem,Coconut,2025-04-20,4,Inflorescence,34.3,44,0.0,9,0,22.7,14.2,27,5.26,0.0,0.4,1,0,0,0,0,0,1,Low
Bardez,Coconut,2024-06-30,6,Vegetative,29.0,89,24.2,2,0,65.3,15.1,86,5.96,3.7,1.0,0,0,0,0,0,0,0,None
Tiswadi,Rice (Paddy),2022-01-25,1,Tillering,30.8,62,0.0,12,0,19.9,7.7,31,5.56,0.0,1.1,0,0,0,0,0,0,0,None
Quepem,Rice (Paddy),2025-06-06,6,Seedling,26.1,100,12.3,0,13,62.6,34.6,80,5.55,5.7,10.0,0,0,0,1,0,0,1,Low
Salcete,Rice (Paddy),2023-06-02,6,Grain_Filling,25.0,83,36.0,0,14,62.5,37.4,76,5.12,4.2,10.0,0,0,0,0,0,0,0,None
Mormugao,Pineapple,2021-09-13,9,Inflorescence,25.8,82,32.0,1,4,62.2,21.7,100,5.0,0.8,2.6,0,0,0,0,0,0,0,None
Sanguem,Cashew,2022-12-10,12,Flowering,27.8,74,0.0,12,0,26.2,18.2,26,5.28,0.2,0.0,0,0,0,0,0,0,0,None
Canacona,Rice (Paddy),2022-03-26,3,Tillering,33.9,60,0.0,7,0,30.0,19.5,16,5.47,1.8,0.3,0,0,0,0,0,0,0,None
Mormugao,Rice (Paddy),2021-01-10,1,Grain_Filling,27.7,56,3.8,19,1,12.0,6.5,58,5.82,0.0,0.0,1,0,0,0,0,0,1,Low
Sattari,Cashew,2023-04-04,4,Fruit_Development,35.4,55,0.0,26,0,12.0,12.1,5,4.2,0.0,0.6,1,0,0,0,0,1,1,Moderate
Dharbandora,Rice (Paddy),2023-03-09,3,Grain_Filling,34.6,49,1.3,19,1,12.0,18.3,25,5.22,0.0,0.7,1,0,0,0,0,0,1,Low
Tiswadi,Banana,2024-06-19,6,Bunch_Emergence,26.9,86,23.6,3,3,58.3,34.0,79,5.27,5.7,3.2,0,0,0,0,0,0,0,None
Bardez,Rice (Paddy),2024-06-28,6,Seedling,27.5,90,1.9,8,6,38.1,30.8,79,4.96,6.4,8.0,0,0,1,1,0,0,1,Moderate
Bardez,Mango,2023-05-27,5,Vegetative,33.7,60,0.0,19,0,12.0,14.1,26,5.4,0.0,0.7,1,0,0,0,0,0,1,Low
Sanguem,Banana,2023-10-26,10,Bunch_Emergence,25.2,90,1.9,0,6,56.4,16.8,81,4.95,4.2,7.6,0,0,0,1,0,0,1,Low
Ponda,Arecanut,2024-02-17,2,Nut_Formation,29.1,62,0.0,14,0,21.5,11.7,31,4.97,0.0,0.2,1,0,0,0,0,0,1,Low
Quepem,Mango,2023-10-13,10,Flowering,26.9,79,62.5,0,5,69.9,26.4,65,5.46,2.5,0.0,0,0,0,0,0,0,0,None
Dharbandora,Spices,2025-12-30,12,Pod_Development,27.2,70,0.0,14,0,18.8,25.3,53,5.73,0.4,0.4,1,0,0,0,0,0,1,Low
Quepem,Mango,2022-01-09,1,Vegetative,32.2,62,0.0,11,0,25.2,17.0,34,5.32,1.4,0.0,0,0,0,0,0,0,0,None
Bardez,Coconut,2023-12-25,12,Vegetative,28.1,66,0.4,14,1,15.7,18.6,25,5.39,0.0,1.1,1,0,0,0,0,0,1,Low
Salcete,Cashew,2021-05-26,5,Dormant,37.8,69,0.0,12,0,24.9,9.3,35,4.32,0.0,1.1,1,0,0,0,0,0,1,Low
Tiswadi,Cashew,2021-08-12,8,Flowering,30.7,100,2.3,0,11,59.8,40.1,58,5.31,9.0,10.0,0,0,1,1,0,0,1,Moderate
Bicholim,Rice (Paddy),2024-06-16,6,Grain_Filling,30.3,96,18.8,2,3,57.3,24.4,86,4.3,8.0,5.4,0,0,1,0,0,0,1,Low
Ponda,Spices,2021-06-26,6,Pod_Development,30.3,84,13.4,0,4,62.1,28.5,73,4.9,4.1,3.4,0,0,0,0,0,0,0,None
Pernem,Coconut,2025-12-08,12,Inflorescence,26.7,60,0.0,4,0,34.4,6.9,43,5.2,1.5,0.0,0,0,0,0,0,0,0,None
Sattari,Arecanut,2023-05-03,5,Vegetative,37.3,67,0.0,18,0,12.0,16.2,34,5.91,0.0,0.0,1,0,0,0,0,0,1,Low
Pernem,Coconut,2024-07-29,7,Vegetative,28.1,82,58.8,0,1,78.3,22.4,100,5.79,2.4,0.4,0,0,0,0,0,0,0,None
Mormugao,Rice (Paddy),2021-03-04,3,Grain_Filling,32.2,50,0.0,24,0,12.0,20.9,26,5.45,0.0,0.0,1,0,0,0,0,0,1,Low
Canacona,Cashew,2024-05-25,5,Fruit_Development,38.0,63,0.0,16,0,12.0,9.0,15,6.22,2.3,0.0,1,0,0,0,1,0,1,Moderate
Tiswadi,Rice (Paddy),2023-04-07,4,Flowering,37.5,61,0.0,14,0,16.4,18.4,38,5.08,0.0,0.2,1,0,0,0,0,0,1,Low
Pernem,Arecanut,2023-03-06,3,Flowering,37.1,40,0.0,21,0,12.0,24.1,6,4.79,0.0,0.2,1,0,0,0,1,1,1,High
Dharbandora,Arecanut,2022-11-20,11,Flowering,32.7,51,0.0,9,0,26.7,15.2,47,4.92,0.0,1.3,0,0,0,0,0,0,0,None
Bicholim,Rice (Paddy),2025-01-24,1,Tillering,25.7,62,0.0,11,0,21.6,13.4,33,6.11,0.0,0.7,0,0,0,0,0,0,0,None
Sanguem,Rice (Paddy),2025-06-22,6,Flowering,29.0,81,37.9,1,4,60.1,20.5,92,4.64,4.1,1.3,0,0,0,0,0,1,1,Low
Sattari,Arecanut,2021-04-15,4,Nut_Formation,34.1,62,0.0,20,0,12.0,8.3,37,5.25,0.4,0.0,1,0,0,0,0,0,1,Low
Ponda,Rice (Paddy),2024-01-28,1,Grain_Filling,26.8,70,0.0,11,0,27.7,20.7,31,5.24,0.0,1.0,0,0,0,0,0,0,0,None
Mormugao,Rice (Paddy),2022-05-26,5,Tillering,31.7,54,0.0,16,0,12.0,15.6,21,5.56,1.6,0.0,1,0,0,0,0,0,1,Low
Ponda,Arecanut,2022-01-20,1,Harvest,30.0,69,2.3,13,1,19.4,15.5,28,6.3,0.4,0.6,0,0,0,0,0,0,0,None
Salcete,Coconut,2022-02-09,2,Vegetative,27.5,61,0.0,17,0,12.0,6.4,59,4.56,0.0,0.0,1,0,0,0,0,0,1,Low
Sanguem,Cashew,2023-04-03,4,Flowering,35.4,51,0.0,13,0,13.5,18.8,14,5.01,2.6,0.0,1,0,0,0,0,0,1,Low
Tiswadi,Rice (Paddy),2022-06-02,6,Grain_Filling,28.9,92,1.4,3,12,47.7,50.8,75,5.14,7.7,10.0,0,0,1,1,0,0,1,Moderate
Pernem,Mango,2022-04-21,4,Fruit_Setting,37.7,74,0.0,10,0,23.9,21.7,8,5.68,0.2,1.3,1,0,0,0,0,0,1,Low
Bardez,Mango,2022-12-10,12,Flowering,30.1,75,0.0,11,0,38.2,12.5,49,5.97,1.6,1.1,0,0,0,0,0,0,0,None
Bicholim,Cashew,2025-07-27,7,Harvest,27.4,88,62.9,3,5,71.2,22.7,79,4.75,5.7,5.0,0,0,0,0,0,0,0,None
Dharbandora,Rice (Paddy),2023-02-10,2,Grain_Filling,28.9,71,0.0,17,0,17.7,21.2,34,5.24,0.0,0.6,1,0,0,0,0,0,1,Low
Dharbandora,Rice (Paddy),2024-12-31,12,Grain_Filling,31.1,65,0.0,8,0,27.7,12.2,41,5.24,1.8,1.3,0,0,0,0,0,0,0,None
Salcete,Cashew,2023-11-13,11,Fruit_Development,29.6,81,0.0,23,0,12.0,10.9,24,6.11,1.6,0.8,1,0,0,0,0,0,1,Low
Canacona,Coconut,2023-09-24,9,Vegetative,26.6,100,13.0,1,3,57.0,34.3,68,4.51,7.7,5.6,0,0,1,0,0,0,1,Low
Tiswadi,Arecanut,2025-05-08,5,Harvest,32.5,44,0.0,19,0,12.0,13.6,24,5.69,0.7,0.1,1,0,0,0,0,0,1,Low
Ponda,Arecanut,2022-11-08,11,Vegetative,29.7,67,0.0,7,0,32.3,14.0,46,5.4,0.8,0.0,0,0,0,0,0,0,0,None
Canacona,Coconut,2022-12-15,12,Inflorescence,25.9,75,0.0,17,0,19.2,16.6,62,5.44,1.0,0.0,1,0,0,0,0,0,1,Low
Sanguem,Cashew,2025-01-21,1,Flowering,32.6,66,0.0,14,0,14.6,15.1,51,6.2,0.0,0.8,1,0,0,0,0,0,1,Low
Sattari,Pineapple,2021-03-24,3,Harvest,37.2,58,0.0,10,0,24.4,26.1,23,6.28,0.0,0.0,1,0,0,0,0,0,1,Low
Ponda,Rice (Paddy),2024-03-14,3,Tillering,34.3,53,1.9,22,1,12.0,14.4,20,5.78,1.4,0.0,1,0,0,0,0,0,1,Low
Mormugao,Coconut,2024-01-14,1,Maturity,27.9,68,0.0,17,0,12.0,17.0,20,4.96,1.5,0.0,1,0,0,0,0,0,1,Low
Sattari,Rice (Paddy),2024-01-07,1,Grain_Filling,29.9,63,0.0,7,0,32.4,9.1,61,5.35,0.9,0.0,0,0,0,0,0,0,0,None
Ponda,Spices,2022-04-02,4,Pod_Development,35.9,75,0.0,18,0,13.1,12.5,26,5.59,1.2,0.0,1,0,0,0,0,0,1,Low
Bicholim,Cashew,2021-01-01,1,Fruit_Development,26.4,64,0.1,10,1,26.7,18.2,33,5.46,1.2,0.0,0,0,0,0,0,0,0,None
Dharbandora,Spices,2021-02-20,2,Pod_Development,27.4,67,0.0,10,0,19.5,18.3,51,5.54,0.2,0.3,0,0,0,0,0,0,0,None
Canacona,Coconut,2022-11-16,11,Maturity,29.2,84,0.0,13,0,26.1,14.7,40,5.45,5.5,1.4,0,0,0,0,0,0,0,None
Pernem,Mango,2022-12-18,12,Flowering,25.2,70,0.0,23,0,12.0,14.6,39,4.84,0.0,0.1,1,0,0,0,0,0,1,Low
Pernem,Coconut,2025-12-01,12,Inflorescence,30.1,68,0.0,13,0,14.6,10.0,31,4.95,0.0,0.4,0,0,0,0,0,0,0,None
Salcete,Coconut,2025-01-09,1,Inflorescence,27.8,70,0.0,22,0,12.0,12.6,21,4.88,1.3,0.3,1,0,0,0,0,0,1,Low
Bicholim,Cashew,2022-03-25,3,Fruit_Development,31.5,71,0.0,23,0,12.0,12.2,7,5.33,0.5,0.2,1,0,0,0,0,0,1,Low
Bicholim,Rice (Paddy),2023-05-31,5,Grain_Filling,39.1,63,0.0,11,0,27.4,19.3,32,4.84,2.7,0.0,1,1,0,0,1,0,1,High
Sattari,Arecanut,2022-05-03,5,Harvest,34.6,50,0.0,9,0,30.0,23.3,54,5.43,0.7,0.0,0,0,0,0,0,0,0,None
Sanguem,Cashew,2025-12-29,12,Harvest,30.9,57,0.0,6,0,32.1,11.4,29,4.85,0.0,0.0,0,0,0,0,0,0,0,None
Pernem,Arecanut,2021-02-03,2,Harvest,27.4,69,0.0,13,0,26.5,16.6,29,5.7,0.0,0.3,0,0,0,0,0,0,0,None
Bicholim,Cashew,2024-10-03,10,Dormant,22.3,88,98.8,0,5,90.7,23.8,70,5.11,1.1,4.2,0,0,0,0,0,0,0,None
Pernem,Mango,2021-04-05,4,Flowering,38.9,47,0.0,14,0,16.1,10.0,10,5.37,1.5,0.0,1,0,0,0,1,0,1,Moderate
Bardez,Coconut,2024-01-01,1,Inflorescence,27.0,80,0.0,14,0,27.4,19.1,37,5.49,0.9,1.8,0,0,0,0,0,0,0,None
Bicholim,Rice (Paddy),2025-04-24,4,Seedling,35.9,50,0.0,6,0,27.1,21.2,27,5.69,0.0,0.0,0,0,0,0,0,0,0,None
Ponda,Rice (Paddy),2021-06-03,6,Grain_Filling,25.5,80,7.1,1,0,45.3,24.4,89,4.77,6.5,0.0,0,0,1,0,0,0,1,Low
Canacona,Cashew,2021-09-07,9,Flowering,26.6,85,21.3,0,0,61.3,21.3,83,5.56,4.6,0.0,0,0,1,0,0,0,1,Low
Mormugao,Coconut,2022-11-05,11,Inflorescence,31.3,61,0.0,6,0,32.9,13.7,47,5.03,2.4,0.2,0,0,0,0,0,0,0,None
Mormugao,Rice (Paddy),2022-03-14,3,Flowering,33.5,59,0.0,21,0,12.0,15.4,38,5.64,0.0,0.0,1,0,0,0,0,0,1,Low
Sanguem,Cashew,2021-04-28,4,Flowering,33.9,47,0.0,20,0,12.0,14.5,25,6.11,0.0,0.3,1,0,0,0,0,0,1,Low
Sattari,Rice (Paddy),2023-02-10,2,Seedling,27.9,67,0.0,8,0,26.6,17.1,44,5.95,0.0,0.0,0,0,0,0,0,0,0,None
Quepem,Rice (Paddy),2024-08-22,8,Grain_Filling,23.6,77,44.1,2,8,62.1,26.7,83,5.5,0.3,1.3,0,0,0,0,0,0,0,None
Quepem,Spices,2021-09-25,9,Harvest,27.5,77,130.8,0,17,98.0,47.3,71,5.64,1.6,0.0,0,1,0,0,0,0,1,Low
Pernem,Mango,2023-12-14,12,Vegetative,31.8,76,0.1,5,1,46.0,17.7,37,4.64,2.7,1.1,0,0,0,0,0,0,0,None
Dharbandora,Rice (Paddy),2021-08-24,8,Seedling,28.4,96,10.2,0,1,57.7,26.3,100,4.49,7.2,0.3,0,0,1,0,0,0,1,Low
Sanguem,Coconut,2022-01-24,1,Inflorescence,30.6,68,0.0,8,0,31.9,10.4,45,5.5,0.6,0.0,0,0,0,0,0,0,0,None
Salcete,Rice (Paddy),2023-09-17,9,Tillering,27.2,82,4.7,4,3,47.8,35.0,68,5.31,4.0,2.9,0,0,0,0,0,0,0,None
Bicholim,Banana,2025-10-24,10,Shooting,29.3,94,0.8,0,0,53.0,27.9,100,4.76,4.4,0.4,0,0,0,0,0,1,1,Low
Ponda,Spices,2023-02-02,2,Flowering,25.9,59,0.0,18,0,12.0,9.7,38,5.06,0.0,0.2,1,0,0,0,0,0,1,Low
Sanguem,Cashew,2022-02-05,2,Fruit_Development,33.2,63,0.0,8,0,27.8,20.2,21,4.71,0.8,0.0,0,0,0,0,0,1,1,Low
Bicholim,Cashew,2022-09-16,9,Harvest,26.7,87,2.8,1,16,45.4,52.8,89,5.02,3.3,10.0,0,0,0,1,0,0,1,Low
Ponda,Rice (Paddy),2023-02-06,2,Flowering,29.7,62,0.0,16,0,12.3,15.3,51,5.05,0.0,0.0,1,0,0,0,0,0,1,Low
Mormugao,Pineapple,2024-08-19,8,Fruit_Development,29.0,97,41.5,0,0,72.0,24.3,64,5.05,6.6,1.1,0,0,0,0,0,0,0,None
Pernem,Cashew,2023-07-08,7,Dormant,28.1,88,55.4,6,4,59.3,30.0,58,5.54,5.5,5.0,0,0,0,0,0,0,0,None
Sanguem,Rice (Paddy),2024-05-15,5,Tillering,34.9,51,0.0,8,0,22.1,12.1,20,5.86,0.0,0.5,0,0,0,0,0,0,0,None
Quepem,Rice (Paddy),2024-06-06,6,Flowering,25.8,80,50.0,0,2,77.0,31.5,83,5.2,4.2,0.7,0,0,0,0,0,0,0,None
Quepem,Cashew,2023-05-03,5,Fruit_Development,38.1,67,0.0,20,0,12.0,16.7,10,6.3,0.8,0.4,1,0,0,0,1,0,1,Moderate
Salcete,Rice (Paddy),2022-08-01,8,Flowering,28.8,95,0.5,1,1,48.8,26.3,85,5.6,6.0,0.0,0,0,1,1,0,0,1,Moderate
Pernem,Cashew,2021-03-16,3,Harvest,37.0,64,1.3,23,1,12.0,18.6,7,5.39,0.0,0.2,1,0,0,0,0,0,1,Low
Quepem,Rice (Paddy),2022-03-11,3,Flowering,32.9,59,0.0,20,0,12.0,16.8,17,5.14,0.0,2.4,1,0,0,0,0,0,1,Low
Ponda,Arecanut,2021-04-13,4,Harvest,33.2,67,0.0,18,0,12.0,27.7,20,4.57,0.5,0.0,1,0,0,0,0,0,1,Low
Ponda,Rice (Paddy),2024-12-16,12,Flowering,30.9,61,0.0,10,0,19.8,15.0,20,5.06,0.8,0.0,0,0,0,0,0,0,0,None
Quepem,Rice (Paddy),2025-09-24,9,Flowering,25.6,85,46.2,1,20,66.0,34.5,100,5.23,2.7,10.0,0,0,0,1,0,0,1,Low
Sattari,Rice (Paddy),2023-02-03,2,Tillering,25.6,76,0.0,2,0,49.3,13.4,21,5.57,1.9,0.0,1,0,0,0,0,0,1,Low
Bicholim,Rice (Paddy),2023-01-08,1,Tillering,29.1,83,0.0,7,0,29.7,19.6,44,5.66,2.6,0.0,0,0,0,0,0,0,0,None
Quepem,Mango,2023-03-17,3,Flowering,34.2,75,0.0,26,0,12.0,24.4,17,5.56,0.9,0.0,1,0,0,0,0,0,1,Low
Bicholim,Rice (Paddy),2024-08-22,8,Seedling,25.1,70,137.3,0,0,98.0,21.4,80,5.38,1.5,2.0,0,0,0,0,0,0,0,None
Sanguem,Cashew,2021-04-08,4,Dormant,32.8,65,0.0,14,0,19.0,19.8,6,5.35,0.0,2.0,1,0,0,0,0,0,1,Low
Sattari,Arecanut,2023-03-09,3,Harvest,37.4,64,0.0,22,0,12.0,13.3,21,5.36,0.0,0.0,1,0,0,0,0,0,1,Low
Dharbandora,Spices,2024-09-20,9,Flowering,28.1,82,38.1,1,13,59.9,26.1,88,5.41,1.5,9.5,0,0,0,0,0,0,0,None
Mormugao,Rice (Paddy),2023-05-09,5,Seedling,34.8,43,0.0,19,0,12.0,15.0,33,5.99,1.2,0.0,1,0,0,0,0,0,1,Low
Ponda,Arecanut,2022-03-11,3,Flowering,35.2,30,0.0,20,0,12.0,15.6,32,5.17,0.4,0.0,1,0,0,0,0,0,1,Low
Canacona,Cashew,2022-03-23,3,Dormant,35.2,56,0.0,11,0,25.3,15.1,22,5.49,0.0,0.0,1,0,0,0,0,0,1,Low
Bardez,Pineapple,2024-08-24,8,Fruit_Development,27.4,86,16.2,1,4,51.0,11.5,92,5.08,2.9,3.2,0,0,0,0,0,0,0,None
Quepem,Pineapple,2021-09-06,9,Inflorescence,30.4,94,13.2,1,4,55.7,22.8,100,6.31,6.5,6.2,0,0,0,0,0,0,0,None
Tiswadi,Rice (Paddy),2021-06-15,6,Grain_Filling,28.5,92,142.0,6,5,98.0,24.4,68,5.28,5.7,8.3,0,1,0,1,0,0,1,Moderate
Quepem,Pineapple,2025-02-13,2,Fruit_Development,25.5,70,0.0,13,0,22.7,11.8,44,4.86,0.0,0.0,0,0,0,0,0,0,0,None
Mormugao,Coconut,2023-09-11,9,Maturity,28.9,89,33.8,2,19,62.3,41.4,92,5.22,6.3,10.0,0,0,0,1,0,0,1,Low
Canacona,Spices,2024-09-20,9,Pod_Development,26.1,99,13.3,1,2,63.6,21.9,91,5.36,10.0,0.0,0,0,1,0,0,0,1,Low
Salcete,Cashew,2023-10-17,10,Fruit_Development,28.9,92,18.6,1,3,55.4,19.1,93,4.84,6.8,4.2,0,0,0,0,0,0,0,None
Sattari,Rice (Paddy),2022-06-26,6,Flowering,28.9,80,51.3,0,7,69.8,18.3,79,5.57,2.4,0.0,0,0,0,0,0,0,0,None
Ponda,Rice (Paddy),2023-01-29,1,Tillering,26.8,64,0.0,10,0,24.2,17.7,40,5.36,0.2,1.0,0,0,0,0,0,0,0,None
Sattari,Coconut,2024-02-04,2,Nut_Development,28.5,64,0.0,13,0,14.9,10.7,35,5.62,0.8,0.0,0,0,0,0,0,0,0,None
Tiswadi,Coconut,2025-05-06,5,Maturity,35.4,67,0.0,9,0,25.6,16.3,22,5.23,0.0,0.0,1,0,0,0,0,0,1,Low
Sattari,Arecanut,2021-03-22,3,Nut_Formation,29.6,49,0.0,15,0,12.0,20.2,25,5.18,0.0,0.0,1,0,0,0,0,0,1,Low
Canacona,Rice (Paddy),2021-05-13,5,Seedling,30.2,57,0.0,11,0,16.7,14.5,30,4.9,0.0,0.9,0,0,0,1,0,0,1,Low
Pernem,Coconut,2023-03-08,3,Inflorescence,34.3,41,8.0,25,1,12.0,14.6,5,5.56,0.0,0.0,1,0,0,0,0,0,1,Low
Quepem,Pineapple,2023-06-19,6,Inflorescence,28.9,79,5.0,0,4,51.8,24.5,80,5.84,2.3,0.0,0,0,0,0,0,0,0,None
Ponda,Mango,2021-05-18,5,Fruit_Setting,32.5,30,0.0,21,0,12.0,11.8,45,5.05,0.0,0.0,1,0,0,0,0,0,1,Low
Canacona,Pineapple,2021-07-03,7,Vegetative,29.3,93,153.1,2,0,98.0,20.8,88,5.5,6.1,1.2,0,1,0,0,0,0,1,Low
Bicholim,Arecanut,2024-11-25,11,Harvest,29.7,68,0.5,7,1,31.8,5.0,58,4.99,0.0,0.7,0,0,0,0,0,0,0,None
Mormugao,Cashew,2024-09-15,9,Dormant,29.9,84,15.4,0,3,59.6,41.3,80,5.2,5.8,3.4,0,0,0,0,0,0,0,None
Ponda,Rice (Paddy),2023-02-24,2,Seedling,31.4,75,0.0,16,0,12.8,7.9,55,5.06,2.0,0.0,1,0,0,0,0,0,1,Low
Sanguem,Cashew,2025-03-12,3,Dormant,36.1,58,0.0,18,0,12.0,24.4,19,5.66,0.5,0.0,1,0,0,0,0,0,1,Low
Mormugao,Coconut,2023-09-11,9,Nut_Development,26.9,79,59.6,5,15,73.7,11.5,68,5.16,2.3,0.0,0,0,0,0,0,0,0,None
Tiswadi,Rice (Paddy),2021-03-10,3,Tillering,34.1,45,17.6,23,1,12.0,19.9,5,6.45,0.0,0.0,1,0,0,0,0,0,1,Low
Quepem,Cashew,2022-06-30,6,Fruit_Development,27.6,72,7.8,5,1,35.4,31.0,65,4.2,1.7,0.0,0,0,1,0,0,1,1,Moderate
Sattari,Mango,2025-12-03,12,Maturity,26.2,60,0.0,10,0,23.2,19.2,48,6.15,0.2,0.9,0,0,0,0,0,0,0,None
Bardez,Mango,2021-02-22,2,Fruit_Setting,29.4,72,0.0,19,0,12.0,5.2,57,6.07,3.5,0.7,1,0,0,0,0,0,1,Low
Ponda,Arecanut,2025-01-13,1,Nut_Formation,28.2,73,0.0,4,0,33.2,17.2,24,4.7,0.0,0.3,0,0,0,0,0,0,0,None
Canacona,Mango,2021-07-24,7,Maturity,30.0,78,52.0,2,10,62.9,29.6,99,5.07,4.5,0.0,0,0,0,0,0,0,0,None
Quepem,Rice (Paddy),2021-05-06,5,Tillering,34.8,57,0.0,19,0,12.0,19.5,32,5.19,1.9,0.7,1,0,0,0,0,0,1,Low
Canacona,Coconut,2025-11-06,11,Vegetative,29.9,61,0.0,16,0,12.0,20.6,25,5.04,0.6,0.0,1,0,0,0,0,0,1,Low
Dharbandora,Cashew,2021-02-12,2,Fruit_Development,28.3,63,0.0,11,0,26.0,19.7,36,5.95,0.9,0.3,0,0,0,0,0,0,0,None
Quepem,Coconut,2025-11-11,11,Vegetative,26.3,83,0.0,6,0,42.0,14.6,38,5.15,1.8,0.9,0,0,0,0,0,0,0,None
Salcete,Coconut,2021-04-21,4,Vegetative,36.0,62,4.0,8,1,34.4,17.0,5,5.55,0.7,1.6,0,1,0,0,0,0,1,Low
Quepem,Pineapple,2023-01-31,1,Fruit_Development,29.7,58,0.0,16,0,18.9,9.3,53,4.2,1.7,0.5,1,0,0,0,0,1,1,Moderate
Pernem,Coconut,2025-08-14,8,Inflorescence,28.1,83,95.3,1,1,87.4,22.3,100,5.55,3.1,0.0,0,0,0,0,0,0,0,None
Tiswadi,Coconut,2024-04-21,4,Inflorescence,34.0,51,0.0,22,0,12.0,6.1,37,5.35,1.3,0.9,1,0,1,0,0,0,1,Moderate
Bardez,Cashew,2023-04-28,4,Dormant,30.9,47,0.8,12,1,18.3,27.0,24,4.93,0.2,0.0,0,0,0,0,0,0,0,None
Pernem,Pineapple,2021-04-05,4,Inflorescence,32.6,42,0.0,10,0,13.5,12.4,18,5.11,0.3,1.3,0,0,0,0,0,0,0,None
Mormugao,Coconut,2024-10-29,10,Vegetative,28.1,91,21.0,1,2,54.7,34.5,64,5.59,5.5,0.3,0,0,0,0,0,0,0,None
Mormugao,Cashew,2025-03-24,3,Dormant,33.6,61,0.0,18,0,14.3,11.0,26,5.22,0.0,0.0,1,0,0,0,0,0,1,Low
Bicholim,Banana,2023-06-19,6,Finger_Filling,29.5,73,18.5,0,1,50.6,12.6,88,5.02,0.0,0.0,0,0,0,0,0,0,0,None
Pernem,Mango,2021-12-26,12,Flowering,30.8,54,1.9,20,1,12.0,22.3,38,4.8,0.1,0.0,1,0,0,0,0,0,1,Low
Sattari,Mango,2023-06-19,6,Fruit_Setting,25.7,95,164.6,0,5,98.0,29.0,94,5.43,6.8,5.0,0,1,0,0,0,0,1,Low
Sattari,Arecanut,2025-09-16,9,Nut_Formation,30.6,90,24.9,0,12,59.7,8.0,87,4.96,2.7,10.0,0,0,0,1,0,0,1,Low
Tiswadi,Coconut,2021-10-08,10,Inflorescence,31.2,86,63.7,0,0,84.4,26.7,84,5.65,4.3,0.2,0,0,0,0,0,0,0,None
Canacona,Cashew,2024-05-03,5,Harvest,42.0,63,0.0,19,0,17.9,16.4,20,4.86,0.0,0.0,1,0,0,0,1,0,1,Moderate
Sanguem,Cashew,2024-05-03,5,Dormant,30.4,40,0.0,19,0,12.0,12.5,19,5.91,0.5,0.0,1,0,0,0,0,0,1,Low
Bicholim,Cashew,2022-10-29,10,Harvest,28.5,95,7.7,0,3,57.2,18.3,78,4.96,5.6,5.3,0,0,0,0,0,0,0,None
Sattari,Rice (Paddy),2021-04-03,4,Seedling,32.1,58,0.0,24,0,12.0,9.0,19,4.51,0.8,0.2,1,0,0,0,0,0,1,Low
Sattari,Mango,2022-11-03,11,Vegetative,31.1,76,0.0,13,0,20.0,18.5,22,5.75,0.5,0.0,0,0,0,0,0,0,0,None
Sanguem,Cashew,2021-03-02,3,Harvest,35.2,72,0.0,16,0,18.8,12.4,12,5.51,0.0,0.0,1,0,0,0,0,0,1,Low
Canacona,Coconut,2022-09-26,9,Maturity,27.7,80,29.0,0,8,65.4,15.9,78,5.47,0.5,0.0,0,0,0,0,0,0,0,None
Quepem,Rice (Paddy),2023-12-11,12,Grain_Filling,27.3,62,0.0,6,0,27.6,10.4,15,5.66,0.0,0.0,0,0,0,0,0,0,0,None
Quepem,Cashew,2024-11-27,11,Dormant,28.6,58,0.0,14,0,15.7,14.6,53,5.12,0.0,0.8,1,0,0,0,0,0,1,Low
Sattari,Cashew,2025-12-18,12,Fruit_Development,32.8,59,0.6,15,1,12.0,10.0,42,5.46,0.3,0.0,1,0,0,0,0,0,1,Low
Sattari,Rice (Paddy),2023-10-26,10,Grain_Filling,26.9,87,113.2,7,3,86.1,34.3,94,5.18,4.1,3.5,0,0,0,0,0,0,0,None
Bicholim,Cashew,2025-01-29,1,Flowering,32.1,61,0.0,6,0,33.6,16.7,60,5.78,0.0,0.0,0,0,0,0,0,0,0,None
Quepem,Pineapple,2022-08-27,8,Vegetative,29.1,91,48.9,0,3,74.3,28.8,54,5.48,5.7,3.4,0,0,0,0,0,0,0,None
Dharbandora,Spices,2022-11-13,11,Harvest,27.9,56,0.0,12,0,21.3,12.6,27,5.73,0.5,0.6,0,1,0,0,0,0,1,Low
Dharbandora,Mango,2022-06-18,6,Fruit_Setting,27.9,82,18.0,0,9,57.2,41.8,86,5.39,2.7,6.6,0,0,0,0,0,0,0,None
Salcete,Cashew,2024-11-29,11,Harvest,29.6,68,0.0,17,0,12.0,13.0,60,5.37,1.2,1.4,1,0,0,0,0,0,1,Low
Salcete,Coconut,2023-04-18,4,Inflorescence,33.2,49,1.7,16,1,12.0,20.1,17,5.18,0.8,0.0,1,0,0,0,0,0,1,Low
Ponda,Cashew,2025-03-17,3,Flowering,33.7,51,0.0,19,0,12.0,11.9,28,5.46,0.0,0.0,1,0,0,0,0,0,1,Low
Sanguem,Rice (Paddy),2022-10-07,10,Grain_Filling,20.8,96,16.8,0,14,64.8,20.4,97,5.7,0.2,10.0,0,0,0,1,0,0,1,Low
Salcete,Rice (Paddy),2021-08-21,8,Seedling,28.7,89,36.1,1,3,66.9,8.0,87,5.38,7.0,4.3,0,0,1,0,0,0,1,Low
Sanguem,Cashew,2022-06-08,6,Flowering,26.4,78,10.3,0,6,50.5,27.7,76,6.4,2.8,0.3,0,0,0,0,0,0,0,None
Bardez,Mango,2021-12-12,12,Fruit_Setting,28.2,64,0.0,15,0,14.5,16.5,25,5.17,0.0,0.0,1,0,0,0,0,0,1,Low
Salcete,Rice (Paddy),2023-12-06,12,Flowering,29.2,77,0.0,9,0,36.3,12.5,61,5.26,1.6,1.7,0,0,0,0,0,0,0,None
Bardez,Coconut,2022-06-30,6,Nut_Development,26.0,87,85.7,0,0,83.7,18.1,89,5.33,3.6,0.3,0,0,0,0,0,0,0,None
Ponda,Arecanut,2024-01-07,1,Flowering,32.5,85,0.0,9,0,35.7,8.0,29,5.51,3.9,0.2,0,0,0,0,0,0,0,None
Dharbandora,Rice (Paddy),2025-10-20,10,Seedling,25.0,100,0.1,0,1,53.1,23.6,82,5.04,10.0,2.2,0,0,1,0,0,0,1,Low
Quepem,Cashew,2024-01-02,1,Fruit_Development,28.2,62,3.3,12,1,23.0,10.8,70,4.61,0.6,0.0,0,0,0,0,0,1,1,Low
Ponda,Rice (Paddy),2023-03-05,3,Seedling,35.8,55,0.0,25,0,12.0,20.1,20,5.45,0.0,0.2,1,0,0,0,0,0,1,Low
Sattari,Cashew,2021-09-06,9,Flowering,28.0,74,13.7,0,11,57.4,28.6,100,5.43,0.0,0.6,0,0,0,0,0,0,0,None
Pernem,Coconut,2021-02-16,2,Maturity,27.1,77,0.0,5,0,35.4,15.4,22,6.15,1.9,0.7,0,0,0,0,0,0,0,None
Bicholim,Cashew,2024-02-19,2,Flowering,30.5,45,0.0,12,0,12.0,17.2,54,5.12,1.2,0.0,0,0,0,0,0,0,0,None
Bardez,Mango,2021-08-02,8,Vegetative,28.3,99,3.1,0,1,57.2,28.5,82,5.06,5.6,1.0,0,0,0,0,0,0,0,None
Mormugao,Coconut,2021-08-27,8,Maturity,29.3,84,66.4,5,8,74.7,28.2,82,4.26,4.2,6.1,0,0,1,0,0,0,1,Low
Quepem,Pineapple,2023-12-16,12,Inflorescence,30.0,65,0.0,16,0,12.0,9.0,36,5.22,2.4,0.4,1,0,0,0,0,0,1,Low
Mormugao,Pineapple,2021-12-16,12,Vegetative,31.1,65,0.0,11,0,29.2,21.8,22,5.32,0.4,0.0,0,0,0,0,0,0,0,None
Ponda,Rice (Paddy),2021-04-17,4,Flowering,30.2,53,0.0,14,0,18.0,25.7,53,5.62,0.9,0.8,1,0,0,0,0,0,1,Low
Salcete,Rice (Paddy),2023-04-11,4,Flowering,33.1,50,0.0,9,0,22.1,20.4,30,5.92,0.0,0.0,1,0,0,0,0,0,1,Low
Salcete,Rice (Paddy),2021-02-17,2,Tillering,27.0,61,0.0,8,0,28.6,17.7,40,5.35,0.0,0.9,0,0,0,0,0,0,0,None
Canacona,Coconut,2025-05-16,5,Maturity,34.8,51,0.0,13,0,12.0,12.8,14,5.27,0.0,1.2,1,0,0,0,0,0,1,Low
Sattari,Arecanut,2021-12-03,12,Vegetative,27.9,72,0.0,3,0,39.0,13.7,45,5.55,2.0,0.0,0,0,0,0,0,0,0,None
Ponda,Rice (Paddy),2023-11-16,11,Tillering,30.7,67,0.0,13,0,25.2,9.3,10,5.4,0.0,0.0,0,0,0,0,0,0,0,None
Ponda,Rice (Paddy),2023-03-15,3,Grain_Filling,34.3,70,0.0,12,0,19.4,6.0,21,5.93,0.0,0.0,1,0,0,0,0,0,1,Low
Canacona,Rice (Paddy),2024-07-04,7,Flowering,31.9,96,63.6,0,0,82.6,27.6,92,5.63,7.3,0.4,0,0,1,0,0,0,1,Low
Tiswadi,Coconut,2021-01-08,1,Vegetative,31.5,74,0.0,2,0,38.0,24.4,31,5.98,0.1,0.0,0,0,0,1,0,0,1,Low
Dharbandora,Mango,2022-09-17,9,Maturity,24.9,89,97.5,2,2,88.7,38.3,73,5.44,2.8,0.8,0,0,0,0,0,0,0,None
Bicholim,Rice (Paddy),2024-06-30,6,Flowering,30.2,83,51.3,0,1,72.3,30.0,84,5.36,6.4,0.7,0,0,1,0,0,0,1,Low
Sattari,Cashew,2025-09-12,9,Fruit_Development,29.2,89,23.6,0,0,67.5,32.5,86,4.89,5.1,0.0,0,0,0,0,0,0,0,None
Bicholim,Cashew,2022-12-20,12,Dormant,26.8,62,0.0,11,0,17.7,13.1,48,4.72,0.8,0.8,0,0,0,0,0,0,0,None
Sanguem,Rice (Paddy),2021-10-30,10,Tillering,31.7,85,70.1,0,12,77.0,8.0,89,5.94,4.5,10.0,0,0,0,1,0,0,1,Low
Pernem,Mango,2022-10-01,10,Maturity,30.4,83,120.2,0,0,98.0,19.6,76,5.28,0.9,1.4,0,0,0,0,0,0,0,None
Bicholim,Cashew,2021-02-25,2,Flowering,27.0,74,0.0,9,0,24.8,14.5,64,5.29,0.0,1.6,0,0,0,0,0,0,0,None
Pernem,Banana,2022-12-27,12,Shooting,27.5,77,0.0,2,0,40.8,15.5,29,5.32,5.0,0.6,0,0,0,0,0,0,0,None
Dharbandora,Rice (Paddy),2022-06-10,6,Seedling,29.5,92,19.3,2,10,61.9,31.5,91,5.74,6.0,10.0,0,0,1,1,0,0,1,Moderate
Canacona,Cashew,2022-04-19,4,Fruit_Development,33.7,67,0.0,14,0,13.9,10.7,36,5.6,0.5,0.9,1,0,0,0,0,0,1,Low
Pernem,Cashew,2021-01-28,1,Fruit_Development,25.2,76,0.0,14,0,25.9,5.1,50,5.56,1.6,0.0,0,0,0,0,0,0,0,None
Dharbandora,Arecanut,2021-03-19,3,Flowering,35.6,42,0.0,23,0,12.0,11.2,11,5.33,2.1,1.2,1,0,0,0,0,0,1,Low
Dharbandora,Rice (Paddy),2024-05-24,5,Tillering,35.0,53,3.0,15,1,12.0,19.3,56,5.04,0.2,0.0,1,0,0,0,0,0,1,Low
Tiswadi,Coconut,2024-11-10,11,Nut_Development,23.7,57,0.0,16,0,13.6,11.7,46,5.32,0.0,1.7,1,0,0,0,0,0,1,Low
Tiswadi,Coconut,2021-12-31,12,Maturity,30.4,70,0.0,15,0,12.0,13.6,16,4.95,0.0,0.0,1,0,0,0,0,0,1,Low
Sanguem,Rice (Paddy),2022-10-28,10,Flowering,28.2,86,27.1,0,0,62.4,32.0,72,5.52,5.9,0.0,0,0,0,0,0,0,0,None
Bardez,Cashew,2022-06-10,6,Dormant,27.3,94,5.9,0,2,58.9,21.9,86,5.5,5.9,0.0,0,0,0,0,0,0,0,None
Sanguem,Rice (Paddy),2022-11-30,11,Tillering,30.4,57,0.0,8,0,20.8,22.9,34,4.54,0.0,0.0,0,1,0,0,0,1,1,Moderate
Dharbandora,Spices,2024-08-28,8,Harvest,25.9,87,14.4,0,1,61.2,34.7,82,5.1,2.0,0.6,0,0,0,0,0,0,0,None
Bicholim,Cashew,2023-06-02,6,Harvest,25.3,83,2.4,0,15,46.3,8.9,87,5.4,4.2,9.8,0,0,0,0,0,0,0,None
Dharbandora,Arecanut,2023-10-28,10,Vegetative,24.4,75,9.6,0,9,47.3,12.7,86,5.85,1.9,0.0,0,0,0,1,0,0,1,Low
Bicholim,Cashew,2023-10-24,10,Flowering,26.3,82,40.3,0,0,63.5,33.8,84,5.52,3.5,0.3,0,0,0,0,0,0,0,None
Sattari,Cashew,2025-07-05,7,Harvest,27.4,92,8.7,0,12,62.6,38.9,99,5.45,7.0,9.7,0,0,1,1,0,0,1,Moderate
Mormugao,Rice (Paddy),2023-07-08,7,Flowering,29.6,97,18.0,0,16,59.2,17.1,93,5.53,5.4,10.0,0,0,0,1,0,0,1,Low
Mormugao,Coconut,2023-01-20,1,Nut_Development,30.2,76,0.0,11,0,23.8,15.4,32,5.42,0.6,0.0,0,0,0,0,0,0,0,None
Sanguem,Banana,2021-12-29,12,Bunch_Emergence,27.7,64,0.0,4,0,30.5,15.5,42,5.06,1.4,0.0,0,0,0,0,0,0,0,None
Sanguem,Arecanut,2025-11-10,11,Vegetative,29.4,68,0.0,11,0,25.6,21.6,28,5.6,0.0,0.0,0,0,0,0,0,0,0,None
Quepem,Rice (Paddy),2025-03-12,3,Flowering,34.7,52,0.0,23,0,12.0,13.1,47,6.24,0.0,0.0,1,0,0,0,0,0,1,Low
Quepem,Cashew,2024-07-21,7,Harvest,27.6,89,4.8,1,4,54.0,29.4,73,5.61,5.0,7.0,0,0,0,1,0,0,1,Low
Bardez,Mango,2025-03-10,3,Fruit_Setting,37.8,56,0.0,24,0,12.0,11.1,5,5.4,0.0,0.0,1,0,0,0,0,0,1,Low
Bardez,Pineapple,2023-03-17,3,Inflorescence,30.2,30,0.0,14,0,14.3,27.3,8,5.09,1.5,0.6,1,0,0,0,0,0,1,Low
Mormugao,Coconut,2023-01-09,1,Maturity,32.6,70,0.0,15,0,18.3,17.6,31,6.05,1.3,0.0,1,0,1,0,0,0,1,Moderate
Sattari,Mango,2023-11-05,11,Fruit_Setting,27.9,62,0.0,12,0,20.7,11.2,24,4.71,0.0,0.7,0,0,0,0,0,0,0,None
Ponda,Spices,2024-04-30,4,Harvest,29.7,56,0.0,14,0,12.0,29.1,18,5.28,0.0,0.1,1,0,0,0,0,0,1,Low
Ponda,Rice (Paddy),2025-07-13,7,Tillering,29.5,90,106.7,0,8,98.0,32.6,85,6.1,4.6,8.3,1,0,0,1,0,0,1,Moderate
Ponda,Rice (Paddy),2022-04-30,4,Seedling,36.1,67,0.0,11,0,20.2,26.3,33,5.94,0.7,1.0,1,0,0,0,0,0,1,Low
Bicholim,Cashew,2021-01-28,1,Harvest,27.3,56,0.0,9,0,24.8,7.3,38,5.61,0.0,1.4,0,0,0,0,0,0,0,None
Quepem,Rice (Paddy),2022-12-15,12,Tillering,31.6,70,0.0,12,0,24.6,7.4,40,5.64,0.0,2.1,0,0,0,0,0,0,0,None
Tiswadi,Coconut,2023-11-29,11,Nut_Development,24.0,72,0.0,13,0,25.2,7.6,65,5.4,0.0,0.0,0,0,0,0,0,0,0,None
Bardez,Cashew,2024-07-20,7,Dormant,25.9,95,103.4,1,7,98.0,9.9,85,5.44,6.9,8.6,0,0,0,1,0,0,1,Low
Sanguem,Rice (Paddy),2024-06-08,6,Tillering,25.7,92,38.7,0,0,69.3,28.3,63,4.99,5.4,0.1,0,0,0,0,0,0,0,None
Bicholim,Cashew,2021-03-27,3,Flowering,36.2,64,2.4,21,1,12.0,23.8,33,5.78,0.1,0.0,1,0,0,0,0,0,1,Low
Pernem,Cashew,2025-02-06,2,Fruit_Development,32.3,73,0.0,20,0,13.2,18.7,55,5.26,0.0,0.3,1,0,0,0,0,0,1,Low
Mormugao,Coconut,2021-05-06,5,Inflorescence,33.2,67,0.0,19,0,12.0,29.4,33,4.82,0.3,0.0,1,0,0,0,0,0,1,Low
Bardez,Mango,2023-03-23,3,Fruit_Setting,35.0,54,0.0,28,0,12.0,14.3,28,5.44,0.0,1.2,1,0,0,1,0,0,1,Moderate
Sanguem,Arecanut,2022-06-21,6,Nut_Formation,26.1,94,49.8,1,1,79.5,28.6,97,5.02,4.4,0.8,0,0,0,0,0,0,0,None
Canacona,Rice (Paddy),2021-05-25,5,Seedling,35.2,48,0.0,15,0,12.0,18.5,40,5.7,1.5,0.0,1,0,0,0,0,0,1,Low
Ponda,Arecanut,2025-03-29,3,Harvest,29.8,57,2.1,20,1,12.0,15.0,35,5.07,0.5,0.0,1,0,0,0,0,0,1,Low
Bicholim,Rice (Paddy),2024-05-20,5,Tillering,33.7,53,0.0,15,0,12.0,16.9,5,5.78,0.7,0.0,1,0,0,0,0,0,1,Low
Sanguem,Rice (Paddy),2021-01-25,1,Flowering,31.0,65,0.0,25,0,12.0,5.0,10,6.36,0.2,0.4,1,0,0,0,0,0,1,Low
Mormugao,Coconut,2025-05-23,5,Nut_Development,36.7,55,0.0,18,0,12.0,15.2,53,5.49,1.4,0.6,1,0,0,0,1,0,1,Moderate
Bardez,Coconut,2024-11-18,11,Nut_Development,29.7,57,0.0,11,0,24.2,7.0,44,5.22,0.0,0.3,0,0,0,0,0,0,0,None
Sattari,Cashew,2021-03-08,3,Flowering,32.3,53,3.5,18,1,12.0,15.6,29,5.4,0.0,0.0,1,1,0,0,0,0,1,Moderate
Mormugao,Cashew,2021-08-21,8,Dormant,30.4,91,71.7,6,3,67.8,23.7,84,5.38,6.0,6.5,0,0,0,1,0,0,1,Low
Dharbandora,Spices,2021-04-19,4,Vegetative,28.8,66,0.0,26,0,12.0,13.7,29,5.94,1.9,0.0,1,0,0,0,0,0,1,Low
Canacona,Rice (Paddy),2024-03-15,3,Seedling,35.4,52,0.0,17,0,12.0,16.4,19,5.52,0.0,0.0,1,0,0,0,0,0,1,Low
Sattari,Rice (Paddy),2021-04-21,4,Tillering,36.3,55,0.0,11,0,15.5,16.8,25,5.04,0.4,0.0,1,0,0,0,0,0,1,Low
Ponda,Spices,2021-08-16,8,Flowering,25.7,77,12.2,1,6,47.8,22.3,79,4.86,1.3,0.0,0,0,0,0,0,0,0,None
Bicholim,Rice (Paddy),2021-04-21,4,Grain_Filling,31.1,50,0.0,22,0,12.0,14.0,29,5.23,0.5,0.4,1,0,0,0,0,0,1,Low
Ponda,Pineapple,2025-02-02,2,Fruit_Development,30.1,72,0.0,9,0,22.0,20.0,32,5.27,0.4,0.0,0,0,0,0,0,0,0,None
Canacona,Cashew,2021-02-03,2,Fruit_Development,32.0,58,1.3,10,1,23.5,18.4,10,4.75,0.5,0.2,0,0,0,0,0,1,1,Low
Tiswadi,Coconut,2022-09-15,9,Vegetative,26.1,83,2.2,7,3,35.7,26.3,63,5.55,3.9,2.1,0,0,0,0,0,0,0,None
Tiswadi,Rice (Paddy),2025-12-05,12,Grain_Filling,29.9,75,0.0,10,1,28.4,12.9,41,5.82,0.0,0.6,0,0,0,0,0,0,0,None
Salcete,Mango,2024-10-24,10,Vegetative,26.8,89,13.9,5,0,50.2,23.8,77,5.75,4.8,1.4,0,1,0,0,0,0,1,Low
Tiswadi,Rice (Paddy),2023-01-18,1,Tillering,27.8,58,0.0,10,0,27.4,12.9,42,5.11,0.2,0.0,0,0,0,0,0,0,0,None
Sattari,Cashew,2022-08-18,8,Dormant,28.8,85,8.6,3,7,47.9,11.6,87,5.0,4.8,6.1,0,0,0,0,0,0,0,None
Ponda,Arecanut,2025-04-27,4,Flowering,39.4,56,1.0,24,1,12.0,17.4,15,5.61,1.5,0.0,1,0,0,0,1,0,1,Moderate
Salcete,Rice (Paddy),2022-03-01,3,Seedling,35.7,55,0.0,17,0,12.0,23.7,5,5.43,0.4,0.0,1,0,0,0,0,0,1,Low
Dharbandora,Arecanut,2022-09-05,9,Nut_Formation,28.0,77,11.9,0,9,63.8,27.0,73,6.63,1.7,1.0,0,0,0,0,0,0,0,None
Bicholim,Pineapple,2025-03-22,3,Inflorescence,31.4,75,0.0,18,0,12.0,16.9,13,5.17,0.1,0.4,1,0,0,0,0,0,1,Low
Canacona,Rice (Paddy),2022-11-23,11,Grain_Filling,27.3,58,3.5,22,1,12.0,18.2,37,5.87,0.1,0.6,1,0,0,0,0,0,1,Low
Dharbandora,Spices,2024-07-29,7,Flowering,25.3,100,62.7,4,7,77.2,13.0,89,6.24,6.5,10.0,1,0,0,1,0,0,1,Moderate
Dharbandora,Spices,2024-09-05,9,Vegetative,32.3,83,13.2,4,0,49.4,24.5,100,4.95,3.4,0.0,0,0,0,0,0,0,0,None
Salcete,Rice (Paddy),2025-10-28,10,Tillering,26.0,76,8.7,4,1,48.0,21.5,86,5.98,0.8,1.0,0,0,0,0,0,0,0,None
Mormugao,Coconut,2025-01-06,1,Vegetative,30.8,63,0.0,16,0,19.6,15.5,37,5.39,0.0,0.0,0,0,0,0,0,0,0,None
Dharbandora,Rice (Paddy),2021-11-11,11,Seedling,29.3,61,0.0,2,0,38.3,11.7,29,5.42,0.0,0.0,0,0,0,0,0,0,0,None
Dharbandora,Cashew,2023-05-27,5,Harvest,32.1,50,0.0,22,0,12.0,11.6,30,5.2,0.0,0.7,1,0,0,0,0,0,1,Low
Ponda,Arecanut,2025-10-31,10,Flowering,28.1,74,75.9,4,0,75.6,15.4,100,5.42,0.0,0.0,0,0,0,0,0,0,0,None
Sanguem,Rice (Paddy),2024-11-01,11,Seedling,27.0,81,0.0,16,0,22.6,10.0,43,4.86,2.6,0.0,1,0,0,0,0,0,1,Low
Mormugao,Rice (Paddy),2024-08-05,8,Tillering,26.4,92,42.6,11,7,52.3,25.4,74,5.41,4.8,7.9,0,0,0,1,0,0,1,Low
Ponda,Rice (Paddy),2024-12-31,12,Flowering,26.6,77,0.0,12,0,26.1,18.4,20,5.37,3.4,1.6,0,0,0,0,0,0,0,None
Salcete,Rice (Paddy),2022-10-24,10,Flowering,25.9,80,56.5,1,6,66.7,15.2,72,5.22,2.1,1.2,0,0,0,0,0,0,0,None
Bardez,Coconut,2021-10-04,10,Inflorescence,30.2,98,5.8,0,6,54.3,24.3,74,4.79,4.8,8.9,0,0,0,1,0,0,1,Low
Bicholim,Rice (Paddy),2025-09-30,9,Flowering,28.4,86,55.8,1,1,69.5,22.6,72,5.22,5.4,0.0,0,0,0,0,0,0,0,None
Tiswadi,Rice (Paddy),2025-05-25,5,Grain_Filling,34.2,58,0.0,18,0,12.0,6.3,5,4.6,0.0,1.0,1,0,0,0,0,0,1,Low
Tiswadi,Banana,2025-03-07,3,Harvest,36.4,56,0.0,20,0,12.0,19.9,38,4.84,0.0,0.0,1,0,0,0,0,0,1,Low
Dharbandora,Banana,2022-09-16,9,Bunch_Emergence,28.4,89,34.8,0,0,63.7,23.4,79,5.41,4.3,0.0,0,0,0,0,0,0,0,None
Pernem,Mango,2022-05-31,5,Vegetative,34.7,46,0.0,22,0,12.0,25.3,23,5.74,0.0,2.3,1,0,0,0,0,0,1,Low
Bardez,Cashew,2024-10-05,10,Flowering,29.1,82,19.3,0,5,60.6,18.8,85,5.2,6.0,4.2,0,0,1,0,0,0,1,Low
Salcete,Coconut,2023-04-23,4,Maturity,30.0,68,0.0,20,0,12.0,16.6,17,5.74,0.0,1.0,1,0,0,0,0,0,1,Low
Ponda,Arecanut,2025-01-09,1,Harvest,27.7,59,0.0,11,0,16.1,20.9,40,5.66,0.0,0.0,0,0,0,0,0,0,0,None
Pernem,Coconut,2021-12-16,12,Inflorescence,31.1,66,0.0,11,0,29.9,16.6,26,5.49,0.2,0.0,0,0,0,0,0,0,0,None
Sattari,Arecanut,2025-06-19,6,Harvest,30.6,93,12.7,5,9,48.6,32.4,100,5.75,4.6,9.2,0,0,0,1,0,0,1,Low
Canacona,Cashew,2025-08-15,8,Flowering,30.0,73,18.4,0,9,52.6,33.4,93,4.84,1.8,0.0,0,0,0,0,0,0,0,None
Tiswadi,Rice (Paddy),2023-04-03,4,Tillering,31.6,49,0.0,22,0,12.0,18.1,20,4.8,0.4,1.9,1,0,0,0,0,0,1,Low
Sanguem,Rice (Paddy),2024-03-06,3,Flowering,32.9,50,8.5,29,1,12.0,15.4,15,5.59,1.0,0.0,1,0,0,0,0,0,1,Low
Ponda,Rice (Paddy),2023-01-29,1,Seedling,32.4,59,3.8,9,1,21.3,16.8,40,5.35,1.0,0.0,0,0,0,1,0,0,1,Low
Canacona,Pineapple,2023-06-18,6,Harvest,27.3,90,5.3,1,1,57.9,11.7,82,5.48,3.8,1.1,0,0,0,0,0,0,0,None
Mormugao,Rice (Paddy),2021-08-31,8,Flowering,29.8,85,19.0,3,7,54.3,11.5,79,5.29,6.2,7.3,0,0,1,1,0,0,1,Moderate
Sattari,Mango,2022-06-27,6,Fruit_Setting,25.8,90,28.6,4,18,62.6,13.9,95,4.68,6.9,10.0,0,1,0,1,0,0,1,Moderate
Sattari,Arecanut,2023-11-30,11,Flowering,32.4,73,0.0,16,0,17.7,18.5,33,5.29,0.0,0.0,1,0,0,0,0,0,1,Low
Quepem,Cashew,2021-08-17,8,Fruit_Development,27.3,91,57.5,0,7,76.5,20.4,92,5.31,7.5,7.6,0,1,1,1,0,0,1,High
Mormugao,Rice (Paddy),2022-07-02,7,Flowering,24.0,94,184.9,1,3,98.0,14.5,72,5.46,6.3,6.5,0,1,1,0,0,0,1,Moderate
Canacona,Coconut,2023-07-09,7,Maturity,30.4,86,6.2,3,5,45.5,26.4,74,4.98,3.0,5.5,0,0,0,0,0,0,0,None
Mormugao,Coconut,2024-05-31,5,Nut_Development,35.9,48,0.0,22,0,12.0,16.8,19,5.34,0.0,0.0,1,0,0,0,0,0,1,Low
Mormugao,Coconut,2021-01-06,1,Nut_Development,28.2,85,0.0,16,0,24.1,20.3,37,4.37,2.5,0.3,1,0,0,0,0,0,1,Low
Pernem,Coconut,2024-09-07,9,Inflorescence,28.2,91,63.3,2,1,79.5,17.1,85,4.86,2.2,0.0,0,0,0,0,0,0,0,None
Bardez,Mango,2022-04-13,4,Flowering,37.4,38,0.0,18,0,12.0,17.7,36,4.88,0.0,0.4,1,0,0,0,1,0,1,Moderate
Bardez,Banana,2025-10-22,10,Shooting,29.9,80,92.2,0,5,94.3,23.1,77,4.86,4.5,0.0,1,0,1,0,0,0,1,Moderate
Sattari,Mango,2021-03-16,3,Vegetative,36.6,52,0.0,14,0,22.6,13.7,35,5.45,0.9,0.0,1,0,0,0,1,0,1,Moderate
Sattari,Arecanut,2021-01-04,1,Flowering,30.5,62,0.0,10,0,19.0,18.9,64,5.77,0.0,0.0,0,0,0,0,0,0,0,None
Pernem,Cashew,2022-10-08,10,Fruit_Development,27.5,100,107.0,0,2,98.0,42.1,81,5.8,7.2,0.7,0,0,1,0,0,0,1,Low
Sanguem,Rice (Paddy),2021-04-28,4,Seedling,34.6,67,0.0,15,0,12.0,10.3,24,5.3,0.3,0.6,1,0,0,0,0,0,1,Low
Tiswadi,Rice (Paddy),2023-05-31,5,Tillering,35.9,55,0.0,20,0,12.0,18.7,24,5.66,0.0,0.4,1,0,0,0,0,0,1,Low
Ponda,Rice (Paddy),2025-06-18,6,Tillering,23.3,97,14.1,0,1,65.5,23.3,61,5.11,0.0,0.0,0,0,0,0,0,0,0,None
Mormugao,Coconut,2022-05-19,5,Maturity,34.8,56,0.0,16,0,12.0,16.0,7,5.58,0.6,0.0,1,0,0,0,0,0,1,Low
Mormugao,Rice (Paddy),2023-08-05,8,Tillering,27.5,82,8.4,2,7,50.5,13.8,71,5.23,3.2,5.3,0,0,0,0,0,0,0,None
Bardez,Coconut,2022-07-28,7,Maturity,24.7,73,255.3,2,6,98.0,30.8,88,5.27,0.0,0.3,0,1,0,0,0,0,1,Low
Tiswadi,Rice (Paddy),2025-01-04,1,Flowering,29.2,63,1.9,6,1,31.4,17.5,56,5.42,0.0,0.0,0,0,0,1,0,0,1,Low
Tiswadi,Pineapple,2021-07-13,7,Fruit_Development,30.1,73,13.4,4,16,48.5,18.4,71,4.94,0.0,0.4,0,0,0,0,0,0,0,None
Bardez,Cashew,2023-04-27,4,Fruit_Development,34.2,70,0.0,13,0,20.7,16.7,21,5.23,0.0,0.7,1,0,0,0,0,0,1,Low
Quepem,Rice (Paddy),2022-12-16,12,Flowering,31.8,81,0.1,10,1,29.3,17.8,10,5.82,4.0,0.0,0,0,0,0,0,0,0,None
Canacona,Coconut,2024-11-16,11,Maturity,29.1,71,0.3,12,1,27.6,18.3,13,5.14,0.7,0.9,0,0,0,0,0,0,0,None
Canacona,Coconut,2023-11-16,11,Nut_Development,29.1,62,0.0,14,0,15.0,13.3,25,4.48,1.6,0.3,1,0,0,0,0,0,1,Low
Pernem,Coconut,2024-12-29,12,Vegetative,28.7,68,0.0,17,0,13.3,12.7,24,4.9,0.0,0.2,1,0,0,0,0,0,1,Low
Mormugao,Coconut,2021-06-22,6,Maturity,26.1,80,77.6,1,2,87.3,27.2,71,5.75,4.5,0.0,0,0,0,0,0,0,0,None
Bardez,Cashew,2024-08-16,8,Harvest,27.0,91,8.7,0,4,56.0,33.0,86,5.43,5.5,5.6,0,0,0,0,0,0,0,None
Mormugao,Rice (Paddy),2025-07-27,7,Grain_Filling,27.0,88,35.2,0,7,65.7,31.9,80,5.22,4.8,6.2,0,0,0,0,0,0,0,None
Canacona,Coconut,2021-11-22,11,Maturity,31.1,67,0.0,14,0,15.5,13.4,30,5.47,1.0,0.3,1,0,0,0,0,0,1,Low
Pernem,Coconut,2024-12-04,12,Inflorescence,28.9,73,0.0,18,0,12.0,18.2,21,5.59,0.0,1.2,1,0,0,0,0,0,1,Low
Salcete,Coconut,2024-02-16,2,Vegetative,30.6,69,0.0,12,0,28.9,12.5,10,5.06,2.5,1.2,0,0,0,0,0,0,0,None
Tiswadi,Coconut,2023-04-16,4,Inflorescence,35.5,56,0.0,16,0,15.8,17.9,30,5.69,0.3,0.0,1,0,0,0,0,0,1,Low
Tiswadi,Rice (Paddy),2025-12-16,12,Tillering,32.4,71,0.0,12,0,21.9,14.5,50,4.72,0.1,0.0,0,0,0,0,0,1,1,Low
Bardez,Coconut,2022-12-25,12,Vegetative,24.5,67,0.0,15,0,22.3,21.1,21,4.91,1.5,0.0,1,0,0,0,0,0,1,Low
Bicholim,Cashew,2021-08-13,8,Fruit_Development,25.9,85,40.7,0,6,61.5,8.0,78,5.14,4.1,6.2,0,0,0,0,0,0,0,None
Mormugao,Coconut,2022-06-16,6,Maturity,24.5,84,15.0,0,1,52.1,42.1,84,5.88,3.8,0.4,0,0,0,0,0,0,0,None
Dharbandora,Rice (Paddy),2021-04-23,4,Grain_Filling,31.8,38,0.0,27,0,12.0,23.9,32,5.89,0.0,0.8,1,0,0,0,0,0,1,Low
Salcete,Rice (Paddy),2021-05-20,5,Seedling,32.7,38,2.9,13,1,13.3,17.6,29,4.76,0.0,1.1,0,0,0,0,0,0,0,None
Sanguem,Cashew,2022-07-13,7,Fruit_Development,30.3,100,31.2,1,14,64.0,23.1,83,4.56,9.8,10.0,0,0,1,1,0,1,1,High
Canacona,Coconut,2021-01-01,1,Nut_Development,28.5,63,0.0,9,0,24.0,20.9,28,5.51,1.9,0.0,0,0,0,0,0,0,0,None
Pernem,Coconut,2021-03-31,3,Maturity,32.9,58,0.0,29,0,12.0,21.0,53,5.8,0.0,0.6,1,0,0,0,0,0,1,Low
Mormugao,Coconut,2022-10-16,10,Vegetative,28.4,87,34.0,2,9,67.0,35.0,85,4.47,2.5,7.5,0,0,0,1,0,0,1,Low
Canacona,Rice (Paddy),2021-11-16,11,Grain_Filling,23.3,64,0.0,13,0,24.4,14.4,49,6.12,1.0,1.2,0,0,0,0,0,0,0,None
Sattari,Rice (Paddy),2025-04-23,4,Seedling,32.0,37,0.0,25,0,12.0,17.1,23,6.23,0.0,0.3,1,0,0,0,0,0,1,Low
Ponda,Coconut,2021-05-19,5,Inflorescence,37.0,52,0.0,22,0,12.0,11.9,21,5.69,0.3,1.7,1,0,0,0,1,0,1,Moderate
Salcete,Spices,2025-03-15,3,Flowering,34.4,52,0.0,25,0,12.0,20.4,27,5.87,0.8,0.0,1,0,0,0,0,0,1,Low
Quepem,Arecanut,2023-04-25,4,Flowering,30.8,56,0.0,16,0,13.6,8.0,25,5.01,0.5,0.8,1,0,0,1,0,0,1,Moderate
Tiswadi,Coconut,2021-09-16,9,Maturity,30.1,96,31.9,2,2,66.9,26.0,73,5.77,6.2,0.0,0,0,0,0,0,0,0,None
Salcete,Cashew,2025-08-24,8,Dormant,25.0,86,98.9,0,0,92.9,27.5,86,5.82,4.3,0.0,0,0,0,0,0,0,0,None
Quepem,Arecanut,2023-06-21,6,Harvest,28.7,78,32.1,0,0,58.6,26.8,72,4.41,3.1,0.0,0,0,0,0,0,0,0,None
Salcete,Coconut,2022-11-21,11,Inflorescence,34.1,80,0.0,17,0,15.8,11.2,64,6.1,1.7,0.0,1,1,0,0,0,0,1,Moderate
Ponda,Arecanut,2021-01-10,1,Harvest,30.6,72,0.0,6,0,28.5,18.1,38,6.53,1.4,0.0,0,0,0,0,0,0,0,None
Ponda,Mango,2021-09-18,9,Maturity,25.8,80,17.8,1,7,52.1,22.2,95,4.97,2.1,1.2,0,0,0,0,0,0,0,None
Ponda,Cashew,2025-08-01,8,Flowering,28.7,85,112.8,2,1,98.0,34.0,78,4.76,4.3,0.3,0,0,0,0,0,1,1,Low
Bicholim,Pineapple,2021-06-21,6,Harvest,28.9,99,22.0,0,11,73.4,25.6,97,5.42,6.7,10.0,0,0,0,1,0,0,1,Low
Pernem,Cashew,2023-06-17,6,Dormant,27.0,75,7.6,1,0,50.3,13.6,63,5.72,4.1,0.8,0,1,0,0,0,0,1,Low
Salcete,Cashew,2021-01-13,1,Harvest,30.8,63,0.0,2,0,27.3,14.7,44,6.21,0.8,0.0,0,0,0,0,0,0,0,None
Bardez,Spices,2024-04-06,4,Vegetative,31.4,51,0.0,17,0,14.7,19.4,8,5.32,0.0,0.0,1,0,0,1,0,0,1,Moderate
Salcete,Cashew,2025-07-24,7,Fruit_Development,27.1,100,63.2,1,1,86.8,33.8,78,5.94,10.0,0.4,0,0,1,0,0,0,1,Low
Sanguem,Cashew,2025-06-08,6,Harvest,29.5,83,7.4,0,4,57.2,14.4,81,5.61,4.3,2.6,0,0,0,0,0,0,0,None
Tiswadi,Coconut,2021-11-17,11,Vegetative,30.0,66,0.0,17,0,12.0,15.1,30,4.41,2.4,0.8,1,0,0,0,0,0,1,Low
Pernem,Coconut,2024-09-04,9,Nut_Development,29.6,86,127.9,0,3,98.0,20.7,86,5.57,3.3,3.8,0,0,0,0,0,0,0,None
Canacona,Rice (Paddy),2025-06-25,6,Tillering,26.7,81,107.1,0,9,98.0,8.0,99,5.41,2.8,0.9,0,0,0,0,0,0,0,None
Canacona,Cashew,2021-11-25,11,Harvest,32.0,59,0.0,16,0,20.0,12.1,43,5.09,0.0,1.8,1,0,0,0,0,0,1,Low
Bicholim,Rice (Paddy),2023-02-24,2,Tillering,28.9,77,0.0,13,0,30.4,8.1,40,5.92,4.7,1.1,0,0,0,0,0,0,0,None
Salcete,Cashew,2023-02-16,2,Fruit_Development,28.7,45,0.0,11,0,20.0,13.4,43,6.04,1.3,0.0,0,0,0,0,0,0,0,None
Ponda,Coconut,2023-06-30,6,Maturity,31.5,87,90.0,1,9,89.5,39.4,69,5.85,3.6,9.3,0,0,0,1,0,0,1,Low
Bicholim,Rice (Paddy),2025-04-23,4,Seedling,29.3,69,0.0,18,0,12.0,9.0,15,5.96,0.6,1.5,1,0,0,0,0,0,1,Low
Ponda,Coconut,2024-12-13,12,Inflorescence,29.8,59,0.1,14,1,12.6,11.0,61,5.4,1.7,0.0,1,0,0,0,0,0,1,Low
Pernem,Pineapple,2025-06-18,6,Inflorescence,31.2,96,16.9,1,4,63.0,34.2,100,5.46,4.4,7.6,0,0,0,1,0,0,1,Low
Sanguem,Pineapple,2024-01-24,1,Harvest,32.5,71,2.9,16,1,16.4,20.4,23,4.48,0.0,0.6,1,0,1,0,0,0,1,Moderate
Sattari,Mango,2025-05-24,5,Vegetative,32.7,50,0.0,19,0,12.0,23.1,21,5.16,1.7,0.0,1,0,0,0,0,0,1,Low
Mormugao,Pineapple,2021-11-14,11,Inflorescence,27.4,64,0.0,2,0,38.1,16.4,50,5.31,0.0,0.0,0,0,0,0,0,0,0,None
Mormugao,Pineapple,2021-08-24,8,Vegetative,27.9,77,70.0,1,7,77.6,22.0,83,5.48,1.4,0.1,0,0,0,0,0,0,0,None
Bardez,Coconut,2021-11-30,11,Vegetative,28.2,66,0.0,6,0,32.2,16.9,32,5.81,1.1,0.8,1,0,0,0,0,0,1,Low
Tiswadi,Rice (Paddy),2022-01-11,1,Flowering,30.9,63,0.0,10,0,24.8,17.5,36,4.9,0.9,0.9,0,0,0,0,0,0,0,None
Mormugao,Rice (Paddy),2025-01-22,1,Flowering,31.0,63,0.0,11,0,21.2,15.7,32,5.76,2.4,2.2,0,0,0,0,0,0,0,None
Bardez,Mango,2024-03-06,3,Vegetative,34.7,65,0.0,16,0,18.6,14.4,11,5.08,0.0,0.0,1,0,0,0,0,0,1,Low
Tiswadi,Coconut,2022-08-11,8,Vegetative,25.8,83,164.3,1,5,98.0,20.6,57,5.47,0.9,2.2,0,1,0,0,0,0,1,Low
Sanguem,Cashew,2025-04-20,4,Flowering,34.9,53,0.0,16,0,13.1,21.6,20,5.53,0.0,1.5,1,0,0,0,0,0,1,Low
Quepem,Cashew,2022-05-28,5,Harvest,31.9,57,0.0,5,0,32.2,17.8,27,5.46,0.0,0.0,0,0,0,0,0,0,0,None
Tiswadi,Cashew,2024-08-12,8,Dormant,27.8,80,1.2,0,6,45.8,33.2,87,5.09,1.6,1.7,0,0,0,0,0,0,0,None
Pernem,Mango,2024-09-05,9,Flowering,26.0,80,83.9,1,0,90.0,31.8,76,4.53,1.9,0.1,0,0,0,0,0,1,1,Low
Pernem,Mango,2023-07-07,7,Vegetative,26.7,87,9.1,0,2,48.0,31.6,83,5.39,4.6,0.0,0,0,0,0,0,0,0,None
Tiswadi,Banana,2025-05-15,5,Harvest,33.8,57,0.0,21,0,12.0,11.2,5,5.03,0.0,0.0,1,0,0,0,0,0,1,Low
Canacona,Coconut,2024-10-04,10,Nut_Development,25.6,86,21.1,3,0,59.6,21.4,79,5.43,5.7,0.2,0,0,0,0,0,0,0,None
Bicholim,Rice (Paddy),2025-12-08,12,Flowering,27.3,76,0.0,17,0,15.8,10.4,39,5.68,2.8,0.6,1,0,0,0,0,0,1,Low
Sattari,Arecanut,2023-05-23,5,Flowering,34.5,36,0.0,18,0,12.0,13.3,15,6.05,0.0,0.0,1,0,0,0,0,0,1,Low
Mormugao,Coconut,2024-06-06,6,Nut_Development,28.0,81,17.9,0,2,58.8,25.3,74,6.13,3.3,0.6,0,0,0,0,0,0,0,None
Quepem,Pineapple,2021-09-27,9,Inflorescence,30.7,92,39.1,1,1,69.1,16.3,85,5.21,5.2,1.1,0,0,0,0,0,0,0,None
Bardez,Coconut,2023-03-09,3,Vegetative,33.6,64,0.0,27,0,12.0,8.4,20,5.56,0.0,0.0,1,0,0,0,0,0,1,Low
Sanguem,Mango,2024-08-07,8,Flowering,26.2,78,114.5,2,15,98.0,29.4,100,4.88,3.2,0.5,0,0,0,0,0,0,0,None
Bicholim,Rice (Paddy),2022-12-26,12,Seedling,34.7,78,0.0,17,0,17.3,12.9,56,5.84,0.0,0.4,1,0,0,0,0,0,1,Low
Pernem,Mango,2024-04-03,4,Flowering,32.4,60,0.0,26,0,12.0,13.5,14,5.83,1.8,0.9,1,0,0,0,0,0,1,Low
Tiswadi,Rice (Paddy),2021-01-05,1,Grain_Filling,32.2,67,0.0,16,0,12.0,16.2,43,4.91,0.4,1.1,1,0,0,0,0,0,1,Low
Bicholim,Rice (Paddy),2023-05-01,5,Seedling,33.8,62,0.2,21,1,12.0,8.5,38,6.04,1.6,0.4,1,0,0,0,0,0,1,Low
Canacona,Cashew,2024-11-03,11,Fruit_Development,30.7,83,0.0,6,0,34.6,12.1,26,5.37,3.4,0.6,0,0,0,0,0,0,0,None
Canacona,Cashew,2021-03-19,3,Fruit_Development,34.9,38,0.0,15,0,12.0,11.7,22,5.3,0.7,0.0,1,0,0,0,0,0,1,Low
Ponda,Rice (Paddy),2024-12-04,12,Tillering,27.4,81,1.8,18,1,18.1,8.9,48,5.5,1.9,0.8,1,0,0,0,0,0,1,Low
Tiswadi,Spices,2022-07-28,7,Harvest,27.4,84,82.4,1,2,79.4,31.0,88,5.24,4.8,0.1,0,0,0,0,0,0,0,None
Bicholim,Cashew,2021-05-12,5,Dormant,30.3,61,0.0,19,0,12.0,16.1,51,5.45,0.0,0.0,1,0,0,0,0,0,1,Low
Salcete,Rice (Paddy),2022-08-24,8,Flowering,26.4,81,63.7,1,3,78.3,30.4,83,4.94,5.8,0.5,0,0,0,0,0,0,0,None
Pernem,Arecanut,2025-11-08,11,Harvest,27.7,75,0.0,7,0,33.3,24.0,56,6.03,1.2,0.3,0,0,0,0,0,0,0,None
Tiswadi,Rice (Paddy),2023-12-02,12,Tillering,27.6,67,0.0,14,0,16.9,11.7,44,5.84,1.6,0.0,1,0,0,0,0,0,1,Low
Canacona,Rice (Paddy),2021-03-30,3,Grain_Filling,34.5,37,0.0,10,0,12.0,10.7,12,6.3,0.0,0.0,1,0,0,0,0,0,1,Low
Canacona,Rice (Paddy),2022-02-06,2,Tillering,29.1,73,0.3,13,1,16.9,8.6,10,5.23,0.0,0.0,0,0,0,0,0,0,0,None
Tiswadi,Coconut,2021-10-23,10,Nut_Development,25.8,95,42.8,0,1,74.3,17.7,75,4.86,4.9,0.4,0,0,0,0,0,0,0,None
Bardez,Coconut,2024-08-11,8,Inflorescence,30.1,97,9.8,0,4,52.9,16.8,85,6.16,7.5,6.4,0,0,1,1,0,0,1,Moderate
Bardez,Cashew,2022-09-08,9,Fruit_Development,25.3,81,10.5,2,12,48.0,39.3,86,6.1,3.7,0.0,0,0,0,0,0,0,0,None
Mormugao,Rice (Paddy),2025-03-30,3,Tillering,35.1,51,0.0,17,0,12.4,15.8,24,4.9,2.1,0.0,1,0,0,0,0,0,1,Low
Canacona,Rice (Paddy),2023-03-11,3,Tillering,32.9,30,0.0,21,0,12.0,16.4,5,5.23,0.0,0.2,1,0,0,0,0,0,1,Low
Tiswadi,Rice (Paddy),2025-09-11,9,Seedling,26.1,87,26.2,0,4,65.2,29.5,100,5.46,4.4,4.9,0,1,0,0,0,0,1,Low
Salcete,Coconut,2025-07-19,7,Vegetative,30.6,86,124.9,2,2,98.0,35.1,73,5.22,5.4,0.6,0,0,0,0,0,0,0,None
Quepem,Spices,2022-02-26,2,Flowering,30.1,70,0.0,24,0,12.0,9.9,45,5.45,0.0,0.0,1,0,0,0,0,0,1,Low
Sanguem,Rice (Paddy),2023-11-13,11,Tillering,29.3,71,0.0,8,0,34.9,23.9,29,5.72,0.8,1.0,0,0,0,0,0,0,0,None
Ponda,Banana,2022-07-29,7,Bunch_Emergence,25.6,89,133.7,0,0,98.0,16.1,91,5.26,2.3,0.0,0,0,0,0,0,0,0,None
Bardez,Mango,2021-05-23,5,Maturity,33.5,53,0.0,17,0,12.0,21.0,14,5.32,0.0,0.0,1,0,0,0,0,0,1,Low
Salcete,Coconut,2023-09-20,9,Inflorescence,26.9,98,20.7,0,5,63.6,22.5,89,5.49,5.5,8.7,0,0,0,1,0,0,1,Low
Mormugao,Spices,2022-10-27,10,Pod_Development,29.0,78,29.8,2,1,56.7,26.6,83,5.07,1.6,1.6,0,0,0,0,0,0,0,None
Bicholim,Rice (Paddy),2021-05-25,5,Flowering,36.4,54,0.0,11,0,14.0,17.4,31,5.64,0.1,0.8,1,0,0,0,0,0,1,Low
Mormugao,Rice (Paddy),2024-06-02,6,Seedling,31.0,80,123.3,1,7,98.0,27.2,87,5.18,3.1,0.8,0,1,0,0,0,0,1,Low
Pernem,Coconut,2023-10-04,10,Inflorescence,30.9,78,10.8,2,1,50.3,32.9,100,5.7,3.6,0.3,0,0,0,0,0,0,0,None
Pernem,Mango,2022-05-18,5,Fruit_Setting,33.6,33,0.0,17,0,12.0,13.6,29,5.95,1.3,0.0,1,0,0,0,0,0,1,Low
Pernem,Cashew,2023-04-01,4,Flowering,30.0,47,0.0,11,0,23.0,23.7,23,4.81,0.0,2.4,0,1,0,0,0,0,1,Low
Pernem,Cashew,2025-06-28,6,Fruit_Development,30.5,70,12.5,3,2,47.2,39.3,84,5.07,0.0,0.0,0,0,1,0,0,0,1,Low
Salcete,Coconut,2021-04-14,4,Maturity,40.8,60,0.0,22,0,12.0,16.0,19,5.47,1.9,0.0,1,0,0,0,1,0,1,Moderate
Mormugao,Coconut,2023-11-29,11,Nut_Development,27.9,74,0.0,12,0,31.7,13.2,22,5.16,0.2,0.9,1,0,0,0,0,0,1,Low
Tiswadi,Rice (Paddy),2021-07-17,7,Flowering,24.6,94,81.8,0,6,93.0,32.3,86,5.62,6.2,5.9,0,0,1,0,0,0,1,Low
Mormugao,Coconut,2025-07-28,7,Nut_Development,28.6,90,5.2,2,11,45.4,29.5,85,4.88,6.6,8.7,0,0,0,1,0,0,1,Low
Tiswadi,Banana,2022-08-02,8,Bunch_Emergence,26.5,74,21.1,1,3,53.6,33.1,73,4.89,0.0,0.9,0,0,0,0,0,0,0,None
Sanguem,Arecanut,2022-01-26,1,Nut_Formation,31.3,60,0.0,6,0,29.4,11.7,23,5.3,0.7,1.4,0,0,0,0,0,0,0,None
Sanguem,Rice (Paddy),2024-04-17,4,Flowering,37.4,55,0.0,12,0,22.1,22.4,53,5.51,0.4,0.0,0,0,0,0,1,0,1,Low
Pernem,Coconut,2022-07-08,7,Vegetative,29.2,94,64.8,3,8,71.4,14.2,100,5.77,5.3,10.0,0,0,1,1,0,0,1,Moderate
Salcete,Coconut,2025-01-11,1,Inflorescence,29.4,56,0.0,17,0,12.0,15.3,25,5.83,0.0,0.0,1,0,0,0,0,0,1,Low
Tiswadi,Coconut,2025-03-04,3,Maturity,32.8,44,0.0,16,0,12.0,7.8,31,4.95,0.0,0.2,1,0,0,0,0,0,1,Low
Sanguem,Rice (Paddy),2023-11-05,11,Flowering,27.9,74,0.0,6,0,36.1,10.7,43,5.52,2.8,0.3,0,0,0,0,0,0,0,None
Salcete,Coconut,2025-07-05,7,Inflorescence,25.9,77,114.5,6,10,89.7,46.3,81,5.43,2.8,1.3,0,0,0,0,0,0,0,None
Bicholim,Cashew,2025-08-20,8,Dormant,30.4,85,74.8,2,0,86.6,40.2,84,6.02,3.7,1.8,0,0,0,0,0,0,0,None
Bicholim,Mango,2024-08-05,8,Flowering,26.0,100,48.8,0,4,80.8,24.2,78,5.88,9.0,8.9,0,0,1,1,0,0,1,Moderate
Ponda,Rice (Paddy),2022-04-23,4,Tillering,29.5,41,0.0,29,0,12.0,24.4,10,5.29,0.2,0.5,1,0,0,0,0,0,1,Low
Ponda,Rice (Paddy),2024-06-08,6,Grain_Filling,25.5,81,0.7,1,7,44.6,22.0,85,5.97,1.3,0.0,0,0,0,0,0,0,0,None
Quepem,Pineapple,2023-07-12,7,Fruit_Development,27.7,92,249.9,7,2,98.0,25.4,91,5.62,4.1,0.6,0,1,0,1,0,0,1,Moderate
Pernem,Mango,2022-02-24,2,Maturity,27.9,77,0.2,18,1,15.0,6.8,48,5.29,2.6,0.0,1,0,0,0,0,0,1,Low
Sanguem,Cashew,2021-06-06,6,Flowering,29.1,73,65.5,0,0,74.7,10.8,83,5.88,1.6,0.0,0,0,0,0,0,0,0,None
Canacona,Rice (Paddy),2022-07-04,7,Tillering,28.7,93,17.2,4,1,46.2,35.5,72,6.12,8.4,0.0,0,0,1,0,0,0,1,Low
Bardez,Coconut,2025-01-04,1,Maturity,30.5,61,0.0,3,0,37.6,15.1,32,5.37,2.1,0.1,0,0,0,0,0,0,0,None
Sattari,Cashew,2024-01-26,1,Harvest,31.2,61,0.0,11,0,30.4,7.2,15,5.3,0.5,0.0,0,0,0,0,0,0,0,None
Bicholim,Cashew,2023-10-18,10,Harvest,28.1,82,101.2,0,0,92.4,21.4,89,4.3,3.7,0.0,0,0,0,0,0,0,0,None
Sanguem,Rice (Paddy),2023-09-24,9,Flowering,28.5,81,6.9,0,2,57.0,25.6,91,5.03,3.3,0.0,0,0,0,0,0,0,0,None
Canacona,Coconut,2024-12-05,12,Inflorescence,27.8,69,0.0,10,0,27.0,16.6,44,5.98,0.0,0.0,0,0,0,0,0,0,0,None
Dharbandora,Rice (Paddy),2023-08-09,8,Tillering,25.2,98,134.0,2,13,98.0,31.7,78,5.34,6.5,10.0,0,1,1,0,0,0,1,Moderate
Dharbandora,Arecanut,2021-10-16,10,Nut_Formation,25.3,100,42.2,0,5,69.9,21.6,95,5.95,7.0,9.8,0,0,1,1,0,0,1,Moderate
Mormugao,Rice (Paddy),2024-07-01,7,Flowering,26.0,92,6.2,0,0,63.9,40.9,62,4.53,4.3,1.4,1,0,0,0,0,1,1,Moderate
Dharbandora,Coconut,2021-07-15,7,Maturity,30.3,87,34.7,2,0,61.7,34.5,100,5.53,2.7,2.0,0,0,0,0,0,0,0,None
Sanguem,Rice (Paddy),2022-08-21,8,Grain_Filling,29.7,91,67.6,0,1,85.7,19.2,86,4.76,5.6,0.0,0,0,0,0,0,0,0,None
Ponda,Spices,2025-03-26,3,Flowering,36.0,49,3.9,20,1,12.0,6.2,30,5.59,0.0,0.4,1,0,0,0,0,0,1,Low
Salcete,Rice (Paddy),2022-06-01,6,Tillering,24.8,89,20.4,0,5,62.1,17.5,69,6.06,5.4,4.5,0,0,0,0,0,0,0,None
Pernem,Mango,2025-07-17,7,Fruit_Setting,27.1,85,135.7,3,0,98.0,30.8,80,4.92,4.1,1.7,0,0,0,0,0,0,0,None
Dharbandora,Spices,2023-05-15,5,Flowering,33.7,53,0.0,11,0,26.0,22.9,23,5.34,0.0,0.0,1,0,1,0,0,0,1,Moderate
Mormugao,Rice (Paddy),2024-02-16,2,Flowering,28.4,68,0.0,18,0,12.6,6.5,14,5.25,0.0,0.0,1,0,0,0,0,0,1,Low
Pernem,Cashew,2023-03-17,3,Fruit_Development,35.2,41,0.0,15,0,12.0,7.8,24,4.92,0.0,0.6,1,0,0,0,0,0,1,Low
Quepem,Pineapple,2024-03-28,3,Inflorescence,33.8,49,1.2,20,1,12.0,18.3,38,5.68,0.9,0.4,1,0,0,0,0,0,1,Low
Dharbandora,Rice (Paddy),2023-03-26,3,Flowering,37.1,36,0.0,13,0,12.0,9.4,11,5.14,0.0,1.4,1,0,0,0,1,0,1,Moderate
Bardez,Coconut,2021-08-16,8,Nut_Development,28.2,90,86.4,0,5,93.4,8.9,78,5.3,5.4,4.5,0,0,0,0,0,0,0,None
Bicholim,Rice (Paddy),2021-08-04,8,Grain_Filling,30.5,90,8.5,3,9,48.5,40.7,78,5.76,5.3,8.9,0,0,0,1,0,0,1,Low
Bicholim,Cashew,2023-08-06,8,Dormant,32.3,95,60.1,3,0,75.8,29.6,81,5.13,7.9,0.0,0,0,0,0,0,0,0,None
Pernem,Arecanut,2025-09-16,9,Nut_Formation,28.1,94,37.0,0,6,67.4,48.7,87,6.22,2.9,8.3,0,0,0,1,0,0,1,Low
Dharbandora,Arecanut,2021-01-15,1,Harvest,27.4,71,0.0,12,0,15.5,16.3,50,6.1,0.9,0.3,0,0,0,0,0,0,0,None
Mormugao,Coconut,2024-03-26,3,Inflorescence,35.6,60,0.0,22,0,12.0,15.5,20,5.22,0.0,0.0,1,0,0,0,0,0,1,Low
Salcete,Cashew,2025-07-30,7,Harvest,27.8,78,53.4,0,1,68.1,30.5,83,5.66,2.3,0.6,0,0,0,1,0,0,1,Low
Sattari,Cashew,2024-07-08,7,Flowering,26.8,83,77.9,1,3,79.9,44.0,100,5.27,4.3,3.7,0,0,0,0,0,0,0,None
Bicholim,Cashew,2024-03-26,3,Fruit_Development,37.3,53,0.3,21,1,12.0,26.4,40,5.49,0.7,1.2,1,0,0,0,1,0,1,Moderate
Canacona,Coconut,2021-02-16,2,Inflorescence,30.6,69,0.0,8,0,28.6,18.1,33,5.38,0.6,0.0,0,0,0,0,0,0,0,None
Bicholim,Cashew,2021-11-20,11,Harvest,29.7,67,0.0,12,0,14.1,17.4,42,5.75,0.5,0.0,0,0,0,0,0,0,0,None
Pernem,Cashew,2023-04-24,4,Harvest,37.7,43,0.0,13,0,13.2,20.8,14,5.74,0.0,0.0,1,0,0,0,1,0,1,Moderate
Pernem,Cashew,2025-09-05,9,Fruit_Development,29.1,90,21.8,1,18,57.1,20.9,84,5.46,6.0,10.0,0,0,0,1,0,0,1,Low
Dharbandora,Spices,2021-05-10,5,Flowering,33.4,55,0.0,16,0,12.0,15.0,41,5.2,0.0,0.0,1,0,0,0,0,0,1,Low
Pernem,Coconut,2024-12-05,12,Inflorescence,28.6,55,0.0,18,0,12.0,12.2,59,5.58,1.4,0.1,1,0,0,0,0,0,1,Low
Canacona,Rice (Paddy),2021-04-05,4,Flowering,36.3,53,0.0,9,0,22.1,23.5,25,5.5,0.2,1.1,1,0,0,0,0,0,1,Low
Mormugao,Coconut,2022-09-19,9,Vegetative,27.9,91,17.9,2,3,51.6,15.3,73,5.89,4.3,3.9,0,0,0,0,0,0,0,None
Bicholim,Cashew,2023-01-25,1,Flowering,31.6,55,0.0,24,0,12.0,19.3,30,5.09,0.0,0.5,1,0,0,0,0,0,1,Low
Bardez,Banana,2024-08-08,8,Shooting,27.6,93,64.9,3,2,76.3,8.0,95,5.22,6.0,0.0,0,0,0,0,0,0,0,None
Dharbandora,Rice (Paddy),2023-03-05,3,Flowering,32.7,52,0.0,25,0,12.0,13.3,10,6.02,0.3,0.0,1,0,0,0,0,0,1,Low
Dharbandora,Coconut,2024-07-30,7,Maturity,24.9,80,36.7,0,3,68.7,31.6,83,5.98,2.7,0.6,0,0,0,0,0,0,0,None
Quepem,Cashew,2021-03-10,3,Dormant,33.3,49,0.0,21,0,12.0,10.7,26,4.89,0.7,0.0,1,0,0,0,0,0,1,Low
Bicholim,Cashew,2025-08-11,8,Fruit_Development,23.8,85,343.1,2,5,98.0,34.0,90,6.01,0.0,4.8,0,1,0,0,0,0,1,Low
Pernem,Cashew,2021-01-11,1,Dormant,23.6,71,0.0,12,0,20.6,16.1,13,5.06,0.2,0.3,0,0,0,0,0,0,0,None
Pernem,Cashew,2024-07-01,7,Fruit_Development,29.2,87,100.0,1,16,98.0,26.8,78,5.77,3.3,10.0,0,0,0,1,0,0,1,Low
Ponda,Arecanut,2023-05-22,5,Vegetative,38.5,74,0.0,19,0,12.0,16.5,14,5.23,1.6,0.0,1,0,0,0,1,0,1,Moderate
Tiswadi,Coconut,2022-07-04,7,Nut_Development,27.7,96,25.0,0,3,66.2,22.4,95,5.29,6.6,6.2,1,0,0,0,0,0,1,Low
Quepem,Pineapple,2024-03-03,3,Fruit_Development,34.5,50,0.0,15,0,12.0,9.4,28,5.84,0.2,2.1,1,0,0,0,0,0,1,Low
Ponda,Rice (Paddy),2022-12-13,12,Grain_Filling,29.6,72,0.0,11,0,31.4,11.8,45,5.14,0.7,0.0,0,0,0,0,0,0,0,None
Bicholim,Rice (Paddy),2021-01-23,1,Tillering,29.4,64,0.0,14,0,15.0,13.6,10,5.51,0.0,0.0,1,0,0,0,0,0,1,Low
Ponda,Arecanut,2023-03-26,3,Nut_Formation,35.6,75,0.0,26,0,12.0,21.9,36,5.87,0.0,0.0,1,0,0,0,0,0,1,Low
Pernem,Mango,2021-12-12,12,Fruit_Setting,32.1,85,0.0,11,0,29.1,11.4,34,5.58,5.7,0.0,0,1,0,0,0,0,1,Low
Salcete,Coconut,2021-10-29,10,Nut_Development,28.6,80,47.3,0,2,64.8,36.0,87,5.15,3.3,1.6,0,0,1,0,0,0,1,Low
Canacona,Coconut,2021-12-29,12,Maturity,35.3,62,0.0,17,0,12.0,12.8,34,5.69,1.0,0.0,1,0,0,0,0,0,1,Low
Canacona,Cashew,2022-01-31,1,Flowering,26.2,67,0.6,13,1,22.1,10.0,19,6.0,0.0,0.5,0,0,0,0,0,0,0,None
Canacona,Arecanut,2021-08-06,8,Nut_Formation,29.0,79,187.2,0,3,98.0,21.7,84,5.32,0.4,0.0,0,1,0,0,0,0,1,Low
Pernem,Cashew,2021-05-21,5,Fruit_Development,32.4,43,0.0,17,0,12.0,10.8,39,5.45,0.0,0.0,1,0,0,0,0,0,1,Low
Bicholim,Rice (Paddy),2025-06-28,6,Grain_Filling,28.4,92,9.6,0,19,58.7,26.8,93,5.87,4.4,10.0,0,0,0,1,0,0,1,Low
Mormugao,Mango,2023-08-16,8,Flowering,27.0,91,108.3,0,8,98.0,25.8,98,5.8,6.9,8.4,0,1,0,1,0,0,1,Moderate
Canacona,Arecanut,2024-05-18,5,Flowering,36.6,60,4.5,23,1,12.0,14.5,16,5.0,0.0,0.0,1,0,0,0,0,0,1,Low
Ponda,Mango,2023-09-12,9,Fruit_Setting,25.9,87,199.5,0,4,98.0,22.6,76,5.0,2.4,4.0,0,1,0,0,0,0,1,Low
Tiswadi,Coconut,2023-09-20,9,Maturity,29.6,76,14.1,2,7,48.3,42.2,84,5.92,1.6,0.5,0,0,0,0,0,0,0,None
Bardez,Coconut,2025-07-05,7,Nut_Development,27.1,80,14.1,3,12,50.8,36.5,100,5.29,3.6,0.0,0,0,0,0,0,0,0,None
Bicholim,Rice (Paddy),2025-06-28,6,Flowering,27.8,93,8.3,3,2,53.4,21.9,66,5.23,6.1,0.0,0,0,1,0,0,0,1,Low
Ponda,Arecanut,2023-04-08,4,Nut_Formation,30.2,59,0.0,14,0,15.9,11.8,30,5.7,0.6,1.2,1,0,0,0,0,0,1,Low
Bicholim,Rice (Paddy),2022-11-14,11,Tillering,29.1,56,0.0,6,0,22.5,15.8,36,6.14,2.1,0.1,0,0,0,0,0,0,0,None
Pernem,Coconut,2025-01-23,1,Vegetative,28.6,72,0.0,4,0,33.2,12.6,43,6.25,0.0,1.7,0,0,0,0,0,0,0,None
Sanguem,Cashew,2023-10-01,10,Dormant,27.8,86,36.8,4,10,59.0,48.3,90,5.36,4.0,8.6,0,0,0,0,0,0,0,None
Canacona,Cashew,2021-12-22,12,Harvest,32.0,73,0.0,10,0,30.2,14.1,69,5.68,0.0,1.4,0,0,0,0,0,0,0,None
Bicholim,Rice (Paddy),2023-10-05,10,Tillering,27.9,84,107.1,0,12,98.0,38.7,92,5.06,3.2,10.0,0,0,0,1,0,0,1,Low
Mormugao,Coconut,2024-09-09,9,Maturity,26.5,97,43.2,0,6,80.6,39.9,85,5.7,8.7,10.0,0,0,1,1,0,0,1,Moderate
Bicholim,Cashew,2024-03-02,3,Fruit_Development,32.9,59,0.0,22,0,12.0,18.8,21,6.13,0.1,0.1,1,0,0,0,0,0,1,Low
Pernem,Coconut,2023-06-07,6,Maturity,29.9,89,94.7,4,10,84.6,22.5,75,5.04,4.6,9.1,0,0,0,1,0,0,1,Low
Canacona,Cashew,2021-05-07,5,Harvest,32.1,46,1.7,7,1,30.9,12.3,27,5.58,0.0,0.0,0,0,0,0,0,0,0,None
Sanguem,Rice (Paddy),2024-02-04,2,Flowering,25.7,59,0.0,12,0,17.8,11.6,56,5.74,0.6,0.0,0,0,0,0,0,0,0,None
Salcete,Rice (Paddy),2023-10-06,10,Tillering,25.4,86,15.7,0,0,56.6,19.4,62,5.45,5.7,1.0,0,0,0,0,0,0,0,None
Mormugao,Rice (Paddy),2022-08-27,8,Flowering,28.8,92,27.7,0,6,70.4,21.2,74,5.35,6.9,6.9,0,0,1,1,0,0,1,Moderate
Sattari,Arecanut,2025-12-28,12,Flowering,30.9,69,0.0,18,0,12.0,17.3,44,4.85,0.0,0.0,1,0,0,0,0,0,1,Low
Canacona,Coconut,2024-11-02,11,Vegetative,27.4,45,0.0,8,0,19.8,14.2,20,4.97,1.6,0.5,0,0,1,0,0,0,1,Low
Quepem,Pineapple,2023-10-11,10,Harvest,30.5,86,1.4,2,5,46.6,11.5,86,5.17,5.6,4.2,0,0,0,0,0,0,0,None
Bardez,Spices,2021-02-20,2,Flowering,28.9,68,0.0,12,0,22.8,11.8,31,5.75,0.0,0.0,0,0,0,0,0,0,0,None
Canacona,Pineapple,2023-11-19,11,Vegetative,28.5,71,0.0,16,0,18.0,5.8,29,5.88,0.2,0.0,1,0,0,0,0,0,1,Low
Bicholim,Arecanut,2025-01-25,1,Flowering,28.2,63,0.0,4,0,43.4,11.2,25,6.15,0.9,0.0,0,0,0,0,0,0,0,None
Sanguem,Cashew,2024-08-12,8,Dormant,29.9,83,176.4,1,1,98.0,27.4,67,6.07,5.3,0.1,0,1,0,0,0,0,1,Low
Sattari,Arecanut,2024-08-13,8,Nut_Formation,24.1,88,268.5,0,17,98.0,25.7,88,5.41,3.4,10.0,0,1,0,1,0,0,1,Moderate
Mormugao,Coconut,2025-10-16,10,Vegetative,25.0,90,1.1,1,8,47.7,27.0,85,5.52,6.5,8.3,0,0,0,1,0,0,1,Low
Sattari,Banana,2023-02-18,2,Harvest,28.1,69,0.0,8,0,33.9,15.7,56,4.81,0.0,0.0,1,0,0,0,0,0,1,Low
Dharbandora,Rice (Paddy),2024-12-01,12,Grain_Filling,30.6,67,0.0,20,0,12.0,14.4,40,4.87,0.3,0.0,1,0,0,0,0,0,1,Low
Bardez,Cashew,2025-11-28,11,Flowering,23.4,68,0.0,19,0,13.3,10.4,14,4.28,1.3,0.4,1,0,0,0,0,1,1,Moderate
Bardez,Cashew,2023-03-25,3,Dormant,34.0,53,11.2,21,1,12.0,18.3,22,5.9,0.0,0.0,1,0,0,0,0,0,1,Low
Salcete,Banana,2025-06-25,6,Finger_Filling,28.2,88,35.4,2,2,56.4,24.4,93,5.7,3.8,0.0,0,0,0,0,0,0,0,None
Salcete,Banana,2024-11-29,11,Finger_Filling,27.7,50,0.0,11,0,22.0,11.1,18,6.31,0.0,0.0,0,0,0,0,0,0,0,None
Canacona,Rice (Paddy),2024-10-01,10,Flowering,26.3,98,26.3,2,2,69.1,35.2,83,5.67,8.7,0.0,0,0,1,1,0,0,1,Moderate
Mormugao,Coconut,2025-07-04,7,Inflorescence,26.9,90,68.3,2,1,76.4,8.5,100,5.41,3.8,0.0,0,0,0,0,0,0,0,None
Ponda,Rice (Paddy),2022-02-24,2,Seedling,29.5,55,0.0,11,0,18.9,12.9,18,4.94,3.8,0.0,0,0,0,0,0,0,0,None
Bardez,Arecanut,2024-04-20,4,Nut_Formation,34.0,58,0.0,12,0,23.1,12.7,28,5.48,1.6,1.9,1,0,0,0,0,0,1,Low
Dharbandora,Spices,2023-09-10,9,Harvest,31.2,82,10.8,4,1,44.9,15.9,74,5.39,2.6,0.1,0,0,0,0,0,0,0,None
Salcete,Cashew,2023-04-05,4,Fruit_Development,33.1,62,0.0,17,0,15.5,13.9,39,4.88,0.0,0.0,1,0,0,0,0,0,1,Low
Quepem,Rice (Paddy),2023-10-22,10,Grain_Filling,27.9,82,32.3,1,2,61.9,25.5,79,5.06,3.3,0.0,0,0,0,0,0,0,0,None
Sattari,Spices,2022-07-21,7,Flowering,29.9,89,251.9,0,1,98.0,13.3,93,5.24,2.8,0.0,0,1,0,0,0,0,1,Low
Mormugao,Coconut,2022-01-06,1,Maturity,31.3,59,0.0,4,0,38.3,14.2,13,5.89,0.1,0.0,0,0,0,0,0,0,0,None
Dharbandora,Banana,2023-07-25,7,Bunch_Emergence,25.8,91,1.1,0,2,55.4,24.7,83,5.73,5.6,0.4,0,0,0,0,0,0,0,None
Ponda,Rice (Paddy),2022-10-23,10,Tillering,27.5,78,11.8,4,3,47.9,23.6,78,5.5,3.4,0.9,1,0,0,0,0,0,1,Low
Canacona,Coconut,2024-12-25,12,Nut_Development,30.1,56,0.0,7,0,29.1,19.1,24,5.7,1.1,0.0,0,0,0,0,0,0,0,None
Pernem,Rice (Paddy),2023-08-27,8,Grain_Filling,28.2,96,42.7,3,18,66.3,32.8,70,5.05,6.5,10.0,0,0,1,1,0,0,1,Moderate
Dharbandora,Arecanut,2024-08-25,8,Vegetative,31.9,99,106.8,0,19,98.0,10.1,99,5.53,4.3,10.0,0,0,0,1,0,0,1,Low
Mormugao,Spices,2024-03-06,3,Vegetative,34.9,52,0.0,13,0,12.0,18.4,5,5.22,1.7,0.0,1,0,0,0,0,0,1,Low
Mormugao,Rice (Paddy),2021-07-21,7,Grain_Filling,28.6,87,67.9,0,2,79.6,39.0,80,5.17,6.4,0.0,0,0,1,0,0,0,1,Low
Ponda,Rice (Paddy),2024-12-30,12,Flowering,27.8,71,0.6,19,1,12.0,12.1,57,4.43,0.3,0.7,1,1,0,0,0,1,1,High
Canacona,Mango,2021-11-09,11,Vegetative,29.1,62,1.0,15,1,12.6,13.0,40,5.39,0.0,0.0,1,0,0,0,0,0,1,Low
Pernem,Mango,2021-04-27,4,Vegetative,38.4,45,0.0,9,0,17.5,18.5,39,4.31,0.0,0.0,1,0,0,0,1,0,1,Moderate
Pernem,Arecanut,2025-08-17,8,Flowering,28.4,90,46.1,0,11,74.1,20.3,69,5.02,5.1,10.0,0,0,0,1,0,0,1,Low
Ponda,Arecanut,2023-07-26,7,Flowering,27.1,87,88.5,1,8,90.1,21.5,94,5.05,3.2,7.8,0,0,0,1,0,0,1,Low
Pernem,Coconut,2022-07-29,7,Vegetative,28.5,84,4.2,1,8,56.8,18.5,99,4.99,2.7,7.8,0,1,0,1,0,0,1,Moderate
Pernem,Mango,2021-09-01,9,Maturity,30.5,73,32.6,0,11,64.0,31.8,100,5.59,0.1,0.0,0,0,0,0,0,0,0,None
Ponda,Rice (Paddy),2022-06-21,6,Seedling,25.5,99,10.0,0,2,55.8,27.3,99,4.69,6.6,0.0,0,0,1,0,0,0,1,Low
Mormugao,Coconut,2025-06-14,6,Nut_Development,26.2,96,11.7,0,0,58.7,24.0,86,5.52,7.0,0.8,0,0,1,0,0,0,1,Low
Dharbandora,Spices,2021-03-16,3,Flowering,33.6,54,0.0,21,0,12.0,22.0,15,5.24,2.0,0.2,1,0,0,0,0,0,1,Low
Tiswadi,Rice (Paddy),2022-01-21,1,Grain_Filling,31.4,62,0.0,11,0,23.7,12.4,58,5.89,0.8,0.5,0,0,0,0,0,0,0,None
Ponda,Arecanut,2024-05-18,5,Nut_Formation,33.2,61,0.0,21,0,12.0,17.4,16,5.22,0.0,1.8,1,0,0,0,0,0,1,Low
Salcete,Cashew,2022-04-20,4,Dormant,34.7,68,0.0,21,0,12.0,15.5,26,6.51,0.0,0.9,1,0,0,0,0,0,1,Low
Salcete,Rice (Paddy),2022-02-22,2,Seedling,29.0,82,0.0,12,0,29.2,16.4,49,5.41,5.3,0.0,0,0,0,0,0,0,0,None
Tiswadi,Rice (Paddy),2021-12-13,12,Flowering,27.5,63,0.0,14,0,15.1,16.0,30,5.03,0.0,0.5,1,0,0,0,0,0,1,Low
Bicholim,Rice (Paddy),2025-04-02,4,Flowering,35.3,38,0.0,9,0,18.7,10.3,19,5.69,0.0,0.0,1,0,0,0,0,0,1,Low
Tiswadi,Rice (Paddy),2022-10-02,10,Grain_Filling,25.3,93,9.8,1,1,49.0,45.1,83,5.01,6.3,0.7,0,0,1,0,0,0,1,Low
Dharbandora,Arecanut,2023-07-28,7,Nut_Formation,28.2,90,20.0,0,6,62.7,22.6,87,4.66,4.5,6.1,0,0,1,0,0,0,1,Low
Ponda,Arecanut,2023-08-13,8,Flowering,31.3,85,38.5,0,1,66.7,13.9,69,5.03,3.5,0.1,0,0,1,0,0,0,1,Low
Sattari,Arecanut,2023-05-26,5,Vegetative,30.3,55,0.0,17,0,12.0,16.3,44,5.1,0.0,1.1,1,0,0,0,0,0,1,Low
Sattari,Rice (Paddy),2023-02-02,2,Flowering,29.3,74,0.0,13,0,28.0,15.1,38,4.59,0.0,0.6,0,0,0,0,0,1,1,Low
Ponda,Rice (Paddy),2024-04-17,4,Flowering,32.2,60,0.0,5,0,29.0,18.8,31,5.11,0.0,0.0,0,0,0,0,0,0,0,None
Salcete,Banana,2024-04-20,4,Shooting,33.2,59,1.6,17,1,12.0,16.0,23,5.65,0.9,0.0,1,0,0,0,0,0,1,Low
Dharbandora,Arecanut,2022-10-26,10,Vegetative,22.5,88,33.0,0,3,71.0,20.8,72,5.92,0.1,4.2,0,0,0,0,0,0,0,None
Canacona,Cashew,2021-01-25,1,Harvest,33.1,70,0.0,5,0,36.0,13.1,40,5.08,1.6,0.0,0,0,0,0,0,0,0,None
Bicholim,Cashew,2024-04-18,4,Harvest,39.8,62,0.0,22,0,12.0,16.1,34,5.35,0.5,1.5,1,0,0,0,1,0,1,Moderate
Sanguem,Banana,2022-12-11,12,Finger_Filling,31.5,56,0.0,5,0,24.9,19.9,30,5.6,0.7,0.0,0,0,0,0,0,0,0,None
Quepem,Cashew,2025-03-05,3,Harvest,36.1,69,0.0,24,0,12.0,16.8,25,5.06,3.1,1.3,1,0,0,0,0,0,1,Low
Mormugao,Coconut,2024-03-30,3,Inflorescence,34.0,38,0.0,20,0,12.0,12.4,10,5.76,1.2,0.6,1,0,0,0,0,0,1,Low
Dharbandora,Arecanut,2021-06-26,6,Nut_Formation,25.2,78,31.6,5,6,52.4,33.7,87,4.92,2.5,0.0,0,0,0,0,0,0,0,None
Tiswadi,Rice (Paddy),2021-10-12,10,Flowering,27.9,72,23.2,1,1,50.3,35.2,86,5.31,0.0,0.0,0,0,0,0,0,0,0,None
Sattari,Cashew,2021-03-04,3,Flowering,36.0,50,0.0,21,0,12.0,19.2,43,5.34,1.2,0.0,1,0,0,0,0,0,1,Low
Bicholim,Rice (Paddy),2023-09-30,9,Flowering,28.5,84,43.4,0,9,75.9,25.7,85,5.69,5.5,7.0,0,0,0,1,0,0,1,Low
Dharbandora,Rice (Paddy),2022-10-24,10,Tillering,26.9,90,32.3,0,10,64.8,28.2,87,6.23,3.6,8.0,0,0,0,1,0,0,1,Low
Canacona,Coconut,2022-10-28,10,Vegetative,29.1,84,44.0,0,2,65.1,26.5,100,6.06,1.8,0.0,0,0,0,0,0,0,0,None
Sanguem,Rice (Paddy),2021-06-05,6,Tillering,30.1,81,72.1,0,14,77.5,32.1,72,5.28,2.2,0.3,0,0,0,0,0,0,0,None
Quepem,Cashew,2025-02-01,2,Flowering,31.6,70,0.0,5,0,49.5,10.9,29,5.69,0.0,0.0,0,0,0,0,0,0,0,None
Tiswadi,Rice (Paddy),2023-12-09,12,Seedling,25.2,61,0.0,14,0,23.2,13.2,41,5.1,0.0,0.3,1,0,0,0,0,0,1,Low
Dharbandora,Rice (Paddy),2023-08-25,8,Grain_Filling,30.0,94,11.9,0,0,55.0,21.4,76,6.2,5.7,0.1,0,0,0,0,0,0,0,None
Pernem,Mango,2023-04-29,4,Flowering,35.9,74,0.0,5,0,35.9,14.0,30,4.55,0.6,0.0,0,0,0,0,0,1,1,Low
Quepem,Mango,2024-01-13,1,Fruit_Setting,29.3,67,0.0,11,0,29.8,18.1,22,5.47,0.8,1.2,0,0,0,1,0,0,1,Low
Mormugao,Rice (Paddy),2024-10-16,10,Flowering,24.4,80,4.9,3,4,38.0,36.9,78,5.02,5.9,0.0,0,0,0,0,0,0,0,None
Sanguem,Cashew,2022-11-20,11,Fruit_Development,27.2,70,0.0,4,0,36.7,24.3,20,5.36,0.6,1.0,0,0,1,0,0,0,1,Low
Sanguem,Rice (Paddy),2021-05-28,5,Grain_Filling,33.9,60,0.3,16,1,12.0,19.0,13,5.22,0.0,0.0,1,0,0,0,0,0,1,Low
Pernem,Cashew,2025-07-12,7,Harvest,27.0,86,43.8,3,9,63.0,14.4,75,4.94,4.8,10.0,0,0,0,1,0,0,1,Low
Dharbandora,Arecanut,2021-12-08,12,Harvest,30.5,59,0.0,14,0,12.0,12.8,44,6.11,0.9,0.0,1,0,0,0,0,0,1,Low
Quepem,Cashew,2022-04-21,4,Flowering,36.0,59,0.0,17,0,12.0,16.6,5,5.58,1.9,0.0,1,0,0,0,0,0,1,Low
Tiswadi,Coconut,2023-12-23,12,Nut_Development,30.8,65,0.0,18,0,12.0,18.8,31,4.71,0.0,0.0,1,0,0,0,0,0,1,Low
Bardez,Mango,2025-09-21,9,Fruit_Setting,29.3,94,84.6,0,5,91.2,27.2,78,4.87,5.2,4.2,0,0,0,0,0,0,0,None
Pernem,Cashew,2024-10-15,10,Dormant,29.7,86,1.7,0,6,49.5,40.0,92,4.54,4.8,5.3,0,0,0,0,0,0,0,None
Sanguem,Cashew,2022-07-15,7,Harvest,24.8,97,12.8,0,5,53.4,22.6,84,5.45,7.6,8.4,0,0,0,1,0,0,1,Low
Sanguem,Rice (Paddy),2021-11-23,11,Grain_Filling,32.5,64,0.0,12,0,20.3,20.2,33,4.88,0.0,0.0,0,0,0,0,0,0,0,None
Canacona,Cashew,2025-11-28,11,Fruit_Development,29.2,63,0.0,17,0,14.3,6.1,29,4.49,0.0,0.0,1,0,0,0,0,1,1,Moderate
Bardez,Mango,2025-10-26,10,Flowering,27.3,75,7.2,0,3,50.7,38.7,93,5.47,0.0,0.0,0,0,0,0,0,0,0,None
Quepem,Banana,2024-03-10,3,Shooting,33.5,43,0.0,27,0,12.0,16.8,19,4.58,0.9,0.0,1,0,0,0,0,1,1,Moderate
Dharbandora,Arecanut,2023-09-17,9,Vegetative,28.7,87,24.9,1,8,65.3,39.1,94,5.23,5.5,7.6,0,0,0,1,0,0,1,Low
Sanguem,Coconut,2021-08-03,8,Nut_Development,28.2,77,77.9,0,0,76.1,19.4,97,4.77,0.0,0.0,0,0,1,0,0,0,1,Low
Tiswadi,Coconut,2022-03-11,3,Nut_Development,33.9,40,0.0,30,0,12.0,15.0,32,5.17,0.0,1.7,0,0,0,0,0,0,0,None
Ponda,Arecanut,2023-08-10,8,Flowering,25.2,83,8.8,1,8,50.2,26.3,100,4.64,3.1,6.0,0,0,0,0,0,1,1,Low
Bicholim,Cashew,2022-12-24,12,Flowering,28.1,61,0.1,22,1,12.0,10.3,29,4.96,0.6,0.0,1,0,0,0,0,0,1,Low
Ponda,Coconut,2024-09-03,9,Inflorescence,27.5,95,0.9,5,16,46.3,24.9,90,5.02,5.3,10.0,0,0,1,1,0,0,1,Moderate
Sanguem,Cashew,2021-02-01,2,Harvest,30.3,64,0.0,15,0,21.4,5.0,53,4.98,2.0,2.2,1,0,1,0,0,0,1,Moderate
Sattari,Mango,2022-11-01,11,Flowering,31.6,53,0.0,7,0,26.7,17.5,48,5.78,1.8,0.8,0,0,0,0,0,0,0,None
Dharbandora,Banana,2021-10-12,10,Shooting,28.7,85,60.2,1,2,75.0,17.1,84,4.96,3.1,0.0,0,0,0,0,0,0,0,None
Canacona,Cashew,2024-08-21,8,Flowering,25.5,80,31.2,2,0,51.6,17.2,93,4.97,3.7,0.4,0,0,1,0,0,0,1,Low
Mormugao,Rice (Paddy),2022-03-05,3,Flowering,36.2,65,0.0,24,0,12.0,17.5,5,5.87,1.0,0.0,1,0,0,0,0,0,1,Low
Bicholim,Banana,2025-02-09,2,Shooting,32.1,60,0.0,11,0,14.2,11.3,10,4.86,2.9,0.6,0,0,0,0,0,0,0,None
Sanguem,Rice (Paddy),2021-10-13,10,Tillering,27.9,92,97.9,0,11,97.5,30.9,75,4.64,6.4,10.0,0,0,1,1,0,1,1,High
Bicholim,Rice (Paddy),2024-03-13,3,Seedling,29.7,53,0.0,18,0,12.0,10.5,13,5.52,0.0,0.0,0,0,0,1,0,0,1,Low
Bardez,Mango,2024-12-18,12,Vegetative,28.6,70,0.0,3,0,38.8,13.8,21,6.04,0.5,0.4,0,1,0,0,0,0,1,Low
Quepem,Coconut,2023-11-09,11,Inflorescence,26.3,72,0.0,8,0,22.0,5.2,36,4.88,0.0,0.0,0,0,0,0,0,0,0,None
Sattari,Arecanut,2021-01-18,1,Harvest,27.8,76,0.0,15,0,25.9,20.9,54,4.9,2.1,0.0,0,0,0,0,0,0,0,None
Ponda,Arecanut,2023-02-08,2,Flowering,23.2,62,0.0,11,0,23.8,18.6,42,5.45,0.0,2.0,0,0,0,0,0,0,0,None
Sattari,Banana,2022-08-13,8,Bunch_Emergence,26.2,97,28.0,9,1,53.0,11.6,93,5.48,5.3,1.0,0,0,0,0,0,0,0,None
Ponda,Pineapple,2024-10-26,10,Inflorescence,23.9,87,42.6,1,4,63.2,19.6,84,5.64,0.0,4.1,0,0,0,0,0,0,0,None
Ponda,Rice (Paddy),2024-04-13,4,Tillering,30.7,53,0.0,25,0,12.0,14.9,5,5.67,1.3,0.5,1,0,0,0,0,0,1,Low
Sattari,Cashew,2023-10-07,10,Harvest,29.9,89,58.3,0,1,76.5,20.5,93,5.77,7.5,0.5,0,0,1,0,0,0,1,Low
Salcete,Cashew,2021-07-13,7,Flowering,29.1,84,38.0,9,0,52.0,20.2,81,5.37,2.8,1.8,0,0,0,0,0,0,0,None
Quepem,Rice (Paddy),2022-05-17,5,Flowering,40.6,59,0.0,15,0,16.8,20.5,37,5.25,0.5,0.3,1,0,0,0,1,0,1,Moderate
Dharbandora,Arecanut,2023-09-15,9,Harvest,26.7,81,2.4,1,8,46.5,25.2,90,5.02,3.4,0.2,0,0,0,0,0,0,0,None
Dharbandora,Arecanut,2024-02-11,2,Harvest,25.5,60,0.0,19,0,12.0,6.6,52,5.66,2.0,0.0,1,0,0,0,0,0,1,Low
Sattari,Cashew,2021-04-24,4,Dormant,32.7,53,0.0,22,0,12.0,6.6,5,5.28,1.3,1.2,1,0,0,0,0,0,1,Low
Sattari,Spices,2024-05-30,5,Flowering,34.2,30,0.0,11,0,15.2,6.7,5,5.36,0.0,0.0,1,0,0,0,0,0,1,Low
Sattari,Pineapple,2025-08-29,8,Harvest,27.8,81,39.7,1,4,67.1,18.5,89,6.45,3.5,0.0,0,0,1,0,0,0,1,Low
Tiswadi,Rice (Paddy),2023-08-05,8,Flowering,26.4,80,1.7,0,3,54.6,34.6,84,5.29,2.9,0.0,0,0,0,0,0,0,0,None
Sanguem,Cashew,2023-04-11,4,Harvest,34.1,50,0.4,11,1,22.2,16.2,43,5.87,0.0,1.2,1,0,0,0,0,0,1,Low
Ponda,Rice (Paddy),2025-07-26,7,Grain_Filling,28.5,97,35.2,2,0,69.3,17.3,82,4.74,5.4,1.1,0,0,0,0,0,0,0,None
Quepem,Pineapple,2024-07-11,7,Inflorescence,27.3,91,0.9,0,4,53.4,56.4,95,5.73,3.8,4.9,0,0,0,0,0,0,0,None
Tiswadi,Rice (Paddy),2023-07-14,7,Flowering,24.6,98,68.0,0,0,85.9,31.6,93,4.95,8.2,1.5,0,1,1,0,0,0,1,Moderate
Bicholim,Cashew,2021-02-24,2,Fruit_Development,32.3,61,0.0,10,0,24.1,9.5,45,5.09,1.5,0.0,0,0,0,0,0,0,0,None
Sanguem,Cashew,2025-07-25,7,Fruit_Development,28.2,87,72.4,0,1,83.6,25.9,87,6.18,5.7,0.9,0,0,0,0,0,0,0,None
Canacona,Rice (Paddy),2023-03-11,3,Flowering,33.1,45,0.0,29,0,12.0,6.2,33,5.53,0.0,0.5,1,0,0,1,0,0,1,Moderate
Mormugao,Rice (Paddy),2023-02-17,2,Tillering,26.8,73,0.0,9,0,26.5,7.3,55,5.48,0.4,1.1,0,0,0,0,0,0,0,None
Bicholim,Banana,2025-01-21,1,Harvest,28.7,78,0.0,13,0,18.8,9.8,41,5.29,4.6,0.0,0,0,0,0,0,0,0,None
Ponda,Cashew,2021-06-11,6,Fruit_Development,29.8,97,35.4,0,7,73.9,23.4,73,4.87,9.1,9.5,0,0,1,1,0,0,1,Moderate
Sattari,Rice (Paddy),2024-11-04,11,Flowering,30.8,68,0.0,3,0,46.0,9.5,46,5.21,0.5,0.0,0,0,0,0,0,0,0,None
Canacona,Coconut,2021-03-28,3,Vegetative,34.2,39,0.0,15,0,12.0,24.1,22,6.05,0.4,0.0,1,0,0,0,0,0,1,Low
Dharbandora,Spices,2021-02-24,2,Flowering,29.9,81,0.0,6,0,39.7,15.5,48,5.89,2.3,0.8,0,0,0,0,0,0,0,None
Bardez,Arecanut,2025-02-08,2,Harvest,31.5,58,1.5,11,1,18.6,8.3,39,5.21,0.5,1.1,0,0,0,0,0,0,0,None
Quepem,Cashew,2025-12-29,12,Flowering,25.3,53,0.0,17,0,12.0,16.7,23,5.43,2.1,0.0,1,0,0,0,0,0,1,Low
Pernem,Cashew,2024-04-16,4,Fruit_Development,38.6,48,0.0,21,0,12.0,17.7,60,4.43,0.5,0.2,1,0,0,0,1,1,1,High
Pernem,Mango,2024-11-15,11,Maturity,28.1,78,0.0,5,0,44.6,16.4,16,5.29,0.0,0.0,1,0,0,0,0,0,1,Low
Sattari,Arecanut,2024-10-04,10,Flowering,25.9,93,80.4,1,3,84.1,24.5,84,5.51,5.8,5.3,0,0,0,0,0,0,0,None
Salcete,Coconut,2023-10-29,10,Inflorescence,28.4,94,22.3,0,7,53.4,34.2,85,5.76,6.7,8.6,0,0,0,1,0,0,1,Low
Sattari,Cashew,2023-04-13,4,Flowering,32.1,46,14.3,14,1,12.0,15.9,40,6.44,0.0,0.0,1,0,0,0,0,0,1,Low
Mormugao,Rice (Paddy),2021-11-09,11,Grain_Filling,31.9,59,0.0,11,0,32.1,13.7,51,4.98,0.7,0.9,0,0,0,0,0,0,0,None
Pernem,Spices,2023-01-29,1,Vegetative,27.0,79,0.0,7,0,33.5,15.3,42,5.6,3.6,0.0,0,0,0,0,0,0,0,None
Bicholim,Rice (Paddy),2022-03-19,3,Grain_Filling,32.9,68,0.0,5,0,36.5,16.9,19,4.77,0.0,0.4,0,0,0,0,0,0,0,None
Sattari,Rice (Paddy),2025-11-26,11,Grain_Filling,26.6,77,0.0,6,0,23.9,11.4,46,6.51,2.1,0.0,0,0,0,0,0,0,0,None
Quepem,Rice (Paddy),2021-11-24,11,Grain_Filling,32.7,65,0.0,12,0,25.0,7.4,23,5.19,1.6,1.3,0,0,0,0,0,0,0,None
Sattari,Banana,2023-12-14,12,Harvest,28.6,64,0.0,10,0,28.9,17.0,53,5.11,0.0,0.0,0,0,0,0,0,0,0,None
Mormugao,Coconut,2023-01-31,1,Inflorescence,31.2,73,0.0,21,0,14.2,10.9,37,5.37,0.3,0.0,1,0,0,0,0,0,1,Low
Sattari,Mango,2024-06-16,6,Maturity,25.6,100,21.4,1,4,68.9,16.0,94,5.6,7.9,8.2,0,0,1,1,0,0,1,Moderate
Salcete,Coconut,2024-06-06,6,Maturity,23.5,88,12.4,0,3,55.7,20.1,85,4.65,0.0,3.4,0,0,0,0,0,0,0,None
Canacona,Cashew,2022-08-02,8,Dormant,27.9,89,74.2,1,0,75.0,27.0,87,6.28,5.3,0.5,0,0,0,0,0,0,0,None
Pernem,Mango,2023-12-11,12,Fruit_Setting,31.6,65,0.0,16,0,12.0,11.0,23,4.78,0.0,0.0,1,0,0,0,0,0,1,Low
Pernem,Coconut,2025-06-21,6,Inflorescence,22.3,84,17.2,0,4,58.3,34.9,91,5.14,1.0,3.8,0,0,0,0,0,0,0,None
Dharbandora,Rice (Paddy),2025-06-16,6,Seedling,27.5,88,116.1,2,5,98.0,28.4,79,5.03,6.2,5.8,0,0,1,0,0,0,1,Low
Mormugao,Rice (Paddy),2023-10-04,10,Seedling,27.9,88,30.6,1,1,58.1,19.4,96,4.74,4.7,1.0,0,0,0,0,0,0,0,None
Dharbandora,Rice (Paddy),2024-07-11,7,Tillering,27.8,100,11.7,0,0,63.5,36.7,91,5.32,8.7,0.0,0,0,1,0,0,0,1,Low
Canacona,Cashew,2024-12-12,12,Dormant,23.8,60,0.0,12,0,23.7,18.5,42,5.28,0.0,0.0,0,0,0,0,0,0,0,None
Bicholim,Cashew,2021-04-06,4,Dormant,36.1,43,0.0,10,0,22.0,21.2,43,6.25,0.1,0.0,1,0,0,0,0,0,1,Low
Mormugao,Coconut,2024-01-17,1,Inflorescence,28.8,57,0.0,17,0,12.8,18.7,10,4.97,0.0,0.0,1,0,0,0,0,0,1,Low
Sattari,Mango,2024-01-07,1,Flowering,29.0,73,0.0,18,0,16.0,17.9,42,5.88,1.2,0.0,1,0,0,0,0,0,1,Low
Pernem,Cashew,2024-08-04,8,Dormant,26.4,96,98.7,6,3,89.0,31.9,79,5.65,5.4,7.7,0,0,0,1,0,0,1,Low
Canacona,Rice (Paddy),2024-02-18,2,Flowering,29.7,55,0.0,14,0,12.0,25.8,53,5.36,0.0,0.7,1,0,0,0,0,0,1,Low
Canacona,Cashew,2023-03-25,3,Dormant,33.7,69,0.0,19,0,12.0,10.9,17,4.92,0.8,0.0,1,0,0,0,0,0,1,Low
Canacona,Cashew,2022-05-06,5,Fruit_Development,34.7,48,0.0,13,0,14.4,9.4,5,5.8,0.6,0.5,1,0,0,0,0,0,1,Low
Bardez,Mango,2022-03-28,3,Maturity,36.4,42,0.0,5,0,30.2,20.8,19,5.59,0.2,0.0,0,0,0,0,0,0,0,None
Salcete,Rice (Paddy),2025-03-04,3,Flowering,37.2,52,0.0,16,0,12.0,15.2,22,5.37,0.3,1.2,1,0,0,0,1,0,1,Moderate
Canacona,Cashew,2021-06-14,6,Flowering,31.2,82,22.6,4,1,49.1,40.1,100,4.68,2.5,0.0,0,0,0,0,0,1,1,Low
Quepem,Arecanut,2021-07-01,7,Harvest,26.7,96,18.8,1,10,63.5,41.9,82,5.89,6.0,10.0,0,0,0,1,0,0,1,Low
Ponda,Pineapple,2022-04-14,4,Vegetative,38.4,53,12.4,23,1,12.0,18.1,27,5.22,0.0,1.1,1,0,0,0,1,0,1,Moderate
Tiswadi,Rice (Paddy),2023-06-29,6,Tillering,27.3,82,58.8,3,13,65.9,27.3,87,5.47,2.8,9.8,0,0,0,0,0,0,0,None
Sanguem,Coconut,2023-01-05,1,Nut_Development,31.9,68,0.0,7,0,46.4,8.1,41,5.91,1.2,0.0,0,0,0,0,0,0,0,None
Tiswadi,Coconut,2023-04-03,4,Inflorescence,35.2,40,0.0,10,0,19.5,6.2,10,5.3,0.9,3.1,1,0,0,0,0,0,1,Low
Canacona,Spices,2023-08-02,8,Vegetative,25.7,90,46.1,0,7,68.9,31.7,99,5.08,4.3,5.6,0,0,0,1,0,0,1,Low
Dharbandora,Rice (Paddy),2021-01-07,1,Seedling,28.6,72,0.0,18,0,16.6,18.3,12,4.56,0.0,1.6,1,0,0,0,0,0,1,Low
Tiswadi,Rice (Paddy),2021-11-26,11,Seedling,29.7,72,0.0,12,0,27.8,19.1,21,5.22,0.0,1.4,0,0,0,1,0,0,1,Low
Mormugao,Rice (Paddy),2023-02-14,2,Tillering,26.5,79,0.0,8,0,32.4,15.3,40,5.99,3.2,0.0,0,0,0,0,0,0,0,None
Quepem,Arecanut,2025-08-24,8,Nut_Formation,26.4,85,22.1,0,16,56.2,31.7,99,5.21,2.8,10.0,0,0,0,1,0,0,1,Low
Quepem,Spices,2021-05-31,5,Harvest,32.7,45,0.0,22,0,12.0,17.4,23,5.83,0.0,0.0,1,0,0,0,0,0,1,Low
Mormugao,Rice (Paddy),2024-01-14,1,Grain_Filling,28.3,71,0.0,15,0,17.4,16.8,38,5.77,0.0,0.7,1,0,0,0,0,0,1,Low
Mormugao,Rice (Paddy),2021-05-27,5,Seedling,38.4,48,0.0,12,0,20.0,8.9,37,5.31,0.0,0.0,1,0,0,0,1,0,1,Moderate
Tiswadi,Rice (Paddy),2025-07-06,7,Tillering,28.3,95,98.3,0,14,94.4,25.6,98,5.39,7.7,10.0,0,0,1,1,0,0,1,Moderate
Dharbandora,Arecanut,2024-11-05,11,Nut_Formation,29.3,71,0.0,5,0,36.1,21.5,57,5.61,0.2,0.5,1,0,0,0,0,0,1,Low
Quepem,Pineapple,2023-07-04,7,Fruit_Development,27.5,87,20.1,0,0,57.9,17.0,100,5.91,3.2,0.0,0,0,0,0,0,0,0,None
Bardez,Mango,2025-04-21,4,Maturity,33.7,64,0.0,12,0,12.8,21.4,5,5.55,1.0,0.0,1,0,0,0,0,0,1,Low
Tiswadi,Coconut,2024-08-01,8,Vegetative,26.2,92,3.4,1,20,53.0,22.7,91,5.91,6.3,10.0,0,0,0,1,0,0,1,Low
Sattari,Cashew,2022-12-01,12,Fruit_Development,29.1,69,0.0,22,0,12.0,20.2,39,5.58,1.9,0.2,1,0,0,0,0,0,1,Low
Dharbandora,Arecanut,2021-03-23,3,Flowering,35.6,39,0.0,25,0,12.0,13.4,5,5.29,0.0,0.0,1,0,0,1,0,0,1,Moderate
Mormugao,Coconut,2022-05-29,5,Nut_Development,36.2,43,0.0,5,0,24.1,16.4,38,4.93,1.5,0.0,0,0,0,0,0,0,0,None
Bicholim,Rice (Paddy),2023-03-26,3,Seedling,33.7,57,0.0,28,0,12.0,17.4,28,5.63,0.0,0.6,1,0,0,0,0,0,1,Low
Sanguem,Cashew,2022-12-10,12,Flowering,31.0,62,0.0,13,0,22.8,22.2,46,6.29,0.0,1.0,0,0,0,0,0,0,0,None
Salcete,Cashew,2025-03-27,3,Fruit_Development,33.1,47,0.0,20,0,12.0,18.3,30,5.59,2.6,0.9,1,0,0,0,0,0,1,Low
Sattari,Arecanut,2023-01-16,1,Vegetative,26.7,67,0.0,2,0,43.3,14.4,10,5.53,1.1,2.0,0,0,0,0,0,0,0,None
Tiswadi,Rice (Paddy),2023-10-20,10,Tillering,28.2,83,21.8,1,4,58.9,14.7,85,4.64,3.7,3.7,0,0,0,0,0,1,1,Low
Pernem,Cashew,2024-11-10,11,Dormant,32.3,64,0.0,10,0,22.5,12.9,42,4.51,0.0,0.0,0,0,0,0,0,0,0,None
Canacona,Cashew,2022-12-08,12,Fruit_Development,30.8,85,0.0,2,0,43.5,14.4,10,5.01,5.5,0.0,0,0,0,0,0,0,0,None
Dharbandora,Spices,2022-04-16,4,Pod_Development,31.6,36,0.0,22,0,12.0,16.7,38,5.5,0.0,1.0,1,0,0,0,0,0,1,Low
Tiswadi,Coconut,2024-02-17,2,Nut_Development,31.5,81,0.0,8,0,29.2,19.0,19,6.05,2.7,0.5,0,0,0,0,0,0,0,None
Ponda,Arecanut,2022-01-31,1,Nut_Formation,30.2,69,0.0,16,0,12.0,13.9,37,5.2,0.0,0.2,1,0,0,0,0,0,1,Low
Quepem,Pineapple,2025-04-05,4,Fruit_Development,32.2,61,0.0,26,0,12.0,12.8,38,5.6,0.2,0.3,1,0,0,0,0,0,1,Low
Sanguem,Coconut,2021-09-18,9,Inflorescence,25.0,88,91.2,2,13,85.9,31.3,89,4.99,7.6,10.0,0,0,1,1,0,0,1,Moderate
Pernem,Coconut,2023-03-16,3,Vegetative,34.3,55,0.0,16,0,12.0,20.5,26,6.35,1.4,0.5,1,0,0,0,0,0,1,Low
Pernem,Mango,2023-07-23,7,Flowering,25.6,82,350.4,0,0,98.0,27.3,79,5.29,2.3,0.6,0,1,0,0,0,0,1,Low
Tiswadi,Coconut,2024-07-03,7,Nut_Development,28.0,88,15.4,0,0,55.5,27.4,100,4.97,5.0,0.2,0,0,0,0,0,0,0,None
Pernem,Cashew,2025-10-24,10,Dormant,27.6,82,0.1,0,7,46.3,23.1,95,6.3,5.7,5.8,1,0,0,0,0,0,1,Low
Sattari,Mango,2023-06-24,6,Flowering,27.6,86,29.0,0,3,63.1,27.2,73,5.87,3.8,5.3,0,0,0,0,0,0,0,None
Canacona,Cashew,2024-06-03,6,Dormant,28.3,75,21.3,0,0,52.4,27.5,85,5.22,3.0,0.0,0,0,0,0,0,0,0,None
Quepem,Cashew,2023-12-13,12,Fruit_Development,28.2,65,0.0,10,0,20.0,9.3,12,5.95,0.0,0.6,0,0,0,1,0,0,1,Low
Ponda,Arecanut,2023-07-29,7,Flowering,25.0,84,9.3,2,3,53.5,25.4,86,4.39,3.8,3.3,0,0,0,0,0,1,1,Low
Dharbandora,Spices,2025-03-04,3,Flowering,31.4,42,0.0,19,0,12.0,18.8,8,4.84,1.2,0.6,1,0,0,0,0,0,1,Low
Mormugao,Coconut,2025-03-10,3,Nut_Development,36.4,66,0.0,5,0,42.0,14.3,5,5.65,1.6,0.5,0,0,0,0,0,0,0,None
Pernem,Pineapple,2023-05-04,5,Harvest,37.8,66,0.0,21,0,12.0,23.1,27,5.33,0.0,0.0,1,0,0,0,0,0,1,Low
Sattari,Cashew,2024-10-19,10,Fruit_Development,24.4,85,10.4,3,1,55.4,18.3,82,5.11,4.0,0.0,0,0,0,0,0,0,0,None
Bicholim,Rice (Paddy),2024-07-27,7,Tillering,28.4,87,3.9,0,6,42.0,8.0,77,6.0,5.5,5.6,0,0,0,0,0,0,0,None
Dharbandora,Arecanut,2022-08-16,8,Vegetative,26.8,91,3.7,0,0,50.1,28.3,87,5.36,4.4,0.9,0,0,0,0,0,0,0,None
Salcete,Coconut,2022-12-15,12,Nut_Development,29.0,60,0.0,13,0,21.0,15.4,61,6.23,0.3,0.0,0,0,0,0,0,0,0,None
Ponda,Spices,2024-03-27,3,Flowering,33.3,59,0.0,16,0,15.6,11.3,11,5.9,0.0,0.6,1,0,0,0,0,0,1,Low
Bardez,Cashew,2022-09-24,9,Fruit_Development,26.0,90,4.6,2,0,54.9,21.1,86,5.58,5.8,0.7,0,0,0,0,0,0,0,None
Bicholim,Cashew,2021-02-28,2,Harvest,29.4,51,0.0,11,0,30.7,12.6,18,5.28,0.0,0.6,0,0,0,0,0,0,0,None
Sanguem,Cashew,2025-10-17,10,Fruit_Development,23.0,88,12.5,5,3,45.7,29.5,81,5.95,3.1,3.7,0,0,0,0,0,0,0,None
Ponda,Rice (Paddy),2021-05-08,5,Flowering,34.4,53,0.0,18,0,12.0,18.1,5,5.07,0.0,1.3,1,0,0,0,0,0,1,Low
Dharbandora,Pineapple,2023-01-06,1,Vegetative,30.3,57,0.0,2,0,35.9,13.1,22,5.67,0.0,0.0,0,0,0,0,0,0,0,None
Canacona,Spices,2022-12-22,12,Flowering,31.9,64,0.0,9,0,29.1,6.4,37,4.71,0.0,0.0,0,0,0,0,0,1,1,Low
Salcete,Cashew,2024-02-13,2,Flowering,29.7,69,0.0,17,0,13.2,13.0,32,4.65,0.0,1.7,1,0,0,0,0,1,1,Moderate
Sanguem,Rice (Paddy),2024-05-17,5,Flowering,37.3,43,0.0,15,0,12.0,18.2,35,5.2,0.0,0.0,1,0,0,0,1,0,1,Moderate
Bicholim,Cashew,2022-06-10,6,Flowering,30.2,93,14.1,0,1,60.1,36.0,83,5.74,6.0,0.8,0,0,0,0,0,0,0,None
Quepem,Rice (Paddy),2022-06-05,6,Grain_Filling,25.4,92,0.5,2,13,49.2,38.2,57,5.73,5.7,10.0,0,0,0,1,0,0,1,Low
Sanguem,Cashew,2022-07-06,7,Harvest,27.5,83,21.8,0,3,54.2,22.6,68,4.73,3.1,1.8,0,0,0,0,0,0,0,None
Bicholim,Coconut,2021-08-25,8,Vegetative,28.4,84,11.2,0,1,54.1,25.7,97,4.95,3.5,0.2,0,0,0,0,0,0,0,None
Tiswadi,Rice (Paddy),2024-07-28,7,Grain_Filling,28.4,87,14.6,1,4,54.7,23.9,80,5.63,6.7,4.1,0,0,1,0,0,0,1,Low
Mormugao,Coconut,2024-10-14,10,Vegetative,28.9,78,41.7,2,1,68.1,34.4,68,6.51,2.8,1.3,0,0,0,0,0,0,0,None
Dharbandora,Rice (Paddy),2024-05-09,5,Tillering,41.2,55,0.0,16,0,12.0,15.7,9,5.11,2.6,0.0,0,0,0,0,1,0,1,Low
Pernem,Mango,2025-11-17,11,Maturity,30.3,56,0.0,12,0,18.6,18.4,48,5.47,0.0,0.8,0,0,0,0,0,0,0,None
Canacona,Cashew,2024-07-25,7,Dormant,27.2,83,76.5,1,1,77.1,8.0,77,6.19,5.8,0.5,0,0,0,0,0,0,0,None
Canacona,Rice (Paddy),2024-06-12,6,Flowering,28.1,79,28.6,0,2,61.1,20.3,100,5.17,2.4,0.0,0,0,0,0,0,0,0,None
Tiswadi,Rice (Paddy),2022-05-09,5,Seedling,31.4,51,0.0,21,0,12.0,11.9,16,5.21,0.5,0.8,1,0,0,0,0,0,1,Low
Pernem,Pineapple,2021-01-04,1,Fruit_Development,27.9,78,0.0,23,0,12.0,19.3,21,5.75,2.3,0.3,1,1,0,0,0,0,1,Moderate
Salcete,Rice (Paddy),2022-10-28,10,Grain_Filling,28.8,77,95.1,0,5,82.0,18.6,76,5.75,1.8,0.0,0,0,0,0,0,0,0,None
Bardez,Coconut,2022-03-18,3,Inflorescence,37.0,67,0.0,30,0,12.0,17.8,34,5.82,0.4,0.0,1,0,0,0,0,0,1,Low
Ponda,Rice (Paddy),2021-01-29,1,Flowering,31.3,70,0.0,3,0,40.3,16.2,35,5.85,0.8,0.0,0,0,0,0,0,0,0,None
Quepem,Rice (Paddy),2024-02-07,2,Grain_Filling,26.8,57,0.0,17,0,12.0,15.7,38,5.69,0.0,2.5,1,0,0,0,0,0,1,Low
Ponda,Cashew,2022-09-02,9,Flowering,30.3,85,43.2,0,1,72.2,11.1,95,5.46,5.0,0.4,0,0,1,0,0,0,1,Low
Bardez,Mango,2025-10-17,10,Flowering,24.9,88,46.2,1,1,71.9,38.7,82,4.93,3.0,0.3,0,0,0,0,0,0,0,None
Bardez,Mango,2023-03-16,3,Fruit_Setting,33.4,50,0.0,19,0,12.0,21.4,15,4.62,1.7,0.2,1,0,0,1,0,0,1,Moderate
Pernem,Mango,2021-03-16,3,Maturity,34.6,42,1.6,12,1,15.4,12.5,41,5.66,1.5,0.7,1,0,0,0,0,0,1,Low
Pernem,Mango,2023-04-18,4,Fruit_Setting,35.6,58,0.0,18,0,12.0,12.2,33,5.8,0.1,0.2,1,0,0,0,0,0,1,Low
Bicholim,Cashew,2024-03-15,3,Flowering,32.8,57,0.0,12,0,17.9,25.3,28,5.61,0.4,0.5,0,0,0,0,0,0,0,None
Pernem,Cashew,2021-05-08,5,Flowering,34.9,62,0.0,24,0,12.0,21.6,11,5.09,0.0,1.3,1,0,0,0,0,0,1,Low
Canacona,Rice (Paddy),2021-02-11,2,Grain_Filling,28.4,66,0.0,3,0,39.6,13.0,34,5.59,0.2,1.7,0,0,0,0,0,0,0,None
Quepem,Cashew,2024-10-11,10,Flowering,27.9,79,73.0,0,9,79.1,37.7,89,5.45,1.5,0.0,0,0,0,0,0,0,0,None
Canacona,Rice (Paddy),2021-02-10,2,Flowering,27.6,67,0.0,14,0,19.7,21.6,29,4.88,1.6,0.6,1,0,0,0,0,0,1,Low
Tiswadi,Cashew,2023-07-23,7,Flowering,28.4,95,49.0,1,11,77.0,8.0,90,5.59,9.6,10.0,0,0,1,1,0,0,1,Moderate
Ponda,Rice (Paddy),2021-02-03,2,Seedling,28.5,83,0.0,10,0,32.7,25.7,61,4.91,5.7,0.0,0,0,0,0,0,0,0,None
Pernem,Cashew,2023-11-07,11,Fruit_Development,25.6,70,3.9,12,1,23.9,16.3,32,6.03,0.6,0.4,0,0,0,0,0,0,0,None
Salcete,Coconut,2025-08-28,8,Nut_Development,26.2,100,93.1,3,2,94.6,20.6,87,5.07,7.5,0.0,0,0,1,0,0,0,1,Low
Ponda,Spices,2024-03-22,3,Flowering,37.1,37,0.0,14,0,12.0,15.6,20,5.18,0.0,0.0,1,0,0,0,1,0,1,Moderate
Ponda,Spices,2023-09-25,9,Harvest,27.2,81,22.8,5,3,47.5,44.3,83,5.26,2.9,0.0,0,0,1,0,0,0,1,Low
Pernem,Coconut,2024-11-02,11,Maturity,30.1,72,0.0,8,0,37.2,14.4,38,6.24,1.0,3.5,0,0,0,0,0,0,0,None
Bicholim,Cashew,2022-08-11,8,Dormant,27.6,93,38.3,1,11,69.1,29.6,78,5.91,6.0,10.0,0,0,0,1,0,0,1,Low
Bardez,Mango,2025-06-11,6,Maturity,28.3,82,31.9,0,4,59.3,22.8,92,5.7,5.4,4.0,0,0,0,0,0,0,0,None
Bardez,Mango,2025-07-11,7,Vegetative,33.4,87,40.1,2,0,56.5,17.7,100,5.15,0.0,0.0,0,0,0,0,0,0,0,None
Canacona,Rice (Paddy),2021-12-08,12,Grain_Filling,30.2,73,0.0,10,0,24.1,13.8,10,6.08,0.7,0.2,0,0,0,0,0,0,0,None
Salcete,Banana,2021-01-27,1,Bunch_Emergence,24.8,55,0.0,10,0,26.9,14.3,41,5.48,0.0,0.0,0,0,0,0,0,0,0,None
Mormugao,Coconut,2024-08-03,8,Nut_Development,27.3,98,82.1,3,2,89.5,35.3,98,5.21,7.5,1.2,0,0,1,0,0,0,1,Low
Bardez,Cashew,2022-10-08,10,Fruit_Development,29.4,88,83.3,0,0,86.6,19.7,100,5.07,3.6,0.0,0,0,0,0,0,0,0,None
Pernem,Cashew,2023-01-01,1,Fruit_Development,31.6,74,0.0,15,0,14.5,16.7,33,4.34,1.4,0.7,1,0,0,0,0,1,1,Moderate
Bardez,Cashew,2021-06-17,6,Fruit_Development,28.1,87,8.8,1,5,56.8,8.0,100,5.64,5.8,5.0,0,0,0,0,0,0,0,None
Tiswadi,Coconut,2022-09-02,9,Nut_Development,25.9,89,50.2,0,9,83.1,31.7,83,4.94,3.2,8.3,0,0,0,1,0,0,1,Low
Mormugao,Rice (Paddy),2021-09-25,9,Tillering,27.4,80,17.9,5,0,47.5,24.7,88,5.05,4.9,0.0,0,0,0,0,0,0,0,None
Quepem,Rice (Paddy),2025-11-08,11,Flowering,32.8,65,0.0,8,0,22.2,9.4,46,5.15,0.0,0.5,0,0,0,0,0,0,0,None
Sanguem,Cashew,2023-04-01,4,Dormant,35.4,61,0.0,22,0,12.0,19.9,10,6.16,0.0,2.2,1,0,0,0,0,0,1,Low
Salcete,Coconut,2022-03-31,3,Nut_Development,35.1,44,1.5,24,1,12.0,5.0,9,5.37,0.0,0.0,1,0,0,0,0,0,1,Low
Sanguem,Rice (Paddy),2023-06-25,6,Tillering,26.1,93,26.3,8,6,48.4,20.7,80,6.2,5.9,7.3,0,0,0,1,0,0,1,Low
Bicholim,Cashew,2025-09-05,9,Dormant,27.3,100,18.5,0,0,62.1,14.8,97,5.27,7.2,0.0,0,0,1,0,0,0,1,Low
Pernem,Mango,2024-11-25,11,Maturity,29.3,68,0.0,16,0,18.7,18.6,24,5.43,1.1,0.8,1,0,0,0,0,0,1,Low
Pernem,Pineapple,2023-07-11,7,Fruit_Development,27.5,96,61.7,2,1,75.1,17.3,100,5.07,4.8,0.0,0,0,0,0,0,0,0,None
Bardez,Cashew,2023-09-08,9,Dormant,23.7,92,41.4,0,2,69.8,21.5,63,4.56,0.5,0.0,0,0,0,0,0,0,0,None
Sanguem,Spices,2025-02-08,2,Pod_Development,27.3,69,0.0,11,0,30.4,12.0,67,5.42,0.0,0.6,0,0,0,0,0,0,0,None
Salcete,Rice (Paddy),2022-12-03,12,Flowering,31.8,50,0.0,14,0,12.8,14.8,27,5.57,0.2,0.6,1,0,0,0,0,0,1,Low
Bicholim,Cashew,2022-09-26,9,Dormant,33.3,91,87.1,0,0,89.1,38.9,99,5.22,0.9,1.7,0,0,0,0,0,0,0,None
Mormugao,Coconut,2025-05-01,5,Nut_Development,30.8,56,0.0,24,0,12.0,14.7,28,4.8,1.2,0.7,1,0,0,0,0,0,1,Low
Canacona,Rice (Paddy),2025-05-19,5,Flowering,35.1,50,0.0,18,0,12.0,17.1,19,5.81,0.0,0.0,1,0,0,0,0,0,1,Low
Ponda,Arecanut,2021-05-10,5,Harvest,30.8,53,1.5,17,1,14.8,14.2,5,5.63,0.0,0.3,1,0,0,0,0,0,1,Low
Bicholim,Rice (Paddy),2023-10-17,10,Tillering,28.9,90,63.2,0,0,75.2,31.3,92,6.7,6.9,0.5,0,0,0,0,0,0,0,None
Salcete,Cashew,2024-10-18,10,Flowering,25.2,79,32.0,1,6,57.9,23.3,98,5.46,1.7,0.9,0,0,0,0,0,0,0,None
Quepem,Cashew,2025-09-25,9,Flowering,27.2,88,42.5,2,4,64.2,14.3,84,5.41,6.1,5.0,0,0,1,0,0,0,1,Low
Sattari,Arecanut,2023-03-30,3,Nut_Formation,34.5,75,0.0,11,0,27.8,21.1,16,6.14,0.0,1.4,1,0,0,0,0,0,1,Low
Bicholim,Rice (Paddy),2022-11-24,11,Flowering,28.2,70,0.0,2,0,40.8,17.2,27,4.82,1.2,0.0,0,0,0,0,0,0,0,None
Dharbandora,Spices,2024-08-08,8,Harvest,25.1,91,53.0,0,1,71.1,27.3,100,5.34,6.4,1.2,0,0,0,0,0,0,0,None
Tiswadi,Mango,2024-10-26,10,Vegetative,28.2,88,42.8,0,6,71.7,26.2,86,5.62,2.6,5.2,0,0,0,0,0,0,0,None
Bicholim,Cashew,2023-03-05,3,Fruit_Development,36.1,42,0.0,11,0,17.2,16.0,30,5.59,4.0,0.7,1,0,0,0,0,0,1,Low
Quepem,Pineapple,2021-01-29,1,Fruit_Development,29.0,70,0.0,14,0,14.4,14.9,23,5.85,0.6,0.7,1,0,0,0,0,0,1,Low
Bardez,Coconut,2021-05-29,5,Vegetative,34.3,65,3.1,15,1,19.2,11.3,36,6.27,0.0,0.4,1,0,0,0,0,0,1,Low
Mormugao,Coconut,2025-12-08,12,Vegetative,32.7,71,0.0,5,0,34.9,15.8,67,5.94,0.0,1.3,0,0,0,0,0,0,0,None
Sattari,Rice (Paddy),2024-08-12,8,Flowering,25.1,100,66.5,0,7,88.3,27.3,89,6.08,6.7,9.4,0,0,1,1,0,0,1,Moderate
Mormugao,Spices,2021-01-11,1,Vegetative,29.4,62,0.5,19,1,12.0,12.7,44,5.37,0.0,0.0,1,0,0,0,0,0,1,Low
Sattari,Mango,2025-03-16,3,Maturity,36.1,50,0.0,21,0,12.0,24.6,33,5.03,0.0,0.0,1,0,0,0,0,0,1,Low
Salcete,Coconut,2022-11-07,11,Inflorescence,28.2,59,0.0,12,0,12.0,8.3,26,5.03,1.6,0.0,0,0,1,0,0,0,1,Low
Tiswadi,Rice (Paddy),2024-02-11,2,Grain_Filling,28.2,73,0.0,15,0,18.6,13.3,37,5.38,0.0,0.5,1,0,0,0,0,0,1,Low
Quepem,Cashew,2021-07-06,7,Fruit_Development,28.4,86,40.4,2,1,64.6,33.1,90,5.15,4.9,0.0,0,0,0,0,0,0,0,None
Tiswadi,Coconut,2023-03-18,3,Vegetative,34.8,51,0.0,23,0,12.0,16.4,15,5.54,1.5,0.0,1,0,0,0,0,0,1,Low
Mormugao,Rice (Paddy),2023-01-14,1,Flowering,26.6,63,0.3,13,1,12.3,19.0,55,5.05,1.6,0.0,0,0,0,0,0,0,0,None
Mormugao,Spices,2024-06-04,6,Pod_Development,27.4,85,15.0,0,3,55.6,23.9,100,6.2,3.0,4.3,0,0,0,0,0,0,0,None
Mormugao,Rice (Paddy),2024-08-26,8,Seedling,27.2,78,123.3,0,1,98.0,36.2,87,5.22,1.6,0.0,0,0,0,0,0,0,0,None
Dharbandora,Rice (Paddy),2021-04-08,4,Tillering,32.6,56,0.0,25,0,12.0,19.5,26,4.57,0.0,0.0,1,0,0,0,0,1,1,Moderate
Pernem,Mango,2021-02-24,2,Flowering,29.7,82,0.0,4,0,37.5,20.0,10,5.08,4.3,0.0,0,0,0,0,0,0,0,None
Sattari,Cashew,2022-09-15,9,Flowering,27.1,83,0.1,0,0,49.1,33.5,67,5.35,7.0,0.0,0,0,1,0,0,0,1,Low
Sanguem,Cashew,2022-10-26,10,Harvest,30.1,80,5.0,1,9,49.8,13.0,88,4.81,4.0,0.1,0,0,0,0,0,0,0,None
Mormugao,Rice (Paddy),2023-01-28,1,Flowering,26.8,62,0.0,8,0,28.2,15.7,33,6.45,2.7,0.0,0,0,0,0,0,0,0,None
Tiswadi,Rice (Paddy),2022-02-10,2,Flowering,29.6,64,0.0,8,0,28.3,12.5,31,6.53,0.0,0.0,0,0,0,0,0,0,0,None
Tiswadi,Rice (Paddy),2021-03-10,3,Grain_Filling,31.6,39,0.0,23,0,12.0,8.0,35,4.72,0.0,0.3,1,0,0,0,0,0,1,Low
Sanguem,Rice (Paddy),2024-08-28,8,Flowering,28.2,75,91.2,0,5,87.9,8.6,63,5.14,1.1,0.0,0,0,0,0,0,0,0,None
Pernem,Cashew,2024-08-05,8,Flowering,25.6,88,10.2,1,1,53.5,41.0,86,4.72,5.5,0.1,0,0,1,0,0,1,1,Moderate
Bardez,Cashew,2025-11-21,11,Fruit_Development,28.3,70,2.3,17,1,12.0,11.5,42,4.73,0.0,0.5,1,0,0,0,0,1,1,Moderate
Mormugao,Coconut,2025-04-21,4,Maturity,36.8,46,0.1,18,1,12.0,12.7,22,5.18,0.6,0.0,1,0,0,0,1,0,1,Moderate
Mormugao,Rice (Paddy),2023-01-21,1,Flowering,29.4,67,0.0,18,0,12.0,13.9,55,5.33,0.7,0.0,1,0,0,0,0,0,1,Low
Sanguem,Cashew,2024-03-17,3,Flowering,33.9,56,0.0,26,0,12.0,22.1,15,6.12,0.4,0.1,1,0,0,0,0,0,1,Low
Sanguem,Rice (Paddy),2025-01-30,1,Grain_Filling,31.9,70,0.0,17,0,13.9,8.3,24,5.78,0.0,0.6,1,0,0,0,0,0,1,Low
Bicholim,Rice (Paddy),2025-10-29,10,Flowering,31.5,97,12.9,2,7,56.0,16.6,89,5.44,7.5,10.0,0,0,1,1,0,0,1,Moderate
Pernem,Coconut,2024-06-21,6,Nut_Development,27.6,93,29.3,0,1,66.1,10.7,72,4.53,5.8,0.0,0,0,0,0,0,0,0,None
Ponda,Spices,2025-02-23,2,Flowering,27.7,79,0.0,6,0,35.4,7.6,54,5.54,1.3,0.0,0,0,0,1,0,0,1,Low
Sanguem,Cashew,2023-08-16,8,Harvest,23.9,84,40.5,0,0,66.1,16.3,89,4.76,1.3,0.4,0,0,0,0,0,0,0,None
Bicholim,Rice (Paddy),2025-03-11,3,Grain_Filling,33.6,36,0.0,12,0,12.0,16.8,38,6.24,0.0,1.4,1,0,0,0,0,0,1,Low
Mormugao,Arecanut,2021-12-31,12,Nut_Formation,29.0,74,0.0,9,0,35.8,8.2,32,5.56,0.0,0.0,0,0,0,0,0,0,0,None
Ponda,Spices,2022-04-27,4,Pod_Development,33.3,63,0.0,18,0,12.0,10.5,18,5.43,0.0,0.0,1,0,0,0,0,0,1,Low
Quepem,Cashew,2021-07-20,7,Dormant,27.7,92,19.6,0,19,59.9,28.3,96,5.18,4.6,10.0,1,0,0,1,0,0,1,Moderate
Ponda,Rice (Paddy),2021-06-03,6,Flowering,27.8,83,20.9,0,2,60.3,16.6,80,5.52,4.2,0.0,0,0,0,0,0,0,0,None
Quepem,Rice (Paddy),2025-01-13,1,Flowering,31.0,72,0.0,14,0,24.8,5.5,61,5.34,0.0,0.0,1,0,0,0,0,0,1,Low
Dharbandora,Spices,2025-03-05,3,Pod_Development,38.1,58,0.0,15,0,12.0,15.4,14,5.58,0.0,0.0,1,0,1,0,1,0,1,High
Sanguem,Rice (Paddy),2021-03-14,3,Seedling,38.3,58,0.0,21,0,12.0,16.6,21,5.51,0.0,0.0,1,0,0,0,1,0,1,Moderate
Sattari,Arecanut,2022-12-14,12,Flowering,30.5,72,0.0,8,0,31.1,16.7,28,4.71,1.1,0.0,0,0,0,0,0,1,1,Low
Bicholim,Rice (Paddy),2021-10-23,10,Seedling,28.1,92,32.4,1,6,67.3,22.2,74,5.96,6.3,6.8,0,0,1,1,0,0,1,Moderate
Salcete,Rice (Paddy),2023-11-07,11,Flowering,30.5,64,1.5,17,1,12.0,18.5,23,5.5,0.0,0.0,1,0,0,0,0,0,1,Low
Quepem,Rice (Paddy),2025-07-23,7,Tillering,27.7,87,12.9,1,16,51.7,17.5,81,5.09,5.3,10.0,0,0,0,1,0,0,1,Low
Tiswadi,Coconut,2024-05-25,5,Inflorescence,34.9,74,0.0,20,0,12.0,13.9,32,5.47,0.0,2.2,1,0,0,0,0,0,1,Low
Ponda,Rice (Paddy),2021-03-02,3,Tillering,30.8,42,3.6,7,1,19.8,14.2,21,5.91,0.3,0.0,0,0,0,0,0,0,0,None
Ponda,Rice (Paddy),2023-07-28,7,Tillering,26.7,85,68.8,0,6,80.0,15.6,74,5.81,3.4,5.7,0,0,0,0,0,0,0,None
Canacona,Cashew,2025-06-28,6,Fruit_Development,29.3,79,20.2,1,7,51.9,22.7,83,6.04,1.0,0.6,0,0,0,0,0,0,0,None
Bardez,Mango,2021-02-11,2,Maturity,29.5,58,0.0,8,0,25.8,10.7,20,5.52,1.5,0.0,0,0,0,0,0,0,0,None
Canacona,Rice (Paddy),2021-01-25,1,Seedling,27.5,66,0.0,16,0,17.0,15.7,41,4.98,1.7,0.7,1,0,0,0,0,0,1,Low
Tiswadi,Cashew,2023-11-29,11,Flowering,30.2,80,0.4,11,1,27.3,15.4,31,5.6,5.3,0.0,0,0,1,0,0,0,1,Low
Quepem,Pineapple,2021-05-11,5,Fruit_Development,34.3,57,0.0,9,0,22.8,7.9,5,5.24,0.0,0.0,1,0,0,0,0,0,1,Low
Ponda,Pineapple,2025-03-02,3,Harvest,37.1,44,0.0,20,0,12.0,18.2,22,6.07,0.0,0.2,1,0,0,0,1,0,1,Moderate
Canacona,Coconut,2024-06-06,6,Maturity,26.3,83,54.4,0,8,74.1,22.9,81,5.52,3.4,6.3,0,0,0,0,0,0,0,None
Canacona,Coconut,2021-04-18,4,Vegetative,29.6,53,0.0,11,0,22.9,32.8,32,5.3,0.0,0.5,0,0,0,1,0,0,1,Low
Mormugao,Rice (Paddy),2021-06-21,6,Tillering,28.8,69,7.9,0,2,53.7,26.3,100,5.4,0.6,0.0,0,0,0,0,0,0,0,None
Canacona,Cashew,2024-12-29,12,Flowering,31.5,65,0.0,14,0,19.2,5.0,34,5.73,0.0,1.7,0,0,0,0,0,0,0,None
Mormugao,Rice (Paddy),2025-02-10,2,Tillering,28.2,69,0.0,13,0,13.0,10.1,47,5.24,0.0,0.0,0,0,0,0,0,0,0,None
Bardez,Cashew,2021-04-12,4,Fruit_Development,29.9,49,0.0,24,0,12.0,17.1,9,5.57,0.0,0.0,1,0,0,0,0,0,1,Low
Tiswadi,Rice (Paddy),2023-05-16,5,Grain_Filling,33.7,54,4.6,22,1,12.0,12.0,20,4.71,0.0,0.0,1,0,0,0,0,0,1,Low
Mormugao,Rice (Paddy),2022-06-08,6,Grain_Filling,25.6,84,61.7,1,0,75.8,28.7,96,6.27,5.1,0.0,0,0,0,0,0,0,0,None
Mormugao,Coconut,2021-10-02,10,Inflorescence,32.3,93,74.8,0,2,86.5,41.5,71,5.29,5.3,0.0,0,0,0,0,0,0,0,None
Sattari,Cashew,2025-06-25,6,Harvest,25.8,86,124.0,3,0,97.2,15.3,88,5.82,7.0,0.0,0,0,1,0,0,0,1,Low
Bicholim,Coconut,2023-12-04,12,Maturity,29.6,52,2.9,5,1,26.4,12.1,32,4.57,1.9,1.6,0,0,0,0,0,0,0,None
Mormugao,Coconut,2023-03-28,3,Maturity,36.4,54,0.0,12,0,20.5,9.9,18,5.78,0.0,0.0,1,0,0,0,0,0,1,Low
Sanguem,Cashew,2023-08-15,8,Harvest,26.9,96,134.1,1,11,98.0,30.1,68,5.53,7.4,10.0,0,1,1,1,0,0,1,High
Canacona,Rice (Paddy),2023-11-07,11,Seedling,29.3,66,0.0,15,0,18.6,11.2,32,5.89,1.4,0.6,1,0,0,0,0,0,1,Low
Salcete,Coconut,2021-11-26,11,Inflorescence,28.2,71,0.0,9,0,32.4,11.5,19,5.01,1.8,1.0,0,0,0,0,0,0,0,None
Ponda,Spices,2025-05-12,5,Harvest,31.7,58,0.9,23,1,12.0,24.2,22,5.05,0.0,1.0,1,0,1,0,0,0,1,Moderate
Canacona,Cashew,2025-03-01,3,Dormant,34.8,58,0.0,10,0,19.2,12.5,27,5.83,0.0,0.6,1,0,0,0,0,0,1,Low
Pernem,Cashew,2021-01-12,1,Harvest,29.9,57,0.0,8,0,21.3,13.7,59,4.36,0.0,0.0,0,0,0,0,0,0,0,None
Sanguem,Cashew,2024-09-03,9,Fruit_Development,22.7,84,1.1,1,1,49.2,32.2,91,5.06,0.0,2.5,0,0,0,0,0,0,0,None
Ponda,Arecanut,2025-06-04,6,Flowering,28.2,98,12.7,3,7,47.4,35.5,62,6.37,7.3,10.0,0,0,1,1,0,0,1,Moderate
Dharbandora,Arecanut,2021-08-04,8,Flowering,31.2,93,140.1,1,1,98.0,20.2,86,5.02,5.7,1.7,0,0,0,0,0,0,0,None
Bicholim,Cashew,2021-12-05,12,Harvest,26.4,53,0.2,9,1,23.5,15.8,42,6.15,0.0,0.4,0,0,0,0,0,0,0,None
Bardez,Cashew,2025-12-05,12,Harvest,29.1,71,0.0,16,0,22.8,5.5,22,5.4,0.6,0.7,1,0,0,0,0,0,1,Low
Tiswadi,Rice (Paddy),2022-10-23,10,Grain_Filling,26.8,81,137.3,0,0,98.0,25.1,66,5.03,3.4,2.2,0,0,0,0,0,0,0,None
Tiswadi,Arecanut,2024-01-10,1,Flowering,31.9,64,0.0,8,0,30.2,20.8,64,4.85,0.5,0.3,0,0,0,0,0,0,0,None
Quepem,Rice (Paddy),2025-10-17,10,Tillering,26.3,100,84.7,0,1,98.0,52.1,90,5.44,8.9,0.2,0,1,1,0,0,0,1,Moderate
Sattari,Arecanut,2025-02-17,2,Vegetative,26.9,76,0.0,9,0,29.9,13.6,24,5.74,0.1,0.9,1,0,0,0,0,0,1,Low
Ponda,Rice (Paddy),2022-01-09,1,Grain_Filling,30.8,68,0.0,8,0,25.9,16.0,10,5.04,0.0,0.3,0,0,0,0,0,0,0,None
Pernem,Coconut,2023-09-03,9,Vegetative,29.7,87,17.8,2,5,56.2,29.7,97,5.51,3.5,4.2,0,0,0,0,0,0,0,None
Tiswadi,Coconut,2022-12-11,12,Maturity,30.7,58,0.0,13,0,20.4,12.9,10,4.96,0.0,0.0,0,0,0,0,0,0,0,None
Dharbandora,Rice (Paddy),2024-05-08,5,Seedling,35.1,57,0.0,22,0,12.0,12.0,18,6.09,0.0,0.2,1,0,0,0,0,0,1,Low
Salcete,Rice (Paddy),2025-04-10,4,Tillering,31.3,62,0.0,16,0,12.0,18.6,31,5.61,0.0,0.0,1,0,0,0,0,0,1,Low
Bicholim,Rice (Paddy),2022-04-11,4,Flowering,34.0,66,0.0,24,0,12.0,15.2,17,5.38,0.0,0.0,1,0,0,0,0,0,1,Low
Sanguem,Cashew,2024-01-18,1,Harvest,29.2,76,0.0,19,0,12.0,15.5,40,5.83,2.4,0.7,1,0,0,0,0,0,1,Low
Quepem,Rice (Paddy),2024-07-15,7,Tillering,27.6,82,102.6,2,7,85.9,40.2,98,6.02,4.4,5.5,0,0,0,0,0,0,0,None
Sattari,Cashew,2025-08-06,8,Harvest,27.2,91,18.2,1,4,62.6,24.1,89,5.45,5.1,4.8,0,0,0,0,0,0,0,None
Mormugao,Rice (Paddy),2025-05-14,5,Seedling,31.8,41,1.8,10,1,12.5,22.6,20,5.53,0.0,0.0,0,0,0,0,0,0,0,None
Sanguem,Cashew,2022-05-04,5,Flowering,35.2,59,0.0,22,0,12.0,15.2,22,5.59,1.3,0.0,1,0,0,0,0,0,1,Low
Bicholim,Cashew,2025-04-11,4,Flowering,34.1,43,0.0,15,0,12.6,10.8,9,6.18,0.1,0.1,1,0,0,0,0,0,1,Low
Dharbandora,Rice (Paddy),2021-02-16,2,Grain_Filling,28.7,63,0.0,8,0,26.3,11.2,20,5.27,1.0,0.8,0,0,0,0,0,0,0,None
Canacona,Coconut,2024-08-04,8,Inflorescence,27.4,86,126.3,1,9,98.0,9.2,84,5.32,2.8,7.9,0,1,0,1,0,0,1,Moderate
Canacona,Rice (Paddy),2023-02-17,2,Seedling,28.2,72,0.0,16,0,16.6,16.4,10,5.64,0.0,0.0,0,0,0,0,0,0,0,None
Tiswadi,Coconut,2023-11-06,11,Maturity,27.7,71,0.0,15,0,21.6,11.0,46,5.58,0.8,0.5,1,0,0,0,0,0,1,Low
Canacona,Cashew,2022-12-12,12,Flowering,30.8,77,0.0,9,0,32.6,18.2,47,5.21,2.7,0.0,0,0,0,0,0,0,0,None
Sattari,Arecanut,2022-02-05,2,Vegetative,29.4,69,0.0,9,0,31.7,10.5,70,5.82,0.0,0.0,0,0,0,0,0,0,0,None
Sanguem,Cashew,2025-12-23,12,Flowering,28.8,50,0.0,15,0,12.0,14.1,32,5.85,1.6,0.0,1,1,0,0,0,0,1,Moderate
Mormugao,Rice (Paddy),2023-09-08,9,Seedling,22.3,89,108.2,0,4,98.0,24.1,78,4.84,0.1,4.7,0,0,0,0,0,0,0,None
Ponda,Arecanut,2024-01-15,1,Vegetative,31.3,60,0.0,9,0,24.0,10.2,47,5.2,0.0,0.0,0,0,0,0,0,0,0,None
Ponda,Spices,2021-09-07,9,Vegetative,24.9,88,33.7,0,3,75.9,32.6,74,5.27,4.1,4.5,0,0,0,0,0,0,0,None
Bicholim,Cashew,2022-01-26,1,Dormant,27.2,67,0.0,18,0,13.2,15.2,55,5.33,1.2,1.7,1,0,0,0,0,0,1,Low
Ponda,Rice (Paddy),2025-12-11,12,Grain_Filling,28.7,64,0.0,13,0,20.2,14.1,32,5.94,0.3,0.0,0,0,0,0,0,0,0,None
Mormugao,Rice (Paddy),2021-12-01,12,Flowering,28.6,57,0.0,5,0,30.8,19.6,25,4.62,0.7,1.2,0,0,0,0,0,1,1,Low
Salcete,Coconut,2022-09-21,9,Inflorescence,23.7,86,31.4,0,1,63.6,36.9,76,5.21,1.3,0.5,0,0,0,0,0,0,0,None
Tiswadi,Spices,2025-03-23,3,Vegetative,36.5,54,0.0,18,0,12.6,20.1,13,4.71,0.0,0.0,0,0,0,0,1,0,1,Low
Bicholim,Rice (Paddy),2021-05-17,5,Grain_Filling,31.3,44,0.0,12,0,18.1,23.9,32,5.86,0.0,0.0,0,0,0,0,0,0,0,None
Canacona,Rice (Paddy),2023-06-02,6,Seedling,27.7,82,12.2,0,20,55.7,25.5,98,5.59,5.0,10.0,0,0,0,0,0,0,0,None
Dharbandora,Spices,2022-11-19,11,Harvest,27.9,69,0.0,19,0,12.9,12.6,33,6.37,0.5,0.0,1,0,0,0,0,0,1,Low
Mormugao,Mango,2025-03-02,3,Flowering,36.2,75,0.0,15,0,20.5,16.0,26,4.49,0.2,0.0,1,0,0,0,0,1,1,Moderate
Mormugao,Coconut,2023-04-07,4,Nut_Development,38.9,60,0.0,11,0,26.2,15.1,35,4.88,0.0,0.0,1,0,0,0,1,0,1,Moderate
Pernem,Mango,2022-12-28,12,Fruit_Setting,29.7,69,0.0,7,0,36.0,12.7,26,6.22,0.0,0.0,0,0,0,0,0,0,0,None
Bardez,Mango,2025-02-09,2,Vegetative,24.4,70,0.0,14,0,16.5,9.2,27,6.05,1.1,1.2,1,0,0,0,0,0,1,Low
Quepem,Pineapple,2022-08-17,8,Harvest,30.1,100,181.1,3,1,98.0,27.1,100,6.14,5.0,0.0,0,1,0,0,0,0,1,Low
Bardez,Coconut,2024-05-31,5,Vegetative,36.2,70,0.0,18,0,17.4,24.6,27,5.85,3.1,0.0,1,0,0,1,0,0,1,Moderate
Canacona,Rice (Paddy),2023-09-17,9,Flowering,31.2,90,34.4,0,7,65.9,27.9,86,5.82,3.7,8.0,0,0,0,1,0,0,1,Low
Bicholim,Cashew,2022-01-07,1,Flowering,26.5,59,0.0,17,0,12.0,21.4,37,5.62,0.0,1.4,1,0,0,0,0,0,1,Low
Salcete,Cashew,2023-07-24,7,Dormant,27.1,86,26.4,0,3,60.8,23.6,68,5.29,5.0,2.7,0,0,0,0,0,0,0,None
Dharbandora,Arecanut,2023-09-22,9,Harvest,31.1,91,62.4,1,8,76.1,14.0,85,4.89,2.1,9.1,0,0,0,1,0,0,1,Low
Bicholim,Cashew,2022-02-06,2,Dormant,30.4,50,0.0,12,0,12.3,5.8,20,5.31,1.9,0.0,0,0,1,0,0,0,1,Low
Pernem,Mango,2025-01-06,1,Flowering,27.2,69,0.0,19,0,12.0,14.2,51,4.62,0.0,0.7,1,0,0,0,0,1,1,Moderate
Sattari,Mango,2025-02-22,2,Vegetative,28.3,68,0.0,8,0,27.4,21.6,55,5.75,1.7,0.4,0,0,0,0,0,0,0,None
Quepem,Mango,2022-09-07,9,Vegetative,24.7,84,3.0,0,10,49.8,22.2,76,5.32,2.6,8.1,0,0,0,1,0,0,1,Low
Dharbandora,Spices,2024-07-20,7,Flowering,28.6,87,114.1,1,3,98.0,8.0,72,6.09,5.7,5.5,0,0,0,0,0,0,0,None
Sattari,Cashew,2025-03-30,3,Fruit_Development,33.2,53,0.0,30,0,12.0,5.0,22,4.95,0.1,1.4,1,0,0,0,0,0,1,Low
Salcete,Spices,2024-03-28,3,Vegetative,33.7,54,0.0,23,0,12.0,7.3,49,5.19,1.3,0.2,1,0,0,0,0,0,1,Low
Ponda,Spices,2024-03-21,3,Pod_Development,34.8,52,0.2,27,1,12.0,18.3,20,5.13,0.6,0.0,1,0,0,0,0,0,1,Low
Sattari,Mango,2023-09-22,9,Vegetative,30.0,83,61.6,2,6,76.2,29.9,71,5.11,5.9,2.6,0,0,0,0,0,0,0,None
Bicholim,Mango,2022-09-12,9,Maturity,25.8,78,15.8,1,5,52.1,31.9,87,5.07,3.3,1.0,1,0,0,0,0,0,1,Low
Mormugao,Rice (Paddy),2021-07-07,7,Grain_Filling,27.3,74,112.3,3,2,84.8,38.6,82,5.47,0.0,0.0,0,1,0,0,0,0,1,Low
Ponda,Rice (Paddy),2024-01-27,1,Flowering,32.0,45,0.0,15,0,12.0,10.9,23,5.81,0.0,0.3,1,0,0,0,0,0,1,Low
Quepem,Cashew,2021-05-11,5,Fruit_Development,33.4,69,0.0,30,0,12.0,18.6,28,5.9,0.0,1.5,1,0,0,0,0,0,1,Low
Bardez,Coconut,2023-03-16,3,Vegetative,31.4,64,0.0,21,0,12.0,20.9,42,5.21,0.0,0.9,0,0,0,0,0,0,0,None
Mormugao,Rice (Paddy),2024-04-09,4,Flowering,34.1,51,0.0,8,0,21.8,16.0,19,4.96,0.7,0.0,0,0,0,0,0,0,0,None
Canacona,Cashew,2023-07-25,7,Harvest,29.7,83,6.1,0,1,50.4,10.9,94,5.7,3.7,1.1,0,0,0,0,0,0,0,None
Ponda,Spices,2023-09-13,9,Pod_Development,26.2,72,6.4,0,7,53.1,28.0,70,5.57,0.0,1.2,1,0,0,0,0,0,1,Low
Sattari,Arecanut,2021-07-02,7,Flowering,28.5,83,9.1,0,5,47.4,31.2,80,5.07,1.8,4.3,0,0,0,0,0,0,0,None
Dharbandora,Spices,2023-09-10,9,Harvest,29.5,89,2.8,0,1,50.7,41.3,96,5.9,5.5,1.4,0,0,0,0,0,0,0,None
Sanguem,Rice (Paddy),2021-12-30,12,Seedling,22.1,79,0.0,4,0,39.6,10.6,42,4.89,0.0,0.0,0,0,0,0,0,0,0,None
Salcete,Coconut,2021-02-08,2,Nut_Development,26.7,61,0.0,7,0,30.0,18.8,46,5.52,1.6,0.0,0,0,0,0,0,0,0,None
Tiswadi,Arecanut,2025-03-31,3,Harvest,27.3,53,0.0,21,0,12.0,19.8,5,4.77,0.0,0.1,1,0,0,0,0,0,1,Low
Bardez,Mango,2022-05-12,5,Fruit_Setting,34.5,65,0.0,19,0,12.0,18.7,33,5.44,0.0,1.1,1,0,0,0,0,0,1,Low
Ponda,Spices,2025-03-20,3,Harvest,31.5,55,0.0,11,0,18.3,12.3,19,5.16,0.0,0.8,0,0,0,0,0,0,0,None
Sanguem,Rice (Paddy),2024-10-04,10,Tillering,27.4,78,38.8,0,4,61.9,16.9,73,5.19,4.7,0.0,0,0,0,0,0,0,0,None
Salcete,Rice (Paddy),2023-09-09,9,Grain_Filling,27.3,83,30.8,0,3,65.0,21.2,100,5.81,2.3,2.7,0,0,0,0,0,0,0,None
Salcete,Cashew,2023-07-10,7,Flowering,29.5,90,79.0,0,20,89.0,46.1,85,6.01,6.6,10.0,0,0,1,1,0,0,1,Moderate
Tiswadi,Coconut,2024-11-21,11,Nut_Development,29.4,62,0.0,16,0,12.1,12.2,10,5.26,0.0,0.0,1,0,0,0,0,0,1,Low
Canacona,Cashew,2022-12-23,12,Flowering,31.1,60,0.0,9,0,21.3,11.8,43,5.43,1.3,0.0,0,0,0,0,0,0,0,None
Sanguem,Arecanut,2024-03-30,3,Harvest,33.0,53,4.4,16,1,13.8,18.9,34,4.66,0.5,0.0,0,0,0,1,0,0,1,Low
Bicholim,Rice (Paddy),2021-01-16,1,Flowering,33.4,69,0.0,13,0,12.0,13.1,30,6.21,0.0,1.1,1,0,0,0,0,0,1,Low
Canacona,Coconut,2022-05-08,5,Maturity,35.6,37,1.0,21,1,12.0,16.4,22,5.51,0.0,0.1,1,0,0,0,0,0,1,Low
Bicholim,Mango,2024-12-20,12,Flowering,30.6,53,0.0,15,0,14.6,21.5,18,4.73,0.2,1.4,1,0,0,0,0,1,1,Moderate
Sattari,Mango,2024-02-06,2,Flowering,32.0,57,0.0,23,0,12.0,17.5,52,5.53,0.0,0.0,1,0,1,0,0,0,1,Moderate
Bicholim,Cashew,2023-06-13,6,Dormant,27.0,94,106.8,2,6,94.3,39.5,72,5.68,7.4,7.4,0,0,1,1,0,0,1,Moderate
Quepem,Pineapple,2025-01-13,1,Vegetative,29.3,69,0.0,12,0,25.5,10.9,32,5.62,0.0,0.0,0,0,0,0,0,0,0,None
Salcete,Coconut,2021-11-07,11,Maturity,26.7,68,0.0,20,0,12.0,17.8,34,5.21,1.1,0.8,1,0,0,0,0,0,1,Low
Dharbandora,Pineapple,2023-01-09,1,Fruit_Development,28.7,67,0.0,16,0,14.9,12.1,32,5.01,0.0,0.0,1,0,0,0,0,0,1,Low
Bicholim,Mango,2024-04-08,4,Flowering,41.2,59,0.0,10,0,21.5,15.4,41,5.21,0.0,0.4,1,0,0,0,1,0,1,Moderate
Pernem,Arecanut,2022-06-30,6,Nut_Formation,32.1,73,126.0,0,0,96.5,22.8,80,5.7,2.2,0.3,0,0,0,0,0,0,0,None
Ponda,Rice (Paddy),2022-02-18,2,Grain_Filling,29.6,76,0.0,16,0,26.0,13.7,21,5.84,2.6,0.8,0,0,0,0,0,0,0,None
Ponda,Rice (Paddy),2021-09-08,9,Grain_Filling,27.1,79,27.9,2,3,60.7,18.2,94,5.04,3.5,0.0,0,0,0,0,0,0,0,None
Ponda,Mango,2023-01-29,1,Vegetative,31.7,74,0.0,22,0,13.2,7.8,31,5.19,0.6,0.5,1,0,0,0,0,0,1,Low
Canacona,Rice (Paddy),2025-12-10,12,Tillering,27.4,53,0.0,13,0,12.2,16.6,43,5.35,0.0,1.5,0,0,0,0,0,0,0,None
Quepem,Cashew,2024-03-10,3,Flowering,32.7,47,0.0,22,0,12.0,12.4,25,5.36,0.0,1.3,1,0,0,0,0,0,1,Low
Ponda,Rice (Paddy),2024-07-21,7,Flowering,28.2,86,77.7,0,1,85.4,19.0,59,5.81,5.4,0.5,0,0,0,0,0,0,0,None
Quepem,Rice (Paddy),2024-12-10,12,Seedling,27.4,77,0.0,14,0,19.9,15.2,35,6.18,4.4,0.0,1,0,0,0,0,0,1,Low
Quepem,Cashew,2025-06-20,6,Flowering,28.4,88,40.4,0,8,71.2,13.7,80,6.91,4.9,8.1,0,0,1,1,0,0,1,Moderate
Canacona,Cashew,2025-10-29,10,Harvest,31.8,78,143.1,2,0,98.0,29.6,90,5.98,5.4,0.0,0,0,0,0,0,0,0,None
Bardez,Cashew,2023-11-29,11,Harvest,28.0,67,0.0,12,0,18.5,15.2,62,6.08,0.3,0.0,0,0,0,0,0,0,0,None
Sanguem,Rice (Paddy),2023-03-25,3,Seedling,33.0,44,0.0,15,0,14.7,9.2,38,5.39,0.0,0.8,1,0,0,0,0,0,1,Low
Sattari,Arecanut,2021-01-29,1,Harvest,26.5,63,0.0,11,0,20.0,14.0,30,6.1,0.0,0.0,0,0,0,0,0,0,0,None
Dharbandora,Rice (Paddy),2023-08-16,8,Seedling,28.7,96,0.2,1,4,54.2,46.0,79,5.63,5.8,6.2,0,0,0,0,0,0,0,None
Sanguem,Rice (Paddy),2022-04-22,4,Tillering,29.5,66,0.0,15,0,17.9,22.6,23,5.36,1.4,0.0,1,0,0,0,0,0,1,Low
Pernem,Cashew,2021-11-14,11,Harvest,26.3,61,0.0,11,0,14.2,22.3,45,5.31,0.5,0.4,0,0,0,0,0,0,0,None
Salcete,Rice (Paddy),2021-09-02,9,Flowering,25.1,88,237.7,3,1,98.0,12.5,80,5.02,6.7,0.4,0,1,1,0,0,0,1,Moderate
Tiswadi,Coconut,2023-01-18,1,Maturity,27.6,75,0.0,13,0,17.7,21.1,51,5.45,3.1,0.0,0,0,0,1,0,0,1,Low
Canacona,Rice (Paddy),2022-11-28,11,Seedling,26.8,62,0.0,16,0,12.0,14.4,20,5.43,0.0,0.0,1,0,0,0,0,0,1,Low
Sattari,Cashew,2021-09-29,9,Flowering,29.3,100,65.8,3,2,81.8,27.6,89,5.8,7.5,0.0,1,0,1,0,0,0,1,Moderate
Ponda,Rice (Paddy),2025-01-03,1,Tillering,34.0,66,0.0,14,0,15.1,15.6,21,5.82,0.0,0.0,1,0,0,0,0,0,1,Low
Sattari,Cashew,2025-11-07,11,Harvest,28.1,58,0.0,18,0,12.0,15.1,35,5.31,0.5,0.7,1,0,0,0,0,0,1,Low
Dharbandora,Cashew,2024-06-16,6,Flowering,25.7,89,26.7,1,4,53.4,40.2,91,5.77,6.0,4.4,0,0,1,0,0,0,1,Low
Sanguem,Rice (Paddy),2022-01-12,1,Tillering,35.5,75,0.0,16,0,13.6,19.4,59,5.08,0.0,0.0,1,0,0,0,0,0,1,Low
Mormugao,Mango,2021-09-23,9,Vegetative,27.7,83,14.2,0,1,59.1,28.2,93,5.35,3.6,0.8,0,0,0,0,0,0,0,None
Quepem,Pineapple,2023-07-15,7,Vegetative,25.8,90,44.6,0,4,68.3,21.4,96,5.35,5.3,4.1,0,0,0,0,0,0,0,None
Mormugao,Spices,2023-07-10,7,Vegetative,26.2,84,7.8,3,1,50.0,40.9,78,5.49,3.4,1.2,0,0,0,0,0,0,0,None
Salcete,Pineapple,2024-10-14,10,Inflorescence,28.2,89,22.2,0,0,54.6,25.8,91,6.03,6.2,0.0,0,0,0,0,0,0,0,None
Pernem,Cashew,2021-12-06,12,Flowering,28.9,62,0.0,15,0,17.7,9.7,58,5.36,1.7,0.0,1,0,0,0,0,0,1,Low
Salcete,Cashew,2022-01-24,1,Dormant,29.5,76,0.0,8,0,29.1,10.1,40,4.96,1.7,0.0,0,0,0,0,0,0,0,None
Sanguem,Cashew,2022-07-31,7,Harvest,28.4,87,4.2,0,4,50.5,12.5,78,5.62,5.0,6.4,0,0,0,0,0,0,0,None
Sattari,Rice (Paddy),2025-09-09,9,Tillering,26.5,89,96.3,0,6,96.0,15.3,72,4.98,6.7,4.9,0,0,1,0,0,0,1,Low
Mormugao,Coconut,2021-01-03,1,Vegetative,28.3,55,0.0,9,0,23.3,10.5,33,5.68,1.2,1.3,0,0,0,0,0,0,0,None
Pernem,Spices,2024-12-23,12,Vegetative,26.1,77,0.0,20,0,12.0,14.0,13,6.35,3.6,0.0,1,0,0,0,0,0,1,Low
Canacona,Rice (Paddy),2024-03-11,3,Tillering,36.5,43,0.0,19,0,12.0,24.2,18,5.13,0.0,0.0,1,0,0,0,1,0,1,Moderate
Dharbandora,Pineapple,2022-01-11,1,Harvest,35.2,69,0.0,8,0,29.4,9.4,12,5.08,0.5,0.0,0,0,0,0,0,0,0,None
Canacona,Cashew,2025-08-21,8,Flowering,28.1,84,160.3,0,3,98.0,35.0,74,5.35,2.5,4.0,0,1,0,0,0,0,1,Low
Sanguem,Cashew,2021-11-20,11,Fruit_Development,27.8,63,0.0,14,0,14.1,11.2,21,5.61,0.1,0.0,1,0,0,1,0,0,1,Moderate
Dharbandora,Rice (Paddy),2021-05-26,5,Tillering,35.2,59,2.1,12,1,30.1,8.4,13,5.38,2.2,1.2,0,0,0,0,0,0,0,None
Quepem,Coconut,2021-10-20,10,Maturity,24.2,88,57.2,3,5,76.5,30.4,70,5.01,3.6,6.7,0,0,0,1,0,0,1,Low
Sattari,Arecanut,2025-08-16,8,Nut_Formation,26.1,96,157.4,1,2,98.0,18.9,84,5.31,4.4,0.0,0,0,0,0,0,0,0,None
Canacona,Coconut,2022-03-08,3,Inflorescence,34.3,56,0.0,8,0,32.0,10.5,7,4.73,1.8,0.0,0,0,0,0,0,0,0,None
Dharbandora,Rice (Paddy),2022-12-06,12,Seedling,26.0,70,0.0,13,0,20.6,26.8,48,5.67,0.6,0.8,0,0,0,0,0,0,0,None
Canacona,Cashew,2023-08-07,8,Fruit_Development,25.7,85,28.5,1,0,56.6,34.8,88,4.89,2.5,0.0,1,1,0,0,0,0,1,Moderate
Bardez,Coconut,2022-08-08,8,Maturity,24.8,88,3.0,2,0,48.4,22.6,85,5.28,3.3,0.0,1,0,0,0,0,0,1,Low
Canacona,Spices,2022-02-03,2,Vegetative,28.3,80,0.0,13,0,20.1,14.6,38,5.15,3.0,0.0,0,0,0,0,0,0,0,None
Sanguem,Cashew,2023-03-28,3,Flowering,36.4,52,0.0,19,0,12.0,11.6,12,5.98,0.0,0.4,1,0,0,0,0,0,1,Low
Pernem,Mango,2024-09-29,9,Flowering,27.7,85,122.7,2,3,98.0,23.1,98,6.1,5.1,3.2,0,0,0,0,0,0,0,None
Mormugao,Rice (Paddy),2023-08-22,8,Flowering,24.0,88,31.9,1,4,63.2,27.0,99,5.34,6.1,6.1,0,0,1,0,0,0,1,Low
Salcete,Cashew,2024-03-09,3,Fruit_Development,33.9,54,0.0,20,0,12.0,22.4,26,5.25,0.0,0.3,1,0,0,0,0,0,1,Low
Sattari,Rice (Paddy),2021-07-06,7,Grain_Filling,28.0,85,28.8,0,9,62.8,26.5,94,4.81,5.4,8.0,0,0,0,1,0,0,1,Low
Tiswadi,Arecanut,2021-03-02,3,Flowering,34.5,70,0.0,16,0,12.0,12.2,45,6.13,0.8,1.6,1,0,0,0,0,0,1,Low
Canacona,Coconut,2023-07-28,7,Nut_Development,31.1,89,51.2,2,9,71.2,12.0,82,5.42,5.5,8.9,0,0,0,1,0,0,1,Low
Canacona,Coconut,2024-11-04,11,Inflorescence,26.4,76,4.2,5,1,42.3,12.9,29,6.24,1.4,0.0,0,0,0,0,0,0,0,None
Sattari,Mango,2022-12-11,12,Maturity,25.2,63,0.0,5,0,29.4,8.1,24,5.88,0.0,1.8,0,0,1,0,0,0,1,Low
Quepem,Cashew,2023-03-18,3,Harvest,36.2,75,1.4,13,1,22.7,25.6,37,5.51,0.2,0.0,1,0,0,0,0,0,1,Low
Tiswadi,Coconut,2025-01-03,1,Inflorescence,30.6,68,0.0,7,0,28.1,18.2,38,4.93,2.1,0.1,0,0,0,0,0,0,0,None
Bicholim,Rice (Paddy),2024-09-04,9,Seedling,27.4,98,12.7,0,3,66.5,23.0,59,5.65,6.1,7.5,0,0,1,1,0,0,1,Moderate
Pernem,Cashew,2024-08-18,8,Harvest,25.9,84,130.2,0,2,98.0,22.0,91,5.97,5.6,0.0,0,0,0,0,0,0,0,None
Quepem,Cashew,2024-09-29,9,Flowering,26.4,82,137.9,3,1,98.0,18.3,81,5.52,2.6,0.3,0,0,0,0,0,0,0,None
Sanguem,Cashew,2021-01-11,1,Dormant,30.0,64,0.0,5,0,42.8,12.0,29,5.2,0.0,1.1,0,0,0,0,0,0,0,None
Quepem,Rice (Paddy),2023-12-22,12,Flowering,28.5,79,0.0,5,0,38.3,15.3,51,5.81,1.2,0.0,0,0,0,0,0,0,0,None
Salcete,Coconut,2021-08-14,8,Vegetative,26.6,81,39.1,2,1,65.9,8.0,80,4.74,3.9,0.0,0,0,0,0,0,0,0,None
Canacona,Cashew,2024-03-22,3,Harvest,31.3,51,0.0,22,0,12.0,9.2,16,5.19,0.0,0.0,1,0,0,0,0,0,1,Low
Bardez,Cashew,2025-10-01,10,Fruit_Development,30.3,79,3.9,3,0,36.5,24.9,91,5.34,4.4,0.0,0,0,0,0,0,0,0,None
Sattari,Cashew,2022-07-18,7,Fruit_Development,29.0,81,70.8,0,3,84.7,40.3,87,6.12,3.6,1.2,0,0,0,0,0,0,0,None
Quepem,Pineapple,2023-02-11,2,Inflorescence,29.5,55,0.0,10,0,16.1,12.1,40,5.26,0.0,0.0,0,0,0,0,0,0,0,None
Sattari,Mango,2025-05-14,5,Vegetative,39.5,66,0.0,19,0,14.0,12.8,36,5.66,0.0,0.5,1,0,1,0,1,0,1,High
Quepem,Cashew,2025-05-27,5,Dormant,35.6,43,0.0,21,0,12.0,15.9,44,6.34,0.0,0.7,1,0,0,0,0,0,1,Low
Dharbandora,Rice (Paddy),2025-08-11,8,Flowering,28.7,100,44.8,0,1,74.0,14.1,78,4.97,7.9,0.1,0,0,1,0,0,0,1,Low
Mormugao,Coconut,2025-05-18,5,Inflorescence,33.1,59,8.9,17,1,17.4,17.9,36,5.15,0.0,0.4,1,0,0,0,0,0,1,Low
Dharbandora,Rice (Paddy),2024-08-26,8,Tillering,26.5,84,46.2,0,18,73.4,36.0,71,5.41,4.8,10.0,0,0,0,1,0,0,1,Low
Bardez,Coconut,2023-06-04,6,Vegetative,28.1,94,28.8,0,11,73.1,14.7,68,4.37,6.3,9.2,0,0,0,1,0,0,1,Low
Mormugao,Coconut,2024-06-20,6,Maturity,26.9,86,9.2,0,1,42.1,31.9,82,5.66,3.7,1.4,0,0,0,0,0,0,0,None
Dharbandora,Rice (Paddy),2025-02-25,2,Tillering,29.6,61,0.0,13,0,19.4,15.4,28,5.45,0.7,0.5,0,0,0,0,0,0,0,None
Ponda,Pineapple,2024-10-21,10,Fruit_Development,22.9,75,28.2,1,5,61.0,30.1,97,4.76,0.0,0.0,0,0,0,0,0,1,1,Low
Canacona,Banana,2024-09-15,9,Finger_Filling,29.5,97,22.2,0,3,65.5,8.0,93,5.12,5.8,7.6,0,0,0,1,0,0,1,Low
Tiswadi,Cashew,2024-02-05,2,Dormant,28.8,69,0.0,15,0,20.7,13.0,51,5.25,0.0,1.8,1,0,0,0,0,0,1,Low
Dharbandora,Arecanut,2021-08-14,8,Nut_Formation,26.9,100,83.0,1,6,96.4,30.5,81,4.81,6.3,8.4,0,0,0,1,0,0,1,Low
Sanguem,Rice (Paddy),2023-04-05,4,Flowering,33.7,52,0.0,17,0,12.0,11.2,16,5.26,1.3,0.0,1,0,0,0,0,0,1,Low
Sanguem,Cashew,2021-08-06,8,Dormant,27.4,84,157.8,4,19,98.0,25.6,74,5.84,5.4,10.0,0,1,0,1,0,0,1,Moderate
Bardez,Coconut,2023-07-26,7,Maturity,27.0,94,23.2,1,2,64.6,33.7,84,5.18,4.8,0.0,0,0,0,0,0,0,0,None
Bicholim,Spices,2023-01-23,1,Pod_Development,27.1,81,0.0,2,0,46.6,7.5,42,5.57,2.7,0.1,0,0,0,0,0,0,0,None
Sattari,Banana,2022-05-21,5,Finger_Filling,38.1,50,0.0,20,0,12.0,15.3,12,6.06,0.1,0.6,1,0,0,0,1,0,1,Moderate
Dharbandora,Banana,2021-09-16,9,Shooting,30.3,95,53.0,1,4,75.1,31.6,85,5.26,6.6,6.2,0,0,0,0,0,0,0,None
Salcete,Cashew,2025-12-03,12,Dormant,27.4,66,4.8,12,1,23.0,15.2,36,5.05,0.1,0.0,0,0,0,0,0,0,0,None
Tiswadi,Coconut,2025-03-21,3,Inflorescence,37.1,50,0.4,14,1,20.7,9.0,28,5.61,0.0,0.0,1,0,0,0,1,0,1,Moderate
Salcete,Coconut,2025-12-02,12,Inflorescence,31.5,77,0.0,10,0,25.2,13.0,48,5.21,2.1,0.0,0,0,0,0,0,0,0,None
Bardez,Coconut,2021-02-23,2,Maturity,30.4,58,0.0,14,0,12.7,10.8,50,5.23,0.8,0.0,1,0,0,0,0,0,1,Low
Dharbandora,Coconut,2023-12-07,12,Maturity,27.4,70,0.0,9,0,25.4,13.8,45,5.76,0.0,1.6,0,0,1,0,0,0,1,Low
Ponda,Spices,2022-12-28,12,Vegetative,31.0,58,0.0,6,0,30.4,16.3,36,4.99,0.0,0.0,0,0,0,0,0,0,0,None
Sattari,Mango,2022-11-20,11,Vegetative,26.9,68,0.0,10,0,23.9,19.4,23,5.35,0.0,2.0,0,0,0,0,0,0,0,None
Bardez,Mango,2025-03-25,3,Flowering,30.7,70,0.0,18,0,12.0,15.2,25,5.69,0.0,0.0,1,0,0,0,0,0,1,Low
Mormugao,Coconut,2024-01-28,1,Vegetative,31.0,65,0.0,12,0,16.0,16.2,52,5.06,0.0,0.0,0,0,0,0,0,0,0,None
Mormugao,Coconut,2023-11-10,11,Inflorescence,28.4,72,0.0,7,0,32.5,16.6,45,5.2,1.1,0.0,0,0,0,0,0,0,0,None
Sanguem,Cashew,2025-11-12,11,Flowering,32.4,67,0.0,8,0,30.6,23.1,58,5.53,0.0,0.0,0,0,1,0,0,0,1,Low
Sanguem,Cashew,2025-05-16,5,Dormant,35.2,74,5.7,24,1,12.0,19.4,25,5.17,1.1,1.3,1,0,0,1,0,0,1,Moderate
Sanguem,Cashew,2025-02-22,2,Dormant,28.3,52,0.0,5,0,23.9,15.1,10,4.99,1.2,0.2,0,0,0,0,0,0,0,None
Tiswadi,Banana,2022-02-23,2,Shooting,28.9,60,0.0,24,0,12.0,14.1,35,5.13,0.5,0.0,1,0,0,0,0,0,1,Low
Dharbandora,Spices,2022-11-21,11,Vegetative,30.4,67,0.0,8,0,20.5,11.4,10,5.29,1.8,0.0,0,0,0,0,0,0,0,None
Canacona,Spices,2023-04-30,4,Harvest,29.2,63,0.0,21,0,12.0,6.4,21,5.69,0.6,2.7,1,0,0,0,0,0,1,Low
Dharbandora,Rice (Paddy),2021-03-03,3,Grain_Filling,32.5,48,0.0,6,0,31.1,16.1,19,5.28,0.0,0.0,0,0,0,0,0,0,0,None
Salcete,Coconut,2024-03-14,3,Nut_Development,33.2,54,0.0,21,0,12.0,12.7,15,4.67,0.1,0.0,1,0,0,0,0,0,1,Low
Canacona,Rice (Paddy),2021-08-04,8,Seedling,26.3,92,33.3,1,3,64.0,31.9,95,5.46,7.1,3.2,0,0,1,0,0,0,1,Low
Bardez,Pineapple,2021-01-03,1,Inflorescence,27.5,57,0.0,5,0,23.0,14.8,70,4.79,0.0,0.3,0,0,1,0,0,0,1,Low
Canacona,Spices,2021-06-09,6,Flowering,24.1,84,27.6,1,0,64.8,20.1,62,4.94,4.3,0.8,0,0,0,0,0,0,0,None
Pernem,Coconut,2025-10-29,10,Nut_Development,27.9,94,11.8,0,5,55.2,23.7,78,5.76,5.2,9.2,0,0,0,1,0,0,1,Low
Bicholim,Rice (Paddy),2023-02-20,2,Grain_Filling,29.5,65,0.0,7,0,25.5,22.1,22,5.47,0.0,0.0,0,0,0,0,0,0,0,None
Sattari,Cashew,2024-02-18,2,Harvest,30.4,67,0.0,15,0,17.4,19.6,38,5.04,0.0,0.0,1,0,0,0,0,0,1,Low
Sattari,Rice (Paddy),2023-06-12,6,Grain_Filling,26.5,90,120.8,2,0,98.0,27.0,83,5.28,6.1,1.2,0,0,1,0,0,0,1,Low
Bardez,Mango,2024-01-18,1,Flowering,28.3,62,0.0,10,0,20.7,12.0,25,5.03,0.0,0.1,0,0,0,0,0,0,0,None
Sattari,Cashew,2021-11-25,11,Dormant,31.1,71,0.0,7,0,31.8,13.8,39,5.43,0.9,1.9,0,0,0,0,0,0,0,None
Sattari,Mango,2022-08-03,8,Fruit_Setting,30.2,87,10.1,1,2,51.1,34.8,67,5.56,3.9,2.4,0,0,0,0,0,0,0,None
Dharbandora,Rice (Paddy),2024-10-12,10,Grain_Filling,29.4,80,68.3,2,7,72.0,34.9,80,5.14,3.5,0.0,0,0,0,0,0,0,0,None
Sanguem,Rice (Paddy),2025-06-22,6,Seedling,28.4,100,6.4,2,2,57.2,24.3,90,5.6,7.1,0.0,0,0,1,1,0,0,1,Moderate
Mormugao,Mango,2024-07-14,7,Vegetative,29.9,78,87.9,0,1,81.9,25.6,82,5.44,2.1,0.0,1,0,0,0,0,0,1,Low
Salcete,Coconut,2025-06-29,6,Inflorescence,24.7,79,8.1,0,1,49.3,30.9,100,4.73,0.0,2.2,0,0,0,0,0,0,0,None
Pernem,Mango,2023-08-10,8,Maturity,29.8,91,56.1,0,1,77.5,25.3,74,5.32,5.0,0.4,0,0,0,0,0,0,0,None
Sattari,Arecanut,2024-09-08,9,Vegetative,27.1,96,9.8,0,10,58.0,34.7,84,4.89,5.9,10.0,0,0,0,1,0,0,1,Low
Mormugao,Rice (Paddy),2022-09-27,9,Flowering,28.8,74,24.9,1,3,56.5,33.6,81,5.57,0.0,0.0,0,0,0,0,0,0,0,None
Sanguem,Cashew,2023-09-15,9,Dormant,25.4,94,8.2,3,3,47.4,29.5,90,5.19,6.5,6.9,0,0,0,1,0,0,1,Low
Bardez,Mango,2025-04-14,4,Flowering,33.3,42,0.0,13,0,12.0,11.4,19,5.7,0.0,0.7,1,0,0,0,0,0,1,Low
Dharbandora,Banana,2025-07-31,7,Finger_Filling,31.8,80,71.1,8,5,64.4,33.7,61,5.13,3.6,0.4,0,0,0,0,0,0,0,None
Dharbandora,Spices,2024-05-03,5,Pod_Development,31.0,53,0.0,25,0,12.0,12.6,20,5.23,1.5,0.0,1,0,0,0,0,0,1,Low
Bicholim,Cashew,2023-07-10,7,Dormant,27.4,78,58.7,0,1,69.2,33.0,84,5.57,0.0,0.5,0,0,0,0,0,0,0,None
Sattari,Rice (Paddy),2023-01-08,1,Grain_Filling,31.3,69,0.0,10,0,28.4,14.3,21,5.47,0.0,0.7,0,0,0,0,0,0,0,None
Pernem,Spices,2024-09-17,9,Flowering,29.2,91,19.0,1,2,56.7,20.9,66,5.74,7.1,0.3,0,0,1,1,0,0,1,Moderate
Sattari,Cashew,2021-06-19,6,Flowering,24.8,91,45.4,2,0,73.6,12.9,74,5.08,6.3,0.0,0,0,1,0,0,0,1,Low
Pernem,Coconut,2022-06-05,6,Inflorescence,28.0,88,13.3,0,2,54.4,12.9,93,6.07,5.3,0.0,0,0,0,0,0,0,0,None
Dharbandora,Coconut,2025-01-26,1,Vegetative,26.4,63,0.0,10,0,21.8,10.3,33,5.84,0.0,1.9,0,0,0,0,0,0,0,None
Sattari,Mango,2021-02-09,2,Maturity,29.0,67,0.0,2,0,38.8,20.8,10,5.9,2.5,0.0,0,0,0,0,0,0,0,None
Sanguem,Rice (Paddy),2025-04-10,4,Grain_Filling,27.2,57,0.0,10,0,18.9,12.5,43,4.59,0.7,0.0,0,0,0,0,0,0,0,None
Dharbandora,Pineapple,2024-07-08,7,Vegetative,24.0,89,40.2,0,11,68.7,16.3,83,6.04,2.6,10.0,0,0,0,1,0,0,1,Low
Sattari,Arecanut,2024-11-19,11,Flowering,28.5,66,0.0,10,0,33.0,12.8,50,5.66,0.0,0.0,0,0,0,0,0,0,0,None
Mormugao,Rice (Paddy),2023-08-13,8,Seedling,30.8,90,0.1,0,8,51.4,34.4,79,5.43,5.4,9.0,0,0,0,1,0,0,1,Low
Sanguem,Coconut,2024-06-03,6,Maturity,29.6,92,31.5,0,19,64.9,16.2,80,5.3,4.2,10.0,0,0,0,1,0,0,1,Low
Sanguem,Cashew,2023-09-11,9,Fruit_Development,27.7,83,24.9,2,1,60.9,23.7,69,5.56,2.9,0.0,0,0,0,0,0,0,0,None
Pernem,Cashew,2024-02-22,2,Dormant,34.2,72,0.0,13,0,21.2,6.4,19,5.52,0.2,0.1,1,0,0,0,0,0,1,Low
Ponda,Spices,2023-09-02,9,Harvest,31.1,89,34.9,3,7,64.2,27.5,86,5.61,1.4,8.1,0,0,0,1,0,0,1,Low
Dharbandora,Rice (Paddy),2021-02-07,2,Tillering,30.8,67,0.0,4,0,31.0,11.9,54,5.71,0.0,0.2,0,0,0,0,0,0,0,None
Pernem,Rice (Paddy),2021-11-24,11,Flowering,31.9,62,0.0,14,0,17.7,18.3,41,5.12,0.0,1.2,1,0,0,0,0,0,1,Low
Ponda,Spices,2024-06-28,6,Flowering,28.9,84,130.0,1,2,98.0,17.5,94,5.71,4.0,0.7,0,0,0,0,0,0,0,None
Pernem,Coconut,2024-04-14,4,Maturity,35.8,51,0.0,14,0,16.5,12.0,23,5.19,0.0,1.1,1,0,0,0,0,0,1,Low
Sanguem,Mango,2025-06-14,6,Maturity,25.5,80,32.7,0,4,60.5,22.3,80,5.37,3.6,0.0,1,0,0,0,0,0,1,Low
Dharbandora,Spices,2023-07-03,7,Flowering,30.9,89,17.5,0,0,61.6,32.9,90,5.0,5.9,0.0,0,0,0,0,0,0,0,None
Bardez,Mango,2022-03-30,3,Maturity,30.3,68,0.1,18,1,12.0,12.4,17,5.72,0.4,0.0,1,0,0,0,0,0,1,Low
Dharbandora,Arecanut,2021-02-06,2,Harvest,27.8,75,0.0,15,0,18.4,23.7,33,4.81,2.5,0.5,1,0,0,0,0,0,1,Low
Salcete,Cashew,2024-09-01,9,Dormant,29.4,95,13.3,2,4,62.2,24.6,98,4.89,9.6,5.7,0,0,1,0,0,0,1,Low
Bicholim,Banana,2025-09-08,9,Finger_Filling,28.7,86,1.6,1,2,47.9,30.0,72,4.62,3.9,0.0,0,0,0,0,0,0,0,None
Sanguem,Coconut,2023-08-31,8,Inflorescence,26.1,79,118.3,0,4,98.0,46.5,71,5.36,1.5,0.0,0,0,1,0,0,0,1,Low
Pernem,Arecanut,2023-03-07,3,Flowering,35.9,41,0.0,24,0,12.0,16.1,8,5.79,0.8,0.0,1,0,0,0,0,0,1,Low
Quepem,Rice (Paddy),2023-08-31,8,Seedling,29.7,97,43.5,0,10,76.7,19.7,86,5.54,6.8,10.0,0,0,1,1,0,0,1,Moderate
Sattari,Cashew,2022-08-16,8,Flowering,27.7,100,124.0,0,5,98.0,36.0,95,6.03,8.9,10.0,0,1,1,1,0,0,1,High
Sattari,Cashew,2024-02-12,2,Flowering,31.4,77,0.0,3,0,47.9,16.2,28,5.61,2.6,0.0,0,0,0,0,0,0,0,None
Sanguem,Rice (Paddy),2023-11-30,11,Tillering,31.7,65,0.7,18,1,17.3,9.0,44,6.95,0.0,0.3,1,0,0,0,0,0,1,Low
Bicholim,Rice (Paddy),2024-08-17,8,Seedling,24.4,88,133.0,4,9,98.0,41.3,95,4.41,4.5,7.9,0,1,0,1,0,0,1,Moderate
Dharbandora,Arecanut,2021-08-12,8,Harvest,24.3,91,76.5,1,1,82.0,45.4,78,5.47,6.3,0.5,0,0,0,0,0,0,0,None
Sattari,Arecanut,2021-11-14,11,Flowering,26.7,70,0.0,15,0,19.8,17.6,44,5.93,0.0,0.0,1,0,0,0,0,0,1,Low
Tiswadi,Coconut,2021-12-15,12,Vegetative,28.2,71,0.0,15,0,18.1,6.9,40,5.33,0.6,0.0,1,0,0,0,0,0,1,Low
Canacona,Cashew,2021-04-25,4,Fruit_Development,33.9,36,0.0,16,0,12.0,12.5,18,5.58,0.7,1.1,1,0,0,0,0,0,1,Low
Ponda,Spices,2022-11-29,11,Flowering,27.4,68,0.0,11,0,21.4,8.6,24,5.15,0.0,0.0,0,0,0,0,0,0,0,None
Dharbandora,Arecanut,2024-09-08,9,Vegetative,28.8,82,1.6,3,14,45.9,36.9,100,5.24,2.4,10.0,0,1,0,1,0,0,1,Moderate
Bardez,Coconut,2025-05-11,5,Inflorescence,34.3,38,0.0,24,0,12.0,19.8,19,4.2,0.0,0.0,1,0,0,0,0,0,1,Low
Bicholim,Rice (Paddy),2023-11-30,11,Grain_Filling,32.1,64,0.0,11,0,18.0,15.0,44,5.28,0.0,0.9,1,0,0,0,0,0,1,Low
Salcete,Coconut,2021-02-09,2,Maturity,29.7,68,0.0,9,0,27.8,10.6,40,5.49,0.2,0.0,0,0,0,0,0,0,0,None
Quepem,Pineapple,2025-11-08,11,Fruit_Development,27.2,66,0.0,11,0,18.8,17.0,43,4.67,0.0,0.5,0,0,0,0,0,1,1,Low
Bardez,Cashew,2024-08-05,8,Fruit_Development,28.4,80,0.4,2,17,45.8,25.6,100,5.31,2.8,0.0,0,0,0,0,0,0,0,None
Tiswadi,Banana,2024-07-09,7,Finger_Filling,26.9,88,183.9,0,0,98.0,16.8,84,5.52,4.2,0.5,0,1,0,0,0,0,1,Low
Bardez,Coconut,2021-08-04,8,Maturity,26.3,85,62.8,0,2,85.8,39.8,87,4.69,3.0,0.0,0,0,0,0,0,0,0,None
Tiswadi,Rice (Paddy),2024-03-16,3,Grain_Filling,34.7,53,0.0,19,0,12.0,22.3,44,5.71,0.7,1.5,1,0,0,0,0,0,1,Low
Mormugao,Rice (Paddy),2021-12-02,12,Seedling,30.3,58,0.0,24,0,12.0,12.7,34,5.94,0.0,0.2,1,0,0,0,0,0,1,Low
Sanguem,Cashew,2024-04-06,4,Flowering,36.3,58,8.3,20,1,12.0,12.9,27,6.12,0.0,1.9,1,0,0,0,0,0,1,Low
Bardez,Mango,2021-04-02,4,Maturity,35.8,30,0.0,25,0,12.0,16.8,5,5.71,0.5,1.1,1,0,0,0,0,0,1,Low
Canacona,Cashew,2021-12-19,12,Flowering,27.1,51,0.0,3,0,36.4,12.2,41,6.13,0.0,0.0,0,0,0,0,0,0,0,None
Quepem,Pineapple,2022-07-25,7,Fruit_Development,25.3,94,211.3,1,5,98.0,23.7,81,5.42,5.8,6.3,0,1,0,0,0,0,1,Low
Bardez,Coconut,2025-05-14,5,Inflorescence,36.1,55,0.0,13,0,17.5,16.7,14,5.34,0.0,1.3,1,0,0,0,0,0,1,Low
Quepem,Rice (Paddy),2023-03-27,3,Flowering,34.3,47,0.2,14,1,13.0,18.3,30,5.01,0.2,0.0,1,0,0,0,0,0,1,Low
Dharbandora,Arecanut,2025-09-01,9,Harvest,29.2,93,17.2,0,7,59.7,22.7,75,5.69,5.6,7.2,0,0,0,1,0,0,1,Low
Sattari,Mango,2023-02-20,2,Vegetative,30.4,68,0.0,4,0,32.2,16.6,27,5.26,1.3,1.8,0,0,0,0,0,0,0,None
Bicholim,Rice (Paddy),2021-12-29,12,Grain_Filling,30.0,74,0.3,9,1,30.9,13.1,40,5.5,1.5,0.0,0,0,0,0,0,0,0,None
Bicholim,Rice (Paddy),2022-07-11,7,Seedling,25.8,84,78.1,5,1,76.5,13.9,71,5.89,4.4,0.3,0,0,0,0,0,0,0,None
Pernem,Coconut,2024-09-30,9,Maturity,29.2,79,5.3,9,0,38.5,41.0,88,5.16,1.0,0.8,0,0,0,0,0,0,0,None
Dharbandora,Spices,2025-09-13,9,Pod_Development,29.5,100,41.4,1,6,74.6,24.8,80,5.29,7.4,8.5,0,0,1,1,0,0,1,Moderate
Dharbandora,Arecanut,2024-04-08,4,Vegetative,31.7,47,0.0,20,0,12.0,15.8,17,5.35,0.0,0.0,1,0,0,0,0,0,1,Low
Mormugao,Rice (Paddy),2021-12-22,12,Grain_Filling,29.6,69,0.0,16,0,12.0,16.7,49,5.62,0.0,0.4,1,0,0,0,0,0,1,Low
Sanguem,Banana,2021-07-10,7,Bunch_Emergence,26.3,98,14.6,0,0,56.3,12.7,88,5.91,4.3,0.6,0,0,0,0,0,0,0,None
Quepem,Coconut,2025-08-18,8,Vegetative,25.6,82,91.9,1,0,88.2,9.6,87,4.85,3.9,0.0,0,0,0,0,0,0,0,None
Mormugao,Coconut,2022-02-26,2,Inflorescence,26.4,83,0.0,16,0,18.1,15.6,41,4.67,4.4,0.0,1,0,0,0,0,0,1,Low
Quepem,Rice (Paddy),2022-12-01,12,Flowering,26.8,59,0.0,14,0,12.0,13.5,40,5.27,0.3,0.3,1,0,0,0,0,0,1,Low
Tiswadi,Rice (Paddy),2021-01-07,1,Seedling,26.6,64,0.0,20,0,13.8,9.1,16,6.17,0.0,2.1,1,0,0,1,0,0,1,Moderate
Quepem,Cashew,2021-05-13,5,Harvest,35.9,58,0.0,13,0,13.9,26.2,40,5.9,0.0,0.0,1,0,0,0,0,0,1,Low
Tiswadi,Mango,2025-11-06,11,Vegetative,27.0,74,0.0,9,0,23.1,10.3,68,5.19,0.4,0.0,0,0,0,0,0,0,0,None
Salcete,Cashew,2022-07-11,7,Harvest,26.8,93,3.0,3,0,51.6,59.6,100,5.45,7.1,0.0,0,0,1,0,0,0,1,Low
Quepem,Rice (Paddy),2023-04-06,4,Flowering,35.2,60,0.0,5,0,32.5,18.0,28,4.52,0.0,0.0,0,0,0,0,0,1,1,Low
Canacona,Rice (Paddy),2023-01-31,1,Tillering,25.5,69,0.0,5,0,44.2,8.3,39,5.81,0.1,0.0,0,0,0,0,0,0,0,None
Sattari,Arecanut,2023-11-21,11,Nut_Formation,24.8,79,0.0,12,0,29.9,10.6,32,5.47,1.7,0.9,0,0,0,0,0,0,0,None
Dharbandora,Rice (Paddy),2022-06-19,6,Grain_Filling,29.5,89,53.7,0,11,73.3,38.6,80,5.73,4.5,10.0,0,0,0,0,0,0,0,None
Tiswadi,Rice (Paddy),2022-03-02,3,Seedling,32.4,56,0.0,15,0,15.5,22.0,52,5.54,0.0,0.0,1,0,0,0,0,0,1,Low
Salcete,Coconut,2024-11-18,11,Vegetative,26.7,62,0.0,10,0,22.4,19.3,40,5.52,0.0,0.0,0,0,0,0,0,0,0,None
Dharbandora,Rice (Paddy),2022-11-03,11,Seedling,28.8,72,0.0,14,0,20.1,13.8,59,6.05,0.0,1.1,1,0,0,0,0,0,1,Low
Quepem,Banana,2021-12-29,12,Bunch_Emergence,28.8,53,0.0,15,0,12.0,23.7,28,5.45,0.6,0.0,1,0,0,0,0,0,1,Low
Sanguem,Rice (Paddy),2024-12-31,12,Tillering,28.3,79,0.8,8,1,38.5,5.7,35,4.65,6.2,0.0,0,0,0,0,0,1,1,Low
Pernem,Cashew,2025-08-21,8,Harvest,26.9,84,23.3,6,4,52.2,49.1,72,5.24,4.9,2.0,0,0,0,0,0,0,0,None
Dharbandora,Arecanut,2025-04-24,4,Vegetative,34.7,46,0.0,18,0,12.0,21.8,5,5.56,0.8,1.2,1,0,0,0,0,0,1,Low
Canacona,Arecanut,2021-03-23,3,Harvest,35.9,63,0.0,28,0,12.0,12.1,21,4.93,0.0,0.9,1,0,0,0,0,0,1,Low
Mormugao,Pineapple,2021-12-22,12,Fruit_Development,31.2,69,0.0,9,0,30.1,16.6,41,5.08,0.0,0.0,0,0,0,0,0,0,0,None
Bardez,Cashew,2024-07-05,7,Dormant,24.1,80,23.4,2,7,54.8,28.7,100,5.49,5.3,2.4,0,0,0,0,0,0,0,None
Salcete,Pineapple,2025-10-08,10,Harvest,26.8,82,66.2,4,20,78.3,46.0,80,5.46,4.6,10.0,0,0,0,0,0,0,0,None
Bardez,Cashew,2022-08-12,8,Harvest,28.1,87,238.2,0,0,98.0,28.2,97,5.31,6.2,0.0,0,1,0,0,0,0,1,Low
Tiswadi,Cashew,2025-03-28,3,Fruit_Development,32.0,51,0.0,15,0,14.8,12.2,16,4.94,0.1,0.0,1,0,0,0,0,0,1,Low
Quepem,Cashew,2021-10-22,10,Harvest,27.3,92,10.9,8,1,48.9,21.1,81,5.22,5.3,0.0,0,0,0,0,0,0,0,None
Ponda,Spices,2024-06-01,6,Flowering,30.0,84,12.9,0,0,52.7,19.1,90,5.1,2.7,0.0,0,0,0,0,0,0,0,None
Mormugao,Spices,2025-03-29,3,Vegetative,33.5,58,0.0,19,0,12.0,27.9,24,5.04,0.0,1.1,1,0,0,0,0,0,1,Low
Dharbandora,Coconut,2023-12-06,12,Vegetative,33.8,75,0.0,23,0,12.0,9.2,26,5.29,0.8,0.0,1,0,0,0,0,0,1,Low
Salcete,Spices,2025-08-18,8,Flowering,25.8,90,0.6,1,7,54.6,30.2,74,5.63,4.2,7.7,0,0,0,0,0,0,0,None
Bardez,Cashew,2024-02-11,2,Fruit_Development,30.7,55,0.0,11,0,21.7,20.1,55,5.0,0.0,1.3,0,0,0,0,0,0,0,None
Sanguem,Cashew,2024-06-10,6,Flowering,26.2,90,42.0,0,0,69.7,22.2,78,5.29,4.2,0.2,0,0,0,0,0,0,0,None
Mormugao,Coconut,2021-01-17,1,Maturity,31.9,45,0.0,2,0,30.0,13.8,10,6.34,0.0,1.1,0,0,0,0,0,0,0,None
Pernem,Cashew,2021-12-26,12,Harvest,29.1,59,0.0,20,0,12.0,5.6,57,5.42,0.5,0.0,1,0,0,1,0,0,1,Moderate
Canacona,Rice (Paddy),2024-05-31,5,Seedling,34.6,69,10.0,20,1,12.4,18.7,42,5.49,1.8,0.0,1,0,0,0,0,0,1,Low
Sattari,Cashew,2023-05-16,5,Dormant,36.8,49,0.0,24,0,12.0,11.2,29,5.59,0.0,0.0,1,0,0,0,1,0,1,Moderate
Quepem,Pineapple,2022-12-01,12,Harvest,28.6,63,0.0,7,0,30.3,14.6,10,4.97,0.0,0.5,0,0,0,0,0,0,0,None
Ponda,Rice (Paddy),2022-03-24,3,Tillering,38.4,60,0.0,14,0,15.0,16.0,37,4.81,0.0,0.2,1,0,0,0,1,0,1,Moderate
Salcete,Rice (Paddy),2023-05-06,5,Grain_Filling,30.7,51,0.0,8,0,21.2,12.9,14,5.76,0.0,1.1,0,0,0,0,0,0,0,None
Dharbandora,Spices,2021-12-31,12,Flowering,25.0,79,0.0,16,0,14.8,20.0,30,5.6,3.8,0.9,1,0,0,0,0,0,1,Low
Dharbandora,Rice (Paddy),2022-11-06,11,Tillering,27.2,77,0.0,4,0,44.3,17.5,21,5.22,0.5,0.0,0,0,0,0,0,0,0,None
Sanguem,Rice (Paddy),2023-10-05,10,Flowering,25.4,84,83.4,0,0,86.4,33.2,100,4.74,4.7,1.3,0,0,0,0,0,1,1,Low
Quepem,Pineapple,2024-09-11,9,Vegetative,29.1,100,144.9,0,3,98.0,26.7,86,5.17,6.3,7.1,0,0,0,1,0,0,1,Low
Bicholim,Rice (Paddy),2022-04-12,4,Grain_Filling,35.5,49,0.0,17,0,12.0,9.1,25,5.99,0.2,1.3,1,0,0,0,0,0,1,Low
Canacona,Coconut,2022-02-18,2,Inflorescence,28.8,75,0.0,11,0,22.9,8.4,43,6.19,4.0,0.5,0,0,0,0,0,0,0,None
Sattari,Rice (Paddy),2025-01-18,1,Flowering,31.8,57,0.0,7,0,23.0,12.8,34,5.75,0.4,0.0,0,0,1,0,0,0,1,Low
Salcete,Rice (Paddy),2022-08-09,8,Grain_Filling,26.8,96,8.2,1,2,57.2,10.1,63,4.84,6.3,0.1,0,0,1,0,0,0,1,Low
Ponda,Arecanut,2024-06-10,6,Vegetative,26.6,81,37.7,3,5,55.9,34.7,73,5.67,4.3,0.0,0,0,0,0,0,0,0,None
Canacona,Rice (Paddy),2024-06-01,6,Flowering,27.4,90,77.1,0,8,88.8,17.4,91,5.52,4.8,7.8,0,0,0,1,0,0,1,Low
Dharbandora,Arecanut,2023-09-21,9,Flowering,24.8,90,14.9,0,20,46.2,27.9,87,5.95,5.0,10.0,0,0,0,1,0,0,1,Low
Dharbandora,Spices,2024-12-06,12,Vegetative,29.3,85,0.0,17,0,22.8,15.9,32,5.26,2.5,0.0,1,0,0,0,0,0,1,Low
Quepem,Rice (Paddy),2022-07-26,7,Tillering,25.3,92,12.6,0,9,54.3,8.0,90,4.81,6.0,10.0,0,0,1,1,0,0,1,Moderate
Tiswadi,Rice (Paddy),2021-12-01,12,Seedling,30.1,68,0.0,6,0,30.2,14.5,10,5.33,0.0,1.5,0,0,0,0,0,0,0,None
Ponda,Spices,2024-05-30,5,Flowering,35.5,56,0.0,13,0,16.6,7.3,60,5.72,1.0,0.0,1,0,0,0,0,0,1,Low
Tiswadi,Rice (Paddy),2021-02-06,2,Flowering,30.4,62,1.3,15,1,13.4,16.9,27,6.05,0.0,0.0,1,0,0,0,0,0,1,Low
Bardez,Cashew,2023-09-16,9,Harvest,32.6,78,6.9,2,1,45.3,31.3,82,5.81,0.2,0.1,0,0,0,0,0,0,0,None
Quepem,Cashew,2021-10-05,10,Flowering,25.5,98,139.7,4,0,98.0,35.0,98,6.03,6.4,0.0,0,0,1,0,0,0,1,Low
Dharbandora,Arecanut,2024-05-04,5,Flowering,34.1,42,0.0,20,0,12.0,7.5,33,5.04,0.5,0.0,1,0,0,0,0,0,1,Low
Pernem,Rice (Paddy),2023-07-05,7,Seedling,25.6,83,29.4,2,2,62.9,32.5,83,6.17,4.2,0.3,0,0,0,0,0,0,0,None
Bicholim,Cashew,2022-04-29,4,Harvest,35.3,56,0.1,16,1,12.0,19.0,56,5.16,0.0,0.1,1,0,0,0,0,0,1,Low
Dharbandora,Cashew,2024-06-19,6,Fruit_Development,25.6,86,27.9,2,0,62.6,16.1,89,5.46,6.5,0.0,0,0,0,0,0,0,0,None
Sattari,Spices,2024-09-09,9,Flowering,25.5,87,54.8,0,1,73.3,33.9,70,5.01,9.4,0.0,0,0,1,0,0,0,1,Low
Dharbandora,Arecanut,2023-01-01,1,Harvest,28.4,67,2.2,17,1,13.5,20.3,25,4.91,0.7,1.8,1,0,0,0,0,0,1,Low
Tiswadi,Rice (Paddy),2021-07-11,7,Grain_Filling,26.6,92,20.7,1,0,62.2,20.1,81,5.34,7.4,0.0,0,0,1,0,0,0,1,Low
Tiswadi,Rice (Paddy),2023-11-07,11,Grain_Filling,27.4,74,0.0,13,0,21.6,13.3,46,5.77,0.3,1.1,0,0,0,0,0,0,0,None
Mormugao,Rice (Paddy),2022-06-08,6,Grain_Filling,27.0,91,5.9,0,18,55.0,18.4,80,5.3,6.8,10.0,0,0,1,1,0,0,1,Moderate
Sanguem,Rice (Paddy),2023-07-07,7,Flowering,30.1,76,131.7,0,7,98.0,24.4,72,6.5,2.6,1.2,0,1,0,0,0,0,1,Low
Bardez,Coconut,2022-02-05,2,Inflorescence,28.0,62,0.0,11,0,20.5,16.2,38,5.68,0.0,2.0,0,0,0,0,0,0,0,None
Ponda,Spices,2023-06-05,6,Flowering,26.3,80,43.2,1,1,63.9,30.1,97,5.72,3.3,0.0,0,0,0,0,0,0,0,None
Mormugao,Coconut,2022-12-06,12,Maturity,24.0,85,0.0,7,0,33.4,22.3,32,5.31,3.0,2.1,0,0,0,0,0,0,0,None
Canacona,Coconut,2021-01-22,1,Vegetative,27.4,71,0.0,9,0,27.9,14.5,12,4.99,2.1,0.0,0,0,0,0,0,0,0,None
Tiswadi,Cashew,2022-04-19,4,Dormant,35.2,59,0.0,12,0,17.9,13.4,35,5.66,0.0,0.0,1,0,0,0,0,0,1,Low
Salcete,Pineapple,2024-02-18,2,Harvest,29.0,70,0.0,14,0,20.2,11.7,32,5.14,1.2,1.2,1,0,0,0,0,0,1,Low
Ponda,Rice (Paddy),2021-07-29,7,Grain_Filling,27.6,85,16.7,0,2,56.5,23.6,77,5.66,4.6,1.4,0,0,0,0,0,0,0,None
Pernem,Mango,2021-11-02,11,Fruit_Setting,30.3,69,0.0,17,0,12.6,16.6,42,6.57,2.3,0.3,1,0,0,0,0,0,1,Low
Quepem,Rice (Paddy),2024-07-17,7,Tillering,28.4,84,26.7,2,5,59.9,22.5,76,5.91,4.5,2.6,0,1,0,0,0,0,1,Low
Bicholim,Rice (Paddy),2022-12-05,12,Seedling,29.5,77,0.0,15,0,19.7,9.7,55,5.66,2.1,0.6,1,0,0,0,0,0,1,Low
Salcete,Coconut,2022-11-18,11,Vegetative,28.9,68,0.0,21,0,12.0,17.6,47,5.27,0.0,0.0,1,0,0,0,0,0,1,Low
Bicholim,Arecanut,2021-10-12,10,Nut_Formation,25.0,92,54.9,0,1,77.5,33.3,99,4.63,5.3,1.7,0,0,0,0,0,0,0,None
Sanguem,Cashew,2022-12-17,12,Dormant,29.0,76,0.0,16,0,17.9,9.5,43,6.07,1.6,1.4,1,0,0,0,0,0,1,Low
Mormugao,Banana,2025-08-27,8,Shooting,28.8,82,84.4,1,0,79.8,39.6,74,5.17,3.3,0.0,0,0,0,0,0,0,0,None
Ponda,Rice (Paddy),2023-02-02,2,Flowering,29.2,60,0.0,10,0,26.0,16.3,49,5.15,0.3,0.0,0,0,0,0,0,0,0,None
Tiswadi,Coconut,2024-06-04,6,Nut_Development,33.2,92,35.7,0,1,73.6,27.4,79,5.38,0.0,1.2,0,0,0,0,0,0,0,None
Mormugao,Rice (Paddy),2023-08-06,8,Tillering,23.2,83,0.9,1,0,44.0,23.6,80,5.42,0.0,0.0,0,0,0,0,0,0,0,None
Sattari,Arecanut,2022-01-16,1,Harvest,29.5,60,0.0,10,0,20.0,13.4,16,5.39,0.3,1.4,0,0,0,0,0,0,0,None
Sanguem,Rice (Paddy),2022-04-05,4,Tillering,36.8,57,1.8,20,1,12.0,17.4,26,6.33,1.8,0.0,1,0,0,0,0,0,1,Low
Quepem,Cashew,2023-10-28,10,Fruit_Development,24.7,83,171.5,0,2,98.0,25.1,72,4.92,5.4,0.0,0,1,0,0,0,0,1,Low
Sattari,Cashew,2021-01-29,1,Flowering,31.0,62,0.0,7,0,23.1,18.3,49,5.58,1.9,0.3,0,0,0,0,0,0,0,None
Canacona,Cashew,2023-06-26,6,Dormant,27.8,87,199.6,0,3,98.0,22.5,90,5.69,2.8,2.1,0,1,0,0,0,0,1,Low
Pernem,Pineapple,2023-11-23,11,Inflorescence,25.0,76,0.0,9,0,30.9,19.2,35,6.13,2.7,0.0,0,0,0,0,0,0,0,None
Salcete,Cashew,2025-07-28,7,Fruit_Development,28.7,86,2.6,1,2,51.3,15.0,100,5.72,4.7,2.1,0,0,0,0,0,0,0,None
Tiswadi,Rice (Paddy),2023-05-29,5,Flowering,35.8,48,0.0,20,0,12.0,18.3,24,6.1,0.0,0.0,1,0,0,0,0,0,1,Low
Quepem,Rice (Paddy),2021-03-20,3,Flowering,35.0,63,0.0,27,0,12.0,14.1,53,4.43,0.0,0.0,1,0,0,0,0,1,1,Moderate
Tiswadi,Coconut,2023-08-05,8,Vegetative,29.2,85,150.8,1,2,98.0,30.8,100,5.91,2.2,0.0,0,0,0,0,0,0,0,None
Tiswadi,Rice (Paddy),2022-04-04,4,Seedling,33.7,54,0.0,18,0,12.0,16.1,35,5.86,0.0,0.0,1,0,0,0,0,0,1,Low
Salcete,Rice (Paddy),2022-07-24,7,Tillering,27.7,90,20.2,0,3,61.8,14.2,81,5.31,7.4,6.1,0,0,1,0,0,0,1,Low
Bardez,Coconut,2025-04-11,4,Vegetative,33.3,67,0.0,22,0,15.1,18.5,32,6.2,1.0,0.0,1,0,0,0,0,0,1,Low
Sattari,Arecanut,2025-02-14,2,Nut_Formation,29.2,68,0.0,3,0,40.8,8.5,29,5.53,1.1,0.2,0,0,0,0,0,0,0,None
Dharbandora,Coconut,2024-12-24,12,Maturity,26.6,66,0.0,7,0,30.4,17.3,25,5.42,0.0,1.1,0,0,0,0,0,0,0,None
Bicholim,Cashew,2023-01-08,1,Flowering,26.6,54,0.0,4,0,35.8,19.9,47,4.96,0.0,1.7,0,0,0,0,0,0,0,None
Ponda,Spices,2024-08-01,8,Vegetative,25.1,84,115.8,0,9,98.0,21.1,98,5.72,3.7,5.9,0,0,0,0,0,0,0,None
Dharbandora,Spices,2022-05-31,5,Harvest,35.6,38,2.1,27,1,12.0,14.3,16,5.99,0.1,0.0,1,1,0,0,0,0,1,Moderate
Bicholim,Rice (Paddy),2024-01-28,1,Seedling,32.4,56,3.2,7,1,30.1,12.4,33,4.96,0.0,0.1,0,0,0,0,0,0,0,None
Tiswadi,Coconut,2022-02-01,2,Inflorescence,29.2,69,0.0,8,0,25.0,11.3,32,4.82,0.0,0.6,1,0,0,0,0,0,1,Low
Mormugao,Coconut,2025-02-21,2,Nut_Development,33.9,69,0.0,11,0,25.3,12.7,65,5.5,0.0,0.8,1,0,0,0,0,0,1,Low
Pernem,Spices,2021-02-08,2,Vegetative,29.2,75,0.0,10,0,32.4,10.2,46,5.06,1.2,0.0,0,0,0,0,0,0,0,None
Pernem,Mango,2024-07-18,7,Flowering,26.0,87,38.8,0,0,76.2,26.9,100,5.1,6.0,0.2,0,0,0,0,0,0,0,None
Pernem,Mango,2023-06-06,6,Maturity,25.7,78,75.1,4,0,70.1,18.1,80,4.96,0.8,0.0,0,0,0,0,0,0,0,None
Sanguem,Cashew,2023-03-08,3,Dormant,35.6,58,0.0,30,0,12.0,10.8,15,5.87,0.0,0.3,1,0,0,0,0,0,1,Low
Ponda,Spices,2021-06-06,6,Harvest,26.8,81,5.5,0,7,54.8,31.3,82,5.7,3.0,0.1,0,0,0,0,0,0,0,None
Bardez,Mango,2024-01-04,1,Fruit_Setting,27.6,69,0.0,19,0,12.9,13.3,20,5.87,1.7,0.5,1,0,0,0,0,0,1,Low
Sanguem,Rice (Paddy),2023-06-03,6,Flowering,27.5,90,24.4,8,9,46.2,14.9,57,5.79,6.6,9.6,0,0,1,1,0,0,1,Moderate
Canacona,Mango,2025-12-29,12,Flowering,29.7,55,0.0,19,0,12.0,11.9,22,6.33,0.0,1.1,1,0,0,0,0,0,1,Low
Quepem,Pineapple,2024-02-28,2,Inflorescence,29.1,58,0.0,13,0,20.8,16.2,45,5.36,0.0,0.5,0,0,0,0,0,0,0,None
Dharbandora,Cashew,2025-09-07,9,Flowering,30.5,92,154.7,0,3,98.0,40.0,80,5.73,5.6,4.2,0,1,1,0,0,0,1,Moderate
Sanguem,Cashew,2023-09-01,9,Flowering,28.4,98,29.7,0,3,63.0,32.1,100,5.34,7.9,5.9,0,0,1,0,0,0,1,Low
Pernem,Cashew,2024-01-13,1,Dormant,29.5,75,0.0,14,0,19.2,6.7,10,4.24,0.7,0.1,1,0,0,0,0,0,1,Low
Mormugao,Rice (Paddy),2023-11-12,11,Flowering,28.8,55,0.0,11,0,21.5,9.7,52,5.04,0.5,1.4,0,0,0,0,0,0,0,None
Canacona,Arecanut,2025-01-22,1,Harvest,27.2,68,0.0,19,0,12.0,17.2,56,5.03,1.0,0.2,1,0,0,0,0,0,1,Low
Dharbandora,Rice (Paddy),2025-04-12,4,Grain_Filling,32.0,47,0.0,13,0,12.0,8.8,17,5.42,0.1,1.3,0,0,0,0,0,0,0,None
Quepem,Spices,2025-09-27,9,Flowering,26.6,91,2.4,4,1,47.7,32.4,78,5.08,5.8,0.4,0,0,0,0,0,0,0,None
Pernem,Mango,2023-04-29,4,Maturity,36.8,50,0.0,22,0,12.0,12.3,28,5.65,0.0,1.4,1,0,0,0,1,0,1,Moderate
Salcete,Cashew,2024-11-06,11,Harvest,31.9,80,0.0,16,0,20.8,12.5,10,5.76,5.0,0.0,1,0,0,0,0,0,1,Low
Bardez,Cashew,2023-01-18,1,Fruit_Development,26.9,57,0.0,10,0,16.0,5.4,14,5.29,0.8,0.7,0,0,0,0,0,0,0,None
Salcete,Coconut,2025-01-03,1,Inflorescence,32.5,71,0.0,15,0,20.5,14.7,31,4.88,1.2,1.4,1,0,0,0,0,0,1,Low
Mormugao,Arecanut,2025-06-16,6,Nut_Formation,26.7,83,49.3,0,1,68.8,12.1,100,5.44,1.6,0.1,0,0,0,0,0,0,0,None
Ponda,Arecanut,2023-09-16,9,Harvest,24.1,93,78.0,1,8,81.1,35.5,80,5.43,7.6,9.3,0,0,0,1,0,0,1,Low
Quepem,Spices,2021-01-21,1,Flowering,25.4,61,0.0,14,0,15.1,23.1,47,5.29,1.0,0.6,1,0,0,0,0,0,1,Low
Ponda,Spices,2021-10-30,10,Flowering,27.0,85,59.5,0,9,79.0,20.8,82,5.74,6.8,5.7,0,0,0,0,0,0,0,None
Bicholim,Rice (Paddy),2023-05-19,5,Seedling,34.7,65,0.0,19,0,14.0,18.4,39,4.83,1.6,0.0,1,0,0,0,0,0,1,Low
Quepem,Pineapple,2021-03-25,3,Harvest,33.2,71,0.0,12,0,29.0,20.1,21,5.88,0.0,0.0,1,0,0,0,0,0,1,Low
Mormugao,Rice (Paddy),2025-12-03,12,Flowering,27.9,67,0.0,16,0,12.0,13.5,38,5.96,0.0,0.0,1,0,0,0,0,0,1,Low
Dharbandora,Rice (Paddy),2025-08-10,8,Seedling,27.7,81,70.9,0,10,76.2,24.2,61,5.86,5.5,0.0,0,0,0,0,0,0,0,None
Mormugao,Coconut,2025-01-16,1,Vegetative,33.1,58,0.0,13,0,18.6,14.6,58,5.37,0.0,0.0,1,0,0,0,0,0,1,Low
Sattari,Arecanut,2024-11-11,11,Flowering,29.1,71,0.0,14,0,20.9,11.5,46,4.35,0.0,1.0,0,0,0,0,0,1,1,Low
Dharbandora,Arecanut,2025-03-11,3,Flowering,35.9,67,0.0,14,0,14.8,15.6,5,6.49,0.2,0.0,1,0,0,0,0,0,1,Low
Mormugao,Coconut,2024-07-04,7,Maturity,26.8,94,43.8,0,1,69.7,32.2,79,5.53,4.1,1.2,0,0,0,0,0,0,0,None
Bicholim,Cashew,2022-07-24,7,Dormant,28.8,88,22.8,0,3,58.8,32.6,85,5.52,4.5,2.5,0,0,0,0,0,0,0,None
Sattari,Cashew,2023-07-23,7,Harvest,27.9,86,40.7,1,0,67.4,25.9,75,5.68,5.0,0.1,0,0,0,0,0,0,0,None
Quepem,Arecanut,2025-03-31,3,Flowering,33.5,37,0.0,17,0,12.0,9.7,5,5.06,0.0,1.0,1,0,0,0,0,0,1,Low
Bicholim,Rice (Paddy),2024-03-31,3,Tillering,35.0,49,0.0,24,0,12.0,14.1,21,5.52,0.3,0.7,1,0,0,0,0,0,1,Low
Salcete,Pineapple,2024-04-01,4,Harvest,35.2,60,0.0,14,0,15.2,19.0,25,5.86,1.6,0.0,1,1,0,0,0,0,1,Moderate
Dharbandora,Rice (Paddy),2023-10-06,10,Flowering,27.6,88,13.5,0,1,56.4,20.0,78,4.69,5.9,0.0,0,0,0,0,0,1,1,Low
Pernem,Mango,2023-03-04,3,Maturity,37.7,41,0.0,22,0,12.0,14.2,15,4.94,0.7,0.0,1,0,0,0,1,0,1,Moderate
Canacona,Rice (Paddy),2023-03-03,3,Seedling,35.3,57,1.1,20,1,12.0,14.7,33,5.26,0.0,0.3,1,0,0,0,0,0,1,Low
Ponda,Arecanut,2025-03-28,3,Vegetative,31.7,43,0.0,18,0,12.0,11.0,6,4.83,0.0,0.0,1,0,0,0,0,0,1,Low
Sanguem,Rice (Paddy),2025-12-15,12,Grain_Filling,30.2,63,0.0,12,0,23.7,15.1,36,5.09,0.6,1.6,0,0,0,0,0,0,0,None
Canacona,Cashew,2024-07-18,7,Flowering,26.7,78,1.0,0,11,43.5,28.6,88,5.28,3.2,0.0,0,0,0,0,0,0,0,None
Pernem,Mango,2022-05-07,5,Vegetative,36.7,63,0.0,11,0,27.5,16.6,29,5.18,0.7,0.4,1,0,0,0,0,0,1,Low
Mormugao,Coconut,2021-07-27,7,Inflorescence,26.0,92,138.8,2,4,98.0,24.1,76,4.92,5.2,5.7,0,1,0,0,0,0,1,Low
Bicholim,Cashew,2025-04-12,4,Flowering,31.2,59,0.0,23,0,12.0,13.0,19,5.78,0.0,0.0,1,0,0,0,0,0,1,Low
Dharbandora,Spices,2025-05-27,5,Flowering,29.4,52,0.0,10,0,26.2,15.3,30,5.66,0.0,0.7,0,0,0,0,0,0,0,None
Mormugao,Coconut,2023-12-20,12,Nut_Development,32.8,67,0.0,9,0,25.4,12.5,50,5.4,0.0,0.5,0,0,0,0,0,0,0,None
Salcete,Coconut,2022-03-06,3,Maturity,34.5,75,0.0,15,0,19.1,13.9,35,6.56,1.8,0.0,1,0,0,0,0,0,1,Low
Tiswadi,Spices,2023-09-12,9,Vegetative,28.9,77,62.5,2,3,69.0,13.3,87,5.72,3.6,0.6,0,0,0,0,0,0,0,None
Sanguem,Cashew,2025-08-08,8,Harvest,26.3,81,51.3,4,1,63.0,13.5,76,5.5,3.4,0.0,0,0,1,0,0,0,1,Low
Ponda,Rice (Paddy),2025-06-17,6,Tillering,25.8,91,6.2,2,5,46.0,11.9,76,5.37,4.6,5.1,0,0,0,0,0,0,0,None
Pernem,Mango,2024-08-25,8,Vegetative,28.0,80,129.3,0,13,98.0,23.6,92,5.53,4.5,0.0,0,1,0,0,0,0,1,Low
Salcete,Cashew,2022-06-04,6,Harvest,29.3,88,67.1,0,5,84.0,26.6,89,5.45,3.5,6.5,0,0,0,1,0,0,1,Low
Mormugao,Rice (Paddy),2022-08-14,8,Tillering,29.0,76,0.8,0,3,48.7,36.0,83,5.4,1.5,0.0,0,0,0,0,0,0,0,None
Dharbandora,Pineapple,2023-11-17,11,Fruit_Development,28.1,66,0.0,6,0,35.3,10.4,37,5.8,0.3,0.4,0,0,0,0,0,0,0,None
Bicholim,Cashew,2025-09-06,9,Harvest,26.5,100,108.5,0,6,98.0,27.6,97,4.71,6.1,9.0,0,0,0,1,0,0,1,Low
Quepem,Cashew,2025-05-05,5,Dormant,31.9,63,0.0,21,0,12.0,17.6,43,5.69,1.0,0.0,1,0,0,0,0,0,1,Low
Pernem,Coconut,2021-07-18,7,Vegetative,29.6,86,73.6,2,0,78.8,15.1,84,5.99,4.6,0.0,0,0,0,1,0,0,1,Low
Bicholim,Rice (Paddy),2022-01-22,1,Tillering,31.5,51,0.0,17,0,12.0,16.2,40,5.4,0.0,0.0,1,0,0,0,0,0,1,Low
Mormugao,Rice (Paddy),2021-12-15,12,Flowering,27.2,65,0.0,7,0,30.7,21.3,36,5.88,0.0,2.5,0,0,0,0,0,0,0,None
Ponda,Spices,2023-08-18,8,Vegetative,25.3,74,59.8,1,2,74.9,18.4,82,5.72,0.0,0.0,0,0,0,0,0,0,0,None
Tiswadi,Coconut,2022-11-24,11,Maturity,32.3,76,0.0,10,0,23.4,15.5,10,5.9,1.6,0.0,0,0,0,0,0,0,0,None
Salcete,Spices,2025-04-09,4,Harvest,33.4,67,4.7,21,1,12.0,18.4,23,5.28,1.2,1.4,1,0,0,0,0,0,1,Low
Bicholim,Rice (Paddy),2022-01-13,1,Grain_Filling,30.0,63,0.0,14,0,20.8,15.8,52,5.87,0.0,0.0,1,0,0,0,0,0,1,Low
Ponda,Spices,2023-06-18,6,Flowering,29.6,91,31.4,0,5,66.1,33.5,77,5.1,5.0,5.7,1,0,0,0,0,0,1,Low
Tiswadi,Arecanut,2023-07-05,7,Vegetative,29.4,92,8.8,0,5,55.5,8.2,81,5.47,6.0,6.7,0,0,0,1,0,0,1,Low
Pernem,Mango,2025-05-01,5,Flowering,32.6,67,3.9,23,1,12.0,16.3,12,5.56,3.0,0.0,1,0,0,0,0,0,1,Low
Sattari,Arecanut,2022-06-11,6,Vegetative,28.9,88,65.1,1,10,76.8,26.7,91,5.39,5.2,9.5,0,0,0,1,0,0,1,Low
Bicholim,Rice (Paddy),2024-03-22,3,Tillering,36.0,51,0.0,29,0,12.0,11.4,36,6.21,1.4,0.7,1,0,0,0,0,0,1,Low
Canacona,Cashew,2023-01-04,1,Harvest,26.7,76,0.0,10,0,22.6,15.2,58,5.59,4.1,0.0,0,0,0,0,0,0,0,None
Tiswadi,Pineapple,2021-07-25,7,Inflorescence,27.1,98,95.5,0,1,98.0,8.0,73,5.42,8.9,0.0,0,0,1,0,0,0,1,Low
Pernem,Arecanut,2022-03-31,3,Flowering,35.2,75,2.1,20,1,12.5,23.5,23,5.79,0.8,0.6,1,0,0,0,0,0,1,Low
Quepem,Pineapple,2024-07-20,7,Vegetative,28.3,85,42.5,0,1,61.1,23.7,96,5.31,4.4,0.0,0,0,0,0,0,0,0,None
Salcete,Cashew,2024-06-13,6,Harvest,29.6,81,89.1,0,0,97.2,38.3,68,5.65,4.5,0.0,0,0,0,0,0,0,0,None
Canacona,Coconut,2025-10-30,10,Vegetative,30.3,93,48.0,2,0,73.3,8.0,85,5.43,8.0,1.9,0,0,1,0,0,0,1,Low
Ponda,Spices,2022-06-05,6,Vegetative,26.9,83,41.1,0,0,69.1,27.8,100,4.75,3.3,1.0,0,0,0,0,0,0,0,None
Ponda,Arecanut,2025-08-29,8,Flowering,26.2,99,5.8,0,2,61.8,14.9,99,5.14,5.9,0.0,0,0,0,0,0,0,0,None
Tiswadi,Coconut,2023-10-14,10,Inflorescence,27.4,78,34.5,0,6,62.3,35.8,86,4.86,2.3,0.8,0,0,0,0,0,0,0,None
Sanguem,Cashew,2023-08-14,8,Flowering,26.9,85,45.8,4,2,70.8,30.2,87,5.84,6.2,0.4,0,0,1,0,0,0,1,Low
Bardez,Cashew,2022-12-27,12,Fruit_Development,28.2,76,0.0,14,0,20.0,11.7,40,5.67,4.7,1.2,1,0,0,0,0,0,1,Low
Dharbandora,Rice (Paddy),2023-10-11,10,Tillering,25.2,97,43.0,0,9,68.9,20.5,85,5.49,7.9,10.0,0,0,1,1,0,0,1,Moderate
Mormugao,Rice (Paddy),2022-05-16,5,Flowering,37.4,49,0.0,12,0,19.9,9.8,10,5.98,0.0,0.4,1,0,0,0,1,0,1,Moderate
Quepem,Rice (Paddy),2021-04-27,4,Flowering,32.5,67,2.8,5,1,33.9,17.5,39,5.0,1.9,0.0,0,0,0,0,0,0,0,None
Mormugao,Banana,2022-01-21,1,Harvest,28.2,70,0.0,12,0,27.7,16.1,23,5.56,0.0,0.0,0,0,0,0,0,0,0,None
Dharbandora,Spices,2024-09-29,9,Flowering,28.9,93,3.6,0,1,54.9,20.5,99,5.17,4.9,0.0,1,0,0,0,0,0,1,Low
Mormugao,Spices,2022-08-07,8,Vegetative,26.1,87,7.8,2,14,51.2,21.2,69,5.26,5.8,10.0,0,0,0,1,0,0,1,Low
Quepem,Pineapple,2022-01-30,1,Fruit_Development,32.0,63,0.0,22,0,12.0,8.3,47,4.98,0.0,0.2,1,0,0,0,0,0,1,Low
Canacona,Cashew,2023-12-24,12,Harvest,29.8,62,0.0,3,0,34.9,17.6,29,5.16,0.3,0.0,0,0,0,0,0,0,0,None
Sanguem,Cashew,2025-10-07,10,Flowering,26.4,85,76.7,1,2,81.5,23.3,68,4.9,4.8,0.0,0,0,1,0,0,0,1,Low
Tiswadi,Mango,2022-12-22,12,Fruit_Setting,31.3,62,0.0,11,0,23.4,15.5,40,5.32,0.0,0.9,0,0,0,0,0,0,0,None
Ponda,Spices,2021-03-13,3,Harvest,34.3,58,0.0,12,0,24.8,12.9,16,5.66,0.0,1.4,1,0,0,0,0,0,1,Low
Quepem,Pineapple,2025-12-18,12,Vegetative,32.7,71,0.0,19,0,12.7,12.9,63,5.56,0.0,0.0,1,0,0,0,0,0,1,Low
Sanguem,Rice (Paddy),2021-10-01,10,Grain_Filling,25.2,93,42.8,0,2,70.4,8.7,79,5.48,7.5,0.0,0,0,1,0,0,0,1,Low
Tiswadi,Pineapple,2024-09-05,9,Harvest,24.8,87,15.7,1,1,50.5,17.8,76,5.17,5.1,0.0,0,0,1,0,0,0,1,Low
Ponda,Rice (Paddy),2021-12-04,12,Tillering,31.4,62,1.5,17,1,16.6,10.5,32,5.01,1.1,0.5,1,0,0,0,0,0,1,Low
Bicholim,Arecanut,2024-10-21,10,Flowering,29.8,94,42.6,0,3,75.6,32.1,92,4.97,6.7,5.9,0,0,0,0,0,0,0,None
Bardez,Mango,2025-02-27,2,Flowering,25.7,72,0.0,11,0,26.0,14.2,39,4.92,0.0,0.0,0,1,0,0,0,0,1,Low
Tiswadi,Rice (Paddy),2022-08-30,8,Flowering,25.0,88,78.4,2,1,83.3,47.4,68,5.13,5.3,1.4,0,0,0,0,0,0,0,None
Canacona,Cashew,2021-06-15,6,Flowering,27.4,78,10.7,0,1,57.8,26.0,87,4.97,1.6,0.0,0,0,0,0,0,0,0,None
Pernem,Mango,2025-04-17,4,Flowering,35.3,49,0.0,24,0,12.0,5.0,16,5.26,3.0,0.6,1,0,0,0,0,0,1,Low
Bardez,Coconut,2021-01-11,1,Maturity,30.8,63,0.0,11,0,21.2,10.1,36,5.18,0.0,0.1,0,0,1,0,0,0,1,Low
Canacona,Rice (Paddy),2024-08-17,8,Flowering,29.4,83,169.0,5,1,98.0,14.6,71,5.95,3.4,1.2,0,1,0,0,0,0,1,Low
Canacona,Coconut,2022-12-30,12,Vegetative,29.0,62,0.0,11,0,30.3,7.4,38,5.91,0.0,2.7,0,0,0,0,0,0,0,None
Dharbandora,Rice (Paddy),2023-03-12,3,Grain_Filling,38.0,68,0.3,20,1,12.0,9.8,26,5.27,0.0,0.6,1,0,0,0,1,0,1,Moderate
Sanguem,Mango,2021-04-12,4,Flowering,30.4,41,4.0,19,1,12.0,8.9,17,5.35,1.0,0.0,1,0,0,0,0,0,1,Low
Bicholim,Coconut,2024-12-19,12,Nut_Development,29.2,72,0.0,9,0,29.0,21.0,38,5.24,0.0,0.0,0,0,0,0,0,0,0,None
Ponda,Coconut,2024-11-16,11,Maturity,26.3,85,0.0,13,0,29.8,17.3,14,5.54,3.9,2.8,0,0,0,0,0,0,0,None
Sattari,Rice (Paddy),2023-02-18,2,Seedling,33.5,60,0.0,5,0,31.4,10.6,21,5.31,0.0,0.0,0,0,0,0,0,0,0,None
Ponda,Arecanut,2021-08-02,8,Flowering,26.9,93,82.0,0,3,91.8,19.6,75,4.93,5.4,4.3,0,0,0,0,0,0,0,None
Canacona,Rice (Paddy),2025-09-11,9,Flowering,26.1,85,46.8,0,0,77.7,23.8,75,4.48,4.8,0.9,0,0,0,0,0,1,1,Low
Bicholim,Cashew,2024-01-17,1,Dormant,29.6,77,0.0,14,0,16.1,11.9,10,5.75,0.9,0.4,1,0,0,0,0,0,1,Low
Dharbandora,Rice (Paddy),2025-04-26,4,Tillering,38.7,49,0.0,28,0,12.0,12.4,22,5.14,0.0,0.7,1,0,0,0,1,0,1,Moderate
Bardez,Banana,2022-02-05,2,Harvest,30.7,63,0.0,11,0,14.2,16.7,36,5.03,0.6,0.0,0,0,0,0,0,0,0,None
Salcete,Coconut,2022-08-11,8,Nut_Development,28.6,97,51.6,0,4,74.5,29.8,71,6.06,5.6,7.6,0,1,0,1,0,0,1,Moderate
Sattari,Rice (Paddy),2023-06-08,6,Grain_Filling,27.4,75,7.6,0,3,52.5,28.8,99,5.04,0.0,1.7,0,0,0,1,0,0,1,Low
Bardez,Cashew,2023-12-06,12,Harvest,30.3,84,0.0,15,0,21.2,11.6,65,5.52,1.4,0.0,1,0,0,0,0,0,1,Low
Tiswadi,Mango,2025-08-23,8,Fruit_Setting,28.1,88,12.5,1,12,53.5,21.8,98,5.15,2.9,8.9,1,0,0,1,0,0,1,Moderate
Salcete,Coconut,2025-01-26,1,Inflorescence,29.9,76,0.0,15,0,21.0,13.7,41,5.38,1.6,0.8,1,0,0,0,0,0,1,Low
Sanguem,Rice (Paddy),2022-08-15,8,Grain_Filling,23.6,87,11.3,1,4,56.5,29.2,91,5.09,1.7,3.1,0,0,0,0,0,0,0,None
Sattari,Cashew,2024-08-26,8,Fruit_Development,27.4,100,3.4,0,3,65.3,32.0,94,5.53,7.7,6.2,0,1,1,0,0,0,1,Moderate
Dharbandora,Spices,2024-01-15,1,Vegetative,27.9,54,0.0,5,0,29.7,20.1,56,5.79,0.0,0.0,1,0,0,0,0,0,1,Low
Quepem,Cashew,2021-04-02,4,Dormant,30.2,47,1.2,23,1,12.0,20.9,29,6.19,0.0,0.0,1,0,0,0,0,0,1,Low
Mormugao,Coconut,2025-08-11,8,Vegetative,26.6,85,1.2,0,2,49.2,20.2,93,5.47,4.0,1.9,0,0,0,0,0,0,0,None
Bardez,Cashew,2022-11-04,11,Fruit_Development,28.4,53,0.0,7,0,20.1,7.2,16,5.19,0.0,0.0,0,0,0,0,0,0,0,None
Sattari,Rice (Paddy),2022-12-15,12,Flowering,27.2,69,0.0,11,0,27.8,18.0,10,5.29,1.8,0.5,0,0,0,0,0,0,0,None
Pernem,Mango,2023-07-25,7,Vegetative,30.0,90,71.2,2,5,71.8,24.3,97,4.85,5.6,6.2,0,0,0,0,0,0,0,None
Mormugao,Coconut,2021-08-30,8,Inflorescence,28.9,85,57.1,0,14,76.5,33.6,93,5.57,4.6,9.4,0,0,0,1,0,0,1,Low
Salcete,Rice (Paddy),2021-01-02,1,Seedling,28.9,68,0.0,13,0,18.0,11.8,53,5.62,0.0,0.4,0,0,0,0,0,0,0,None
Quepem,Pineapple,2021-08-13,8,Inflorescence,25.8,83,5.3,0,7,48.7,28.7,96,5.89,4.1,4.3,0,1,0,0,0,0,1,Low
Sattari,Cashew,2023-03-12,3,Flowering,33.8,55,0.0,11,0,24.0,21.8,20,5.84,0.0,1.9,1,0,0,1,0,0,1,Moderate
Ponda,Pineapple,2025-11-04,11,Inflorescence,30.8,70,0.0,8,0,32.0,17.3,31,4.62,0.0,0.0,0,0,0,0,0,0,0,None
Mormugao,Coconut,2022-08-12,8,Vegetative,27.9,74,52.2,1,1,69.7,20.0,84,6.43,0.0,0.3,0,0,1,0,0,0,1,Low
Pernem,Mango,2021-04-26,4,Maturity,39.1,49,0.0,13,0,16.6,17.0,24,5.67,1.9,0.0,1,0,0,0,1,0,1,Moderate
Quepem,Mango,2025-08-17,8,Vegetative,29.4,86,56.5,1,2,73.3,33.6,88,4.46,1.8,0.0,0,0,0,0,0,0,0,None
Bicholim,Rice (Paddy),2023-07-07,7,Seedling,26.9,90,61.1,0,3,75.9,31.8,90,4.91,6.7,3.9,0,0,1,0,0,0,1,Low
Salcete,Coconut,2024-02-01,2,Vegetative,26.9,75,0.0,7,0,32.7,10.2,30,4.81,1.5,0.2,0,1,0,0,0,0,1,Low
Sanguem,Rice (Paddy),2021-07-13,7,Flowering,25.4,93,29.7,1,3,59.4,26.0,73,5.04,7.5,4.2,0,0,1,0,0,0,1,Low
Salcete,Cashew,2024-04-04,4,Flowering,35.9,49,0.0,9,0,12.0,18.5,29,4.73,1.0,0.4,1,0,0,0,0,1,1,Moderate
Salcete,Cashew,2023-05-21,5,Harvest,34.4,54,0.0,18,0,12.0,9.3,51,5.58,0.0,0.0,1,0,0,0,0,0,1,Low
Canacona,Rice (Paddy),2021-03-31,3,Grain_Filling,35.2,63,0.0,12,0,24.1,21.1,7,5.64,0.0,0.5,1,0,0,1,0,0,1,Moderate
Pernem,Mango,2025-09-06,9,Flowering,28.4,89,16.1,5,2,49.7,23.5,70,4.99,2.7,1.3,0,0,0,0,0,0,0,None
Mormugao,Coconut,2021-05-02,5,Vegetative,36.3,41,0.0,13,0,15.1,24.7,21,5.56,0.3,0.0,1,0,0,0,0,0,1,Low
Bicholim,Cashew,2021-05-23,5,Harvest,36.4,56,0.0,18,0,12.0,25.4,5,5.22,0.5,1.4,1,0,0,1,0,0,1,Moderate
Tiswadi,Spices,2023-09-21,9,Harvest,32.9,85,94.3,2,9,88.5,22.2,98,5.05,3.0,7.7,0,0,0,1,0,0,1,Low
Bardez,Cashew,2021-04-16,4,Harvest,33.6,50,2.9,22,1,12.0,19.3,35,5.2,0.7,0.2,1,1,0,0,0,0,1,Moderate
Sanguem,Rice (Paddy),2023-06-06,6,Grain_Filling,25.9,97,15.4,0,3,62.9,31.8,70,4.71,6.8,5.9,0,0,1,0,0,0,1,Low
Tiswadi,Coconut,2022-03-04,3,Nut_Development,32.1,52,0.0,22,0,12.0,11.8,29,5.23,0.0,0.0,1,0,0,0,0,0,1,Low
Bardez,Cashew,2024-08-21,8,Dormant,28.5,99,8.7,1,0,58.5,34.6,77,5.1,8.8,0.5,0,0,1,0,0,0,1,Low
Ponda,Mango,2021-11-13,11,Maturity,28.0,66,0.0,6,0,32.8,20.5,22,6.05,0.0,0.0,0,0,0,0,0,0,0,None
Quepem,Rice (Paddy),2022-09-27,9,Grain_Filling,27.0,94,3.1,2,5,50.0,25.4,94,4.78,6.5,5.8,0,0,1,0,0,0,1,Low
Sattari,Rice (Paddy),2021-01-09,1,Seedling,27.8,64,0.0,15,0,20.3,15.7,13,5.71,2.0,0.0,1,0,0,0,0,0,1,Low
Dharbandora,Rice (Paddy),2023-02-13,2,Flowering,32.1,64,0.0,14,0,12.0,15.0,32,5.7,0.0,0.0,1,0,0,0,0,0,1,Low
Canacona,Coconut,2024-01-02,1,Nut_Development,31.9,72,0.0,10,0,27.0,13.1,23,5.33,0.0,1.9,0,0,0,0,0,0,0,None
Sanguem,Banana,2024-10-14,10,Harvest,28.9,99,104.5,1,1,98.0,21.2,69,4.72,6.8,0.1,0,0,0,0,0,0,0,None
Canacona,Rice (Paddy),2021-08-11,8,Flowering,25.6,88,37.3,0,2,68.4,45.4,61,5.92,4.8,0.0,0,0,0,0,0,0,0,None
Sattari,Cashew,2024-12-10,12,Harvest,32.5,70,0.0,11,0,24.8,18.2,36,5.33,0.7,0.0,0,0,0,0,0,0,0,None
Mormugao,Rice (Paddy),2022-07-07,7,Grain_Filling,30.7,95,48.0,0,1,86.5,27.1,98,5.23,7.1,0.9,0,0,1,0,0,0,1,Low
Pernem,Cashew,2024-10-25,10,Harvest,30.7,100,40.8,1,0,68.1,15.0,58,4.64,7.0,0.0,0,0,1,0,0,0,1,Low
Sattari,Rice (Paddy),2022-12-17,12,Flowering,30.4,64,0.0,17,0,12.0,12.7,44,5.68,1.0,0.0,1,0,0,0,0,0,1,Low
Ponda,Arecanut,2024-07-11,7,Flowering,29.1,88,107.0,0,0,91.4,36.1,86,5.28,6.0,0.1,0,0,0,0,0,0,0,None
Tiswadi,Coconut,2025-09-10,9,Inflorescence,27.1,78,17.7,2,0,59.0,40.9,66,5.47,0.7,0.0,0,0,0,0,0,0,0,None
Ponda,Banana,2024-09-03,9,Shooting,26.1,77,7.6,5,5,33.9,24.2,85,5.92,0.2,0.5,0,0,0,0,0,0,0,None
Canacona,Arecanut,2024-01-13,1,Nut_Formation,28.9,76,0.0,12,0,18.5,14.9,29,4.97,0.4,0.9,0,0,0,0,0,0,0,None
Tiswadi,Coconut,2024-09-03,9,Nut_Development,32.1,76,6.8,1,5,48.6,10.4,87,5.61,1.7,0.6,0,0,0,0,0,0,0,None
Sattari,Rice (Paddy),2021-04-21,4,Flowering,33.1,53,0.0,30,0,12.0,16.9,21,5.26,0.7,0.0,1,0,0,0,0,0,1,Low
Salcete,Cashew,2021-09-08,9,Dormant,27.0,100,37.7,1,13,77.9,37.9,84,5.05,6.9,10.0,0,0,0,1,0,0,1,Low
Sanguem,Rice (Paddy),2022-01-18,1,Grain_Filling,29.7,61,0.0,9,0,27.1,10.1,60,5.48,0.0,0.0,0,0,0,0,0,0,0,None
Quepem,Rice (Paddy),2021-01-07,1,Flowering,27.6,71,0.0,14,0,20.1,26.8,29,5.5,0.0,0.0,1,0,0,0,0,0,1,Low
Bardez,Rice (Paddy),2022-04-04,4,Grain_Filling,33.1,55,0.0,29,0,12.0,18.4,17,5.14,0.8,0.0,1,1,0,0,0,0,1,Moderate
Bicholim,Rice (Paddy),2024-01-13,1,Seedling,28.7,74,0.0,12,0,29.8,11.8,35,6.22,0.0,1.0,0,0,0,0,0,0,0,None
Pernem,Cashew,2021-07-27,7,Harvest,27.3,78,21.4,1,5,60.0,30.3,80,5.69,5.4,1.4,0,0,0,0,0,0,0,None
Pernem,Coconut,2023-06-19,6,Nut_Development,26.4,100,12.4,0,6,65.9,23.9,100,5.35,7.5,9.2,0,0,1,1,0,0,1,Moderate
Tiswadi,Rice (Paddy),2024-11-14,11,Flowering,25.4,73,0.0,18,0,12.0,12.9,27,5.72,0.0,1.1,1,0,0,1,0,0,1,Moderate
Sanguem,Rice (Paddy),2024-08-30,8,Seedling,29.1,87,119.4,0,6,98.0,28.3,82,4.87,5.4,7.3,0,0,0,1,0,0,1,Low
Tiswadi,Rice (Paddy),2021-01-22,1,Grain_Filling,31.3,73,0.0,10,0,21.6,15.8,18,6.39,0.0,1.0,0,0,0,0,0,0,0,None
Tiswadi,Rice (Paddy),2022-02-14,2,Grain_Filling,28.3,56,0.0,9,0,24.9,14.6,24,5.51,0.0,0.4,0,0,0,0,0,0,0,None
Quepem,Mango,2023-06-14,6,Flowering,28.0,89,31.4,1,11,64.5,12.4,63,5.27,1.6,9.6,0,0,0,1,0,0,1,Low
Tiswadi,Rice (Paddy),2022-05-30,5,Grain_Filling,33.1,60,0.0,5,0,38.4,9.7,19,5.37,2.4,1.1,0,0,0,0,0,0,0,None
Quepem,Cashew,2024-02-25,2,Dormant,31.7,70,0.0,16,0,18.4,11.9,42,5.89,0.0,0.2,1,0,0,0,0,0,1,Low
Tiswadi,Spices,2023-03-20,3,Vegetative,35.2,56,0.0,26,0,12.0,18.1,12,5.85,0.0,0.3,1,0,0,0,0,0,1,Low
Bardez,Cashew,2025-09-20,9,Harvest,25.2,91,171.2,2,7,98.0,28.3,71,6.03,5.1,7.4,0,1,0,1,0,0,1,Moderate
Bardez,Coconut,2023-05-24,5,Nut_Development,32.2,52,0.0,29,0,12.0,22.8,8,5.34,2.6,0.0,1,0,0,0,0,0,1,Low
Quepem,Rice (Paddy),2021-01-14,1,Flowering,27.1,69,0.0,15,0,15.6,19.7,48,5.2,1.4,0.0,1,0,0,0,0,0,1,Low
Dharbandora,Arecanut,2023-08-29,8,Harvest,26.5,81,7.5,0,5,53.3,31.4,98,5.95,2.4,0.0,0,0,0,0,0,0,0,None
Quepem,Banana,2023-09-05,9,Harvest,24.9,98,10.4,1,8,60.7,26.6,90,5.63,6.8,8.0,0,0,0,1,0,0,1,Low
Sattari,Arecanut,2023-10-11,10,Flowering,26.5,98,13.0,1,8,56.2,27.8,97,5.03,4.7,10.0,0,0,0,1,0,0,1,Low
Pernem,Coconut,2023-11-02,11,Nut_Development,25.6,46,0.0,14,0,15.6,10.0,34,5.58,0.7,0.9,1,0,0,0,0,0,1,Low
Mormugao,Rice (Paddy),2021-03-28,3,Grain_Filling,36.8,40,0.0,21,0,12.0,18.2,39,4.71,0.0,0.7,1,0,0,0,1,0,1,Moderate
Pernem,Coconut,2025-03-28,3,Inflorescence,33.5,73,0.0,30,0,12.0,18.6,21,5.23,0.5,1.2,1,0,0,0,0,0,1,Low
Dharbandora,Spices,2023-06-28,6,Flowering,27.7,73,55.3,0,6,64.0,32.3,78,6.03,1.4,0.0,0,0,0,0,0,0,0,None
Dharbandora,Spices,2025-04-10,4,Vegetative,32.4,62,0.0,9,0,26.8,10.8,14,5.44,0.7,0.0,0,0,0,0,0,0,0,None
Tiswadi,Coconut,2024-08-17,8,Inflorescence,28.6,97,174.7,1,3,98.0,33.9,78,4.78,4.7,6.5,0,1,0,1,0,0,1,Moderate
Pernem,Mango,2024-06-20,6,Flowering,27.8,87,51.1,2,0,73.8,32.6,89,6.22,3.7,1.5,0,0,0,0,0,0,0,None
Pernem,Coconut,2021-05-02,5,Inflorescence,33.4,45,0.0,5,0,29.4,17.3,20,4.79,0.0,0.0,0,0,0,0,0,0,0,None
Sattari,Rice (Paddy),2024-03-16,3,Tillering,34.5,69,4.4,16,1,13.3,13.3,7,5.67,0.4,0.7,1,0,0,0,0,0,1,Low
Bardez,Cashew,2025-05-10,5,Harvest,32.8,43,0.0,30,0,12.0,22.2,43,5.61,0.5,0.0,1,0,0,0,0,0,1,Low
Quepem,Rice (Paddy),2023-01-20,1,Flowering,26.7,72,0.0,14,0,22.4,16.5,22,4.4,0.0,0.0,1,0,0,0,0,1,1,Moderate
Bardez,Mango,2024-10-11,10,Vegetative,28.4,95,53.4,2,3,69.8,28.2,85,5.56,6.5,6.7,0,0,0,1,0,0,1,Low
Bicholim,Rice (Paddy),2022-11-16,11,Seedling,27.5,70,0.0,9,0,24.3,9.6,58,6.24,0.0,0.0,0,0,0,0,0,0,0,None
Sanguem,Cashew,2025-10-23,10,Flowering,24.7,79,75.2,1,9,81.1,39.3,96,5.41,0.9,0.1,0,0,0,0,0,0,0,None
Salcete,Coconut,2025-07-13,7,Vegetative,27.0,87,107.3,0,5,95.7,38.0,100,5.79,3.1,5.9,0,0,0,0,0,0,0,None
Mormugao,Rice (Paddy),2021-11-05,11,Tillering,27.1,60,0.0,6,0,26.5,9.2,53,4.95,0.0,0.3,0,0,0,0,0,0,0,None
Quepem,Pineapple,2022-11-26,11,Vegetative,30.3,60,0.0,11,0,14.9,7.3,33,5.34,1.7,1.5,0,0,1,0,0,0,1,Low
Sanguem,Cashew,2021-10-15,10,Dormant,25.3,84,20.0,0,1,61.0,52.9,93,5.5,3.6,0.9,0,0,0,0,0,0,0,None
Bardez,Coconut,2021-11-03,11,Vegetative,28.6,68,0.0,7,0,32.5,17.4,51,5.77,0.0,0.0,0,0,0,0,0,0,0,None
Canacona,Cashew,2025-06-06,6,Fruit_Development,27.1,78,8.6,0,1,45.5,22.7,85,5.15,2.8,0.0,0,0,0,1,0,0,1,Low
Bardez,Coconut,2023-07-03,7,Vegetative,28.4,88,12.9,0,1,56.5,19.2,64,5.97,4.2,0.0,0,0,0,0,0,0,0,None
Canacona,Rice (Paddy),2025-10-13,10,Seedling,23.3,83,38.6,1,1,62.3,25.3,82,4.92,0.0,0.5,0,0,0,0,0,0,0,None
Dharbandora,Spices,2022-10-24,10,Pod_Development,24.1,79,7.1,0,8,49.5,20.1,48,5.24,0.0,0.0,0,0,0,0,0,0,0,None
Sanguem,Cashew,2022-07-03,7,Flowering,28.0,93,13.8,2,0,57.8,29.8,94,5.71,7.3,1.0,0,0,1,0,0,0,1,Low
Salcete,Coconut,2024-10-07,10,Maturity,28.1,88,84.8,0,4,91.8,18.7,91,5.04,5.1,4.6,0,0,0,0,0,0,0,None
Salcete,Rice (Paddy),2021-11-08,11,Seedling,32.2,62,0.0,14,0,12.2,16.0,30,5.15,0.0,0.5,1,0,0,0,0,0,1,Low
Bicholim,Rice (Paddy),2023-05-23,5,Tillering,33.7,72,0.0,26,0,12.0,17.6,30,5.81,0.0,0.0,1,0,0,0,0,0,1,Low
Quepem,Rice (Paddy),2023-12-19,12,Seedling,28.1,72,0.0,13,0,18.5,13.5,32,5.3,0.0,1.1,0,0,0,0,0,0,0,None
Bicholim,Rice (Paddy),2025-07-25,7,Tillering,24.1,85,69.3,2,1,69.4,25.1,81,5.19,5.9,0.0,0,1,1,0,0,0,1,Moderate
Pernem,Coconut,2023-07-13,7,Maturity,24.9,83,100.7,3,3,88.9,12.6,60,5.76,3.3,1.5,0,0,0,0,0,0,0,None
Tiswadi,Coconut,2025-10-04,10,Maturity,26.5,91,2.4,0,2,54.7,31.4,100,4.63,3.6,0.3,0,0,0,0,0,0,0,None
Tiswadi,Rice (Paddy),2023-01-25,1,Seedling,26.5,72,0.0,12,0,19.8,7.7,10,4.81,0.1,0.2,0,0,0,0,0,0,0,None
Mormugao,Rice (Paddy),2021-02-04,2,Seedling,27.4,61,0.0,4,0,33.3,8.1,53,5.33,0.0,0.0,0,0,0,0,0,0,0,None
Bardez,Mango,2022-03-21,3,Fruit_Setting,33.6,64,0.0,15,0,23.7,15.7,36,5.07,0.0,0.0,1,0,0,0,0,0,1,Low
Salcete,Coconut,2021-04-03,4,Maturity,31.5,59,0.0,20,0,12.0,14.7,5,5.33,0.3,0.0,1,0,0,0,0,0,1,Low
Sanguem,Mango,2024-05-15,5,Flowering,36.0,63,0.0,17,0,16.8,15.5,13,4.86,0.0,1.5,1,0,0,0,0,0,1,Low
Bicholim,Rice (Paddy),2021-12-19,12,Seedling,25.7,82,0.0,15,0,27.3,12.3,62,6.09,3.2,1.2,0,0,0,0,0,0,0,None
Ponda,Spices,2023-06-22,6,Harvest,28.8,89,42.2,0,1,65.3,21.9,52,5.65,5.0,0.5,0,0,0,0,0,0,0,None
Sanguem,Rice (Paddy),2024-09-17,9,Grain_Filling,29.1,84,50.9,6,6,66.4,25.2,82,5.52,3.7,4.5,0,0,0,0,0,0,0,None
Salcete,Cashew,2023-05-12,5,Harvest,30.9,41,0.0,10,0,16.1,25.2,20,4.59,0.0,1.4,0,1,0,0,0,0,1,Low
Sanguem,Cashew,2025-10-15,10,Harvest,25.3,96,44.9,2,10,66.2,35.7,88,5.38,6.8,9.4,0,0,0,1,0,0,1,Low
Salcete,Mango,2021-06-08,6,Fruit_Setting,26.3,91,7.7,1,2,53.7,41.0,77,5.18,5.4,1.9,0,0,0,0,0,0,0,None
Canacona,Cashew,2023-08-15,8,Fruit_Development,30.0,69,5.6,2,2,41.1,17.3,100,4.94,1.4,0.2,0,0,0,0,0,0,0,None
Tiswadi,Rice (Paddy),2021-01-24,1,Tillering,30.2,69,0.0,7,0,31.7,15.9,11,4.93,0.5,0.0,0,0,0,0,0,0,0,None
Sattari,Arecanut,2022-02-08,2,Flowering,29.8,60,0.0,4,0,37.3,14.6,33,5.28,0.0,0.9,0,0,0,0,0,0,0,None
Sattari,Arecanut,2023-03-16,3,Harvest,35.2,51,1.6,19,1,12.0,16.0,5,6.15,0.3,1.6,1,0,0,0,0,0,1,Low
Mormugao,Rice (Paddy),2022-05-31,5,Flowering,32.5,50,0.0,9,0,17.6,6.4,30,6.24,3.8,0.0,0,0,0,0,0,0,0,None
Ponda,Rice (Paddy),2023-01-02,1,Tillering,28.8,63,0.0,15,0,12.0,21.1,23,5.95,2.0,0.2,1,0,0,0,0,0,1,Low
Quepem,Cashew,2024-10-19,10,Flowering,26.9,85,18.2,0,2,61.2,25.0,89,4.99,3.3,0.2,0,0,0,0,0,0,0,None
Ponda,Rice (Paddy),2024-11-06,11,Tillering,32.1,70,0.0,13,0,13.1,17.8,57,5.84,0.0,0.1,0,0,0,0,0,0,0,None
Mormugao,Cashew,2022-06-16,6,Harvest,29.8,93,7.5,4,2,44.4,33.4,96,5.41,5.2,0.0,0,0,0,0,0,0,0,None
Pernem,Mango,2023-08-14,8,Maturity,27.6,99,44.8,0,7,76.2,35.2,100,6.08,9.4,9.8,0,0,1,1,0,0,1,Moderate
Salcete,Cashew,2021-06-01,6,Dormant,27.3,79,2.7,1,1,46.8,35.6,80,5.78,2.6,0.8,0,0,0,0,0,0,0,None
Ponda,Spices,2025-05-05,5,Vegetative,36.2,67,0.0,14,0,21.7,10.8,24,4.94,0.0,0.9,1,0,0,0,0,0,1,Low
Quepem,Cashew,2025-09-09,9,Harvest,26.5,83,19.9,1,9,57.3,28.8,78,6.11,6.5,6.8,0,0,0,0,0,0,0,None
Sanguem,Banana,2023-08-05,8,Finger_Filling,28.6,85,83.0,1,1,87.9,36.3,94,5.88,2.8,0.0,0,0,0,0,0,0,0,None
Tiswadi,Spices,2022-08-31,8,Pod_Development,24.3,92,49.9,0,8,82.8,8.0,82,5.11,5.6,9.3,0,0,0,1,0,0,1,Low
Ponda,Arecanut,2025-06-29,6,Flowering,30.3,88,9.6,2,4,47.9,18.2,58,5.87,3.2,6.0,0,0,0,0,0,0,0,None
Pernem,Coconut,2022-02-24,2,Nut_Development,29.8,60,0.0,2,0,37.4,16.2,27,5.08,0.6,0.0,0,0,0,0,0,0,0,None
Bardez,Cashew,2024-06-27,6,Dormant,24.8,81,8.3,3,8,43.2,20.5,100,5.4,3.0,0.6,0,0,0,0,0,0,0,None
Ponda,Rice (Paddy),2024-02-15,2,Grain_Filling,29.6,71,0.0,2,0,42.1,6.8,10,5.74,0.6,0.0,0,0,0,0,0,0,0,None
Bicholim,Cashew,2023-05-16,5,Dormant,36.8,54,0.0,15,0,19.5,17.3,8,5.82,0.0,0.8,1,0,0,0,1,0,1,Moderate
Sattari,Cashew,2025-03-16,3,Fruit_Development,34.3,44,0.0,21,0,12.0,21.4,40,5.08,0.6,0.0,1,0,0,0,0,0,1,Low
Sanguem,Cashew,2025-10-30,10,Harvest,31.1,94,0.3,3,5,41.9,18.6,82,5.85,8.1,7.5,0,0,1,1,0,0,1,Moderate
Mormugao,Pineapple,2022-08-01,8,Vegetative,26.0,83,1.8,2,3,42.8,13.4,85,5.24,3.1,3.9,0,0,0,0,0,0,0,None
Salcete,Rice (Paddy),2021-12-01,12,Tillering,26.0,57,0.0,13,0,13.8,17.4,46,4.84,0.0,0.0,0,0,0,0,0,0,0,None
Sattari,Arecanut,2024-12-12,12,Nut_Formation,27.5,85,0.0,13,0,32.2,14.1,26,5.92,4.6,0.9,0,0,0,0,0,0,0,None
Quepem,Rice (Paddy),2023-07-21,7,Grain_Filling,27.4,75,42.3,0,3,64.4,32.8,64,5.95,2.6,0.0,0,0,0,0,0,0,0,None
Mormugao,Rice (Paddy),2025-12-03,12,Grain_Filling,30.5,69,0.0,13,0,18.4,15.1,48,5.24,0.0,0.0,0,0,0,0,0,0,0,None
Mormugao,Rice (Paddy),2021-10-22,10,Grain_Filling,26.0,83,21.2,0,0,51.1,25.2,92,5.26,4.1,0.7,0,0,0,0,0,0,0,None
Quepem,Cashew,2023-01-25,1,Harvest,32.7,68,0.0,14,0,21.4,12.6,14,4.83,0.0,0.0,1,0,0,0,0,0,1,Low
Bicholim,Spices,2024-10-26,10,Vegetative,26.5,85,8.1,0,1,49.2,25.0,100,4.82,2.2,0.4,0,0,0,0,0,0,0,None
Sanguem,Rice (Paddy),2021-07-05,7,Seedling,25.6,78,0.2,1,2,41.5,14.0,79,4.59,3.1,0.7,0,0,1,0,0,0,1,Low
Bardez,Cashew,2024-06-23,6,Harvest,24.6,84,4.3,0,4,49.9,25.9,86,4.81,6.3,4.0,0,0,0,0,0,0,0,None
Dharbandora,Coconut,2022-09-29,9,Vegetative,26.2,94,51.2,0,18,72.5,16.6,83,5.54,6.5,10.0,0,0,0,1,0,0,1,Low
Mormugao,Rice (Paddy),2024-07-15,7,Tillering,26.1,88,71.2,1,5,77.6,30.4,98,4.66,5.6,5.1,0,1,0,0,0,1,1,Moderate
Sattari,Rice (Paddy),2025-07-25,7,Flowering,30.1,98,28.1,1,2,63.1,29.7,67,4.78,7.3,0.5,0,0,1,0,0,1,1,Moderate
Dharbandora,Spices,2024-06-14,6,Vegetative,27.6,79,40.2,0,1,65.0,29.7,100,5.51,3.9,0.0,0,0,0,0,0,0,0,None
Ponda,Arecanut,2022-06-14,6,Harvest,27.7,92,32.8,2,0,67.9,36.0,71,5.12,5.0,0.0,0,0,0,0,0,0,0,None
Quepem,Banana,2025-04-25,4,Harvest,32.2,61,0.0,9,0,17.8,17.8,47,5.61,0.0,1.1,0,0,0,0,0,0,0,None
Dharbandora,Spices,2021-01-21,1,Vegetative,29.5,71,0.0,15,0,21.7,5.5,49,5.41,1.0,0.0,1,0,0,0,0,0,1,Low
Mormugao,Rice (Paddy),2023-06-30,6,Seedling,31.1,93,7.1,0,4,55.8,8.0,88,5.46,7.3,4.1,0,0,1,0,0,0,1,Low
Sattari,Mango,2025-10-27,10,Vegetative,29.5,86,38.6,2,12,61.5,30.1,77,5.61,1.9,8.6,0,0,1,1,0,0,1,Moderate
Salcete,Spices,2023-05-17,5,Vegetative,35.7,57,0.0,20,0,12.0,15.6,38,5.4,0.0,1.4,1,0,0,0,0,0,1,Low
Bardez,Coconut,2023-03-05,3,Nut_Development,29.1,51,0.0,20,0,12.0,22.2,17,6.37,0.9,0.0,1,0,0,1,0,0,1,Moderate
Dharbandora,Rice (Paddy),2025-03-24,3,Tillering,32.3,65,0.0,7,0,31.6,23.7,22,5.24,0.0,0.5,0,0,0,0,0,0,0,None
Bardez,Arecanut,2021-04-10,4,Flowering,35.1,51,0.0,20,0,12.0,14.1,51,5.93,0.5,0.0,1,0,0,0,0,0,1,Low
Pernem,Cashew,2023-01-22,1,Flowering,30.2,74,0.0,2,0,47.5,12.8,22,5.94,1.5,1.0,1,0,0,0,0,0,1,Low
Pernem,Coconut,2022-04-23,4,Vegetative,35.9,58,0.0,22,0,12.0,8.2,17,5.88,0.0,0.5,1,1,0,0,0,0,1,Moderate
Dharbandora,Rice (Paddy),2025-06-11,6,Seedling,26.3,95,51.3,6,5,62.6,18.5,71,5.35,5.6,7.7,0,0,0,1,0,0,1,Low
Bardez,Cashew,2024-08-14,8,Fruit_Development,27.1,82,72.6,1,10,81.2,27.6,72,5.27,4.3,7.3,0,0,0,0,0,0,0,None
Bardez,Coconut,2023-07-29,7,Maturity,26.3,84,19.5,2,0,54.3,27.5,69,5.89,4.4,0.0,0,0,0,0,0,0,0,None
Sattari,Mango,2022-06-10,6,Vegetative,29.4,100,106.4,0,2,98.0,22.9,96,4.97,6.7,0.0,0,0,0,0,0,0,0,None
Tiswadi,Rice (Paddy),2021-11-30,11,Flowering,25.6,66,0.0,6,0,28.7,16.5,10,5.43,0.0,2.2,0,0,0,0,0,0,0,None
Bardez,Mango,2021-01-02,1,Maturity,27.8,68,0.0,9,0,38.2,14.0,54,5.27,3.6,0.4,0,0,0,0,0,0,0,None
Quepem,Pineapple,2022-01-10,1,Inflorescence,30.9,65,0.0,17,0,12.0,15.6,33,5.4,0.5,0.0,1,0,0,0,0,0,1,Low
Salcete,Coconut,2021-10-20,10,Vegetative,27.4,83,20.5,0,0,56.7,24.7,72,5.31,3.7,0.0,0,0,0,0,0,0,0,None
Sanguem,Cashew,2023-04-17,4,Flowering,32.0,66,0.0,14,0,12.0,19.2,27,5.32,0.9,1.7,1,0,0,0,0,0,1,Low
Sattari,Arecanut,2023-10-02,10,Harvest,27.6,79,23.9,2,10,54.8,28.9,94,5.17,1.7,0.7,0,0,0,0,0,0,0,None
Pernem,Spices,2022-07-07,7,Vegetative,21.3,88,40.9,0,1,67.9,28.6,61,6.37,0.0,2.2,0,0,0,0,0,0,0,None
Salcete,Cashew,2021-11-14,11,Flowering,32.0,63,0.0,6,0,32.5,22.9,43,5.32,0.0,0.0,0,0,0,0,0,0,0,None
Mormugao,Rice (Paddy),2025-03-06,3,Grain_Filling,31.6,60,0.0,30,0,12.0,16.3,28,5.7,0.0,0.3,1,0,1,0,0,0,1,Moderate
Ponda,Cashew,2022-01-16,1,Dormant,30.9,64,0.0,20,0,12.0,22.7,36,5.84,0.0,0.0,1,0,0,0,0,0,1,Low
Quepem,Rice (Paddy),2025-07-05,7,Flowering,23.2,87,74.2,0,0,85.1,8.0,91,5.95,0.0,0.2,0,0,0,0,0,0,0,None
Sattari,Mango,2021-01-14,1,Maturity,30.6,79,0.0,21,0,12.0,18.7,27,5.34,2.6,0.0,1,0,0,0,0,0,1,Low
Dharbandora,Spices,2022-05-19,5,Harvest,34.9,58,0.0,24,0,12.0,17.2,22,4.52,0.0,0.0,1,0,0,0,0,0,1,Low
Salcete,Cashew,2021-08-19,8,Harvest,30.7,98,47.2,0,0,78.2,29.1,100,5.09,5.6,0.5,0,0,0,0,0,0,0,None
Pernem,Mango,2024-01-13,1,Fruit_Setting,31.5,68,0.0,4,0,42.9,11.6,34,5.0,0.3,0.0,0,0,0,0,0,0,0,None
Ponda,Arecanut,2021-05-10,5,Vegetative,38.1,52,1.3,18,1,12.0,9.0,40,4.83,0.0,0.0,1,0,0,0,1,0,1,Moderate
Salcete,Banana,2025-11-02,11,Finger_Filling,28.9,71,0.0,15,0,20.2,12.5,55,4.28,1.4,0.0,1,0,0,0,0,0,1,Low
Tiswadi,Rice (Paddy),2023-04-18,4,Flowering,38.4,70,0.0,12,0,22.4,21.7,29,6.09,0.0,0.0,1,0,0,0,1,0,1,Moderate
Dharbandora,Spices,2024-03-14,3,Harvest,31.2,63,0.0,14,0,21.3,15.9,25,4.58,0.0,0.0,1,0,0,0,0,0,1,Low
Sattari,Arecanut,2023-06-10,6,Flowering,25.7,86,80.1,1,16,86.0,35.7,90,5.11,4.6,10.0,0,0,0,1,0,0,1,Low
Bicholim,Rice (Paddy),2021-01-28,1,Grain_Filling,29.9,59,0.0,14,0,16.5,19.6,20,4.27,0.0,0.0,1,0,0,1,0,0,1,Moderate
Bardez,Mango,2021-03-07,3,Maturity,30.2,44,0.0,18,0,12.0,12.4,32,5.69,2.0,0.0,1,0,0,0,0,0,1,Low
Salcete,Cashew,2024-04-01,4,Dormant,33.3,42,0.0,14,0,12.0,15.9,23,5.48,0.0,0.7,1,0,0,0,0,0,1,Low
Bardez,Cashew,2024-06-06,6,Harvest,28.6,80,4.7,1,9,53.4,31.6,83,5.46,3.2,0.6,0,0,0,0,0,0,0,None
Mormugao,Rice (Paddy),2021-09-18,9,Flowering,26.8,98,17.6,0,1,66.9,30.6,81,5.67,8.8,0.0,0,1,1,0,0,0,1,Moderate
Tiswadi,Rice (Paddy),2025-01-12,1,Flowering,30.3,64,0.0,12,0,15.6,12.5,44,5.65,0.0,0.0,0,0,0,0,0,0,0,None
Tiswadi,Rice (Paddy),2024-12-18,12,Tillering,26.0,66,0.0,15,0,19.5,12.3,42,5.21,0.0,0.0,1,0,0,0,0,0,1,Low
Sattari,Arecanut,2022-04-05,4,Flowering,37.5,55,0.0,12,0,12.0,18.5,30,6.08,0.0,0.0,1,0,0,0,1,0,1,Moderate
Salcete,Cashew,2025-08-27,8,Flowering,21.8,94,67.8,0,6,85.1,24.2,72,5.12,0.0,7.4,0,0,0,1,0,0,1,Low
Quepem,Pineapple,2021-10-28,10,Harvest,27.8,89,87.2,1,3,91.5,25.1,96,4.82,4.7,4.3,0,0,0,0,0,0,0,None
Canacona,Coconut,2023-07-08,7,Maturity,27.4,83,33.2,0,0,61.0,17.0,83,6.07,2.8,1.6,0,1,0,0,0,0,1,Low
Pernem,Mango,2024-08-19,8,Flowering,27.6,87,91.2,0,2,85.3,25.6,88,5.54,4.2,0.2,0,0,0,0,0,0,0,None
Canacona,Rice (Paddy),2021-10-14,10,Tillering,29.1,85,37.8,0,0,63.4,24.6,76,5.68,5.1,1.0,0,0,0,0,0,0,0,None
Salcete,Cashew,2024-11-19,11,Fruit_Development,26.2,71,0.0,17,0,14.4,11.8,21,4.84,0.7,1.4,1,0,0,0,0,0,1,Low
Canacona,Coconut,2023-10-31,10,Nut_Development,29.2,88,77.7,0,2,86.8,32.9,79,5.57,5.0,0.0,0,0,0,0,0,0,0,None
Salcete,Coconut,2025-09-27,9,Vegetative,30.6,83,4.2,2,4,46.9,27.6,77,6.48,0.9,3.4,1,0,0,0,0,0,1,Low
Ponda,Rice (Paddy),2022-09-22,9,Seedling,32.7,87,33.9,3,7,53.0,20.4,86,4.91,4.9,7.2,0,0,0,1,0,0,1,Low
Salcete,Rice (Paddy),2021-09-27,9,Tillering,27.1,85,25.2,1,6,62.1,17.4,91,5.52,3.6,5.2,0,0,0,0,0,0,0,None
Quepem,Cashew,2022-08-15,8,Fruit_Development,29.8,86,94.3,1,20,91.6,22.7,100,6.33,6.3,10.0,0,0,0,1,0,0,1,Low
Sattari,Rice (Paddy),2025-06-17,6,Grain_Filling,25.1,86,7.1,0,2,53.0,32.2,91,5.03,4.0,0.0,1,1,0,1,0,0,1,High
Ponda,Spices,2025-12-07,12,Vegetative,26.3,80,0.0,18,0,21.3,16.2,18,6.03,0.5,1.0,1,0,0,0,0,0,1,Low
Sattari,Spices,2023-04-24,4,Vegetative,36.5,60,0.0,19,0,12.0,25.3,11,5.36,0.0,0.2,1,0,0,0,0,0,1,Low
Sanguem,Cashew,2023-05-12,5,Dormant,34.2,69,0.0,22,0,12.0,14.8,40,5.48,0.6,0.0,1,0,0,0,0,0,1,Low
Ponda,Coconut,2024-10-16,10,Maturity,27.4,85,22.0,1,11,62.3,37.6,84,5.52,4.5,8.0,0,0,0,1,0,0,1,Low
Ponda,Spices,2024-07-04,7,Pod_Development,27.3,85,42.7,1,11,68.4,43.3,80,5.66,2.8,7.8,0,0,0,1,0,0,1,Low
Mormugao,Coconut,2021-05-13,5,Nut_Development,36.0,57,1.8,19,1,15.3,14.4,36,5.48,1.5,0.0,1,0,0,0,0,0,1,Low
Mormugao,Rice (Paddy),2024-07-23,7,Seedling,27.6,88,51.0,1,1,70.1,33.7,79,5.64,5.9,0.0,0,0,0,0,0,0,0,None
Sattari,Spices,2025-12-05,12,Pod_Development,27.0,74,0.0,12,0,17.3,17.8,41,5.83,0.9,1.5,0,0,1,0,0,0,1,Low
Sattari,Mango,2025-09-03,9,Fruit_Setting,26.8,90,2.5,0,4,48.9,30.7,96,4.87,5.5,6.6,0,0,0,1,0,0,1,Low
Mormugao,Rice (Paddy),2023-08-30,8,Flowering,27.9,90,24.7,0,20,56.2,22.8,84,4.69,6.8,10.0,0,0,1,1,0,1,1,High
Tiswadi,Spices,2022-05-28,5,Pod_Development,32.6,56,0.0,16,0,12.0,13.8,24,5.85,0.0,0.0,1,0,0,0,0,0,1,Low
Bardez,Cashew,2021-11-09,11,Fruit_Development,27.6,71,0.0,8,0,27.8,12.4,13,5.3,2.3,0.0,0,0,0,0,0,0,0,None
Dharbandora,Arecanut,2022-07-30,7,Vegetative,23.7,85,111.4,0,3,98.0,43.8,100,5.27,0.7,4.5,0,0,0,0,0,0,0,None
Bardez,Mango,2023-06-05,6,Maturity,26.1,90,20.7,7,12,50.6,20.3,74,5.68,7.0,10.0,0,0,1,1,0,0,1,Moderate
Mormugao,Rice (Paddy),2024-07-31,7,Grain_Filling,26.7,82,4.8,0,0,42.3,29.0,66,5.15,3.0,0.0,0,0,0,0,0,0,0,None
Quepem,Mango,2024-02-19,2,Flowering,28.0,76,0.0,10,0,29.7,14.1,29,5.69,0.6,0.0,0,0,0,0,0,0,0,None
Bardez,Cashew,2024-02-05,2,Dormant,25.9,64,0.0,2,0,41.5,11.8,10,4.71,0.7,0.0,0,0,0,0,0,0,0,None
Quepem,Cashew,2022-11-18,11,Harvest,24.9,68,0.0,11,0,29.3,10.7,33,5.84,0.3,0.0,0,0,0,0,0,0,0,None
Bicholim,Cashew,2024-05-12,5,Harvest,34.5,45,0.0,13,0,12.0,18.6,23,5.78,0.1,0.0,1,0,0,0,0,0,1,Low
Bicholim,Rice (Paddy),2021-06-14,6,Grain_Filling,29.9,88,33.8,1,5,61.8,27.4,100,4.96,6.5,5.8,0,0,1,0,0,0,1,Low
Ponda,Rice (Paddy),2021-11-01,11,Flowering,30.4,60,0.0,17,0,16.9,19.7,25,5.1,0.0,0.0,1,0,0,0,0,0,1,Low
Bardez,Cashew,2025-03-01,3,Fruit_Development,35.9,54,0.0,28,0,12.0,17.5,18,4.98,0.2,1.9,1,0,0,0,0,0,1,Low
Sattari,Arecanut,2025-07-14,7,Vegetative,26.8,78,18.6,0,20,54.0,16.5,75,5.59,3.1,0.0,0,0,0,0,0,0,0,None
Pernem,Arecanut,2025-04-29,4,Harvest,37.0,64,0.0,24,0,12.0,17.5,7,5.61,0.0,0.0,1,0,0,0,0,0,1,Low
Bicholim,Rice (Paddy),2021-06-05,6,Flowering,30.3,84,76.0,3,0,78.2,39.3,85,4.74,4.0,1.2,0,0,0,0,0,1,1,Low
Canacona,Cashew,2024-10-22,10,Harvest,27.9,79,6.5,0,2,55.6,13.7,85,5.87,5.3,2.7,0,0,0,0,0,0,0,None
Canacona,Rice (Paddy),2025-10-09,10,Flowering,27.0,79,106.2,2,7,90.2,24.3,91,5.35,1.5,1.4,0,0,0,0,0,0,0,None
Mormugao,Coconut,2022-09-12,9,Maturity,29.4,94,48.5,2,10,69.5,19.0,84,4.96,7.0,10.0,0,0,1,1,0,0,1,Moderate
Sanguem,Rice (Paddy),2024-06-28,6,Seedling,26.8,77,87.1,0,1,86.1,34.6,100,5.31,0.6,0.0,0,0,0,0,0,0,0,None
Tiswadi,Coconut,2023-08-15,8,Nut_Development,28.9,90,44.2,1,20,64.8,30.6,98,5.68,6.0,10.0,0,0,1,1,0,0,1,Moderate
Canacona,Mango,2021-11-30,11,Flowering,33.8,68,0.7,17,1,14.6,17.7,42,5.79,1.7,0.6,1,0,0,0,0,0,1,Low
Salcete,Cashew,2025-07-24,7,Harvest,26.4,90,99.0,0,5,98.0,36.2,76,5.3,6.7,6.3,0,0,0,0,0,0,0,None
Sanguem,Cashew,2023-08-27,8,Harvest,24.3,93,156.2,0,5,98.0,23.3,86,5.34,5.8,7.9,0,1,0,1,0,0,1,Moderate
Bicholim,Cashew,2022-05-26,5,Flowering,33.2,46,0.0,19,0,12.0,19.8,42,5.3,2.4,0.0,1,0,0,0,0,0,1,Low
Pernem,Arecanut,2024-08-09,8,Vegetative,31.4,73,6.1,0,3,38.1,35.0,80,5.29,0.0,0.7,0,0,0,0,0,0,0,None
Dharbandora,Arecanut,2023-11-10,11,Nut_Formation,27.9,71,0.0,25,0,12.0,12.6,35,5.68,0.0,0.0,1,0,1,0,0,0,1,Moderate
Ponda,Spices,2021-10-09,10,Flowering,25.7,78,35.7,0,11,65.4,27.7,74,5.82,0.5,0.0,0,0,0,0,0,0,0,None
Sattari,Cashew,2023-03-08,3,Harvest,38.3,59,0.0,22,0,12.0,21.8,18,5.35,0.2,1.6,1,0,0,0,1,0,1,Moderate
Bicholim,Rice (Paddy),2023-10-22,10,Flowering,25.6,87,14.8,0,7,54.4,8.0,84,5.69,5.5,7.1,0,0,0,1,0,0,1,Low
Bicholim,Banana,2021-04-29,4,Finger_Filling,38.7,64,0.0,20,0,12.0,8.3,7,5.43,0.7,0.0,1,0,0,0,1,0,1,Moderate
Canacona,Pineapple,2023-11-25,11,Fruit_Development,32.4,78,0.0,11,0,26.4,5.0,34,5.43,1.3,0.0,0,0,0,0,0,0,0,None
Pernem,Coconut,2021-07-17,7,Vegetative,31.6,93,11.2,0,5,63.0,12.8,84,5.59,4.8,6.6,0,0,0,1,0,0,1,Low
Salcete,Cashew,2022-04-30,4,Fruit_Development,34.6,52,0.0,23,0,12.0,13.4,11,4.92,0.0,0.0,1,0,0,0,0,0,1,Low
Quepem,Cashew,2025-11-16,11,Flowering,30.4,78,0.0,9,0,38.5,16.4,26,5.46,3.9,0.0,0,0,0,0,0,0,0,None
Sattari,Rice (Paddy),2023-12-19,12,Tillering,29.3,71,0.0,15,0,17.0,17.5,17,5.22,0.0,0.0,1,0,0,0,0,0,1,Low
Ponda,Arecanut,2023-04-17,4,Vegetative,32.9,56,0.0,11,0,24.5,15.1,25,4.82,0.1,0.0,0,0,0,0,0,0,0,None
Sattari,Cashew,2024-03-30,3,Dormant,35.2,48,1.1,23,1,12.0,21.3,40,5.43,0.8,0.0,1,0,0,0,0,0,1,Low
Sattari,Mango,2023-10-06,10,Maturity,29.3,89,16.0,0,3,58.8,27.2,88,5.19,5.3,6.3,0,0,0,0,0,0,0,None
Bardez,Cashew,2022-11-22,11,Fruit_Development,26.3,76,0.0,8,0,30.9,18.1,48,5.29,3.4,0.0,0,0,1,0,0,0,1,Low
Salcete,Spices,2024-05-14,5,Vegetative,30.0,53,0.0,22,0,12.0,18.1,41,4.92,0.0,1.1,1,0,0,0,0,0,1,Low
Quepem,Rice (Paddy),2023-11-02,11,Flowering,26.0,65,6.0,16,1,25.2,18.4,40,5.04,1.1,0.7,0,0,0,0,0,0,0,None
Mormugao,Coconut,2022-05-05,5,Maturity,35.1,61,0.0,21,0,12.0,12.4,14,6.26,1.6,0.0,1,0,0,0,0,0,1,Low
Salcete,Coconut,2021-10-03,10,Maturity,27.5,83,31.6,2,0,58.2,37.7,88,5.57,4.0,0.1,0,0,0,0,0,0,0,None
Pernem,Cashew,2022-11-24,11,Dormant,24.7,82,0.0,13,0,27.3,15.2,43,5.95,3.8,0.4,0,1,0,0,0,0,1,Low
Dharbandora,Spices,2021-08-30,8,Vegetative,27.4,86,14.3,0,10,57.5,19.7,87,5.2,4.2,9.2,0,0,0,1,0,0,1,Low
Dharbandora,Rice (Paddy),2024-05-24,5,Flowering,35.5,59,0.0,16,0,13.7,14.3,41,4.94,1.0,1.2,1,0,0,0,0,0,1,Low
Quepem,Pineapple,2024-06-28,6,Inflorescence,27.4,89,75.7,0,1,90.8,27.9,78,5.33,5.3,0.2,0,0,0,0,0,0,0,None
Sattari,Spices,2021-05-06,5,Pod_Development,33.0,47,0.0,15,0,12.9,20.2,32,5.09,0.4,1.5,1,0,0,0,0,0,1,Low
Ponda,Arecanut,2021-08-05,8,Harvest,33.1,73,264.6,0,5,98.0,8.0,85,5.2,0.0,0.0,0,1,0,0,0,0,1,Low
Sattari,Rice (Paddy),2024-08-22,8,Tillering,29.0,98,23.3,1,3,58.8,41.8,100,5.31,8.1,7.1,0,0,1,1,0,0,1,Moderate
Sattari,Cashew,2025-12-26,12,Harvest,27.7,61,0.0,12,0,27.2,9.9,51,5.57,1.0,0.0,0,0,0,0,0,0,0,None
Bardez,Cashew,2024-04-23,4,Harvest,32.3,45,0.0,17,0,12.0,27.6,34,5.32,0.4,1.1,1,0,0,0,0,0,1,Low
Salcete,Coconut,2023-11-29,11,Maturity,27.9,70,0.0,11,0,24.6,11.5,23,5.36,0.0,1.0,0,0,0,0,0,0,0,None
Sattari,Banana,2024-05-31,5,Bunch_Emergence,33.1,47,0.2,30,1,12.0,20.7,25,5.66,0.0,0.4,1,0,0,0,0,0,1,Low
Pernem,Coconut,2024-04-22,4,Maturity,31.4,64,0.0,19,0,12.0,7.1,50,5.73,1.0,0.0,1,0,0,0,0,0,1,Low
Sanguem,Rice (Paddy),2022-05-10,5,Seedling,38.2,68,0.0,10,0,33.7,13.1,27,5.34,1.4,0.0,0,0,0,0,1,0,1,Low
Ponda,Spices,2022-03-03,3,Vegetative,37.2,61,0.0,8,0,28.8,14.9,28,5.46,0.0,0.6,0,0,0,0,0,0,0,None
Sanguem,Cashew,2024-04-16,4,Fruit_Development,32.1,59,0.0,7,0,27.3,19.8,23,5.28,1.1,0.0,0,0,0,0,0,0,0,None
Bardez,Cashew,2023-07-08,7,Dormant,28.0,88,19.6,1,2,61.2,29.1,79,5.82,5.8,0.0,0,0,0,0,0,0,0,None
Pernem,Coconut,2024-12-22,12,Maturity,30.2,72,0.0,7,0,29.6,16.3,19,6.15,0.0,0.0,0,0,0,0,0,0,0,None
Salcete,Rice (Paddy),2024-08-10,8,Grain_Filling,26.7,85,23.0,0,1,65.6,28.3,62,5.38,4.1,0.0,0,0,0,0,0,0,0,None
Bicholim,Cashew,2021-05-31,5,Harvest,32.3,36,0.0,7,0,22.6,10.6,24,4.97,1.9,0.0,0,0,0,0,0,0,0,None
Bardez,Mango,2022-01-19,1,Flowering,31.0,67,0.0,10,0,20.6,12.2,21,5.57,0.0,0.0,0,0,0,0,0,0,0,None
Ponda,Coconut,2025-07-20,7,Inflorescence,33.1,94,139.5,3,2,98.0,18.6,87,5.18,1.2,1.0,0,0,0,0,0,0,0,None
Canacona,Cashew,2021-11-04,11,Fruit_Development,28.8,72,0.0,13,0,21.9,14.7,31,5.2,1.2,1.0,0,0,0,0,0,0,0,None
Dharbandora,Spices,2024-09-21,9,Harvest,27.5,86,23.2,1,5,57.1,21.0,70,5.91,2.2,6.1,0,0,0,0,0,0,0,None
Salcete,Cashew,2023-01-16,1,Dormant,27.5,68,0.0,11,0,26.2,6.5,49,5.37,0.0,0.0,0,0,0,0,0,0,0,None
Sanguem,Mango,2023-06-11,6,Vegetative,27.1,83,119.5,1,1,98.0,45.7,83,5.29,3.2,0.0,0,0,0,0,0,0,0,None
Pernem,Coconut,2022-01-10,1,Vegetative,27.6,61,0.0,10,0,23.1,24.5,44,4.73,0.0,0.0,0,0,0,0,0,0,0,None
Sattari,Cashew,2023-10-29,10,Dormant,30.9,88,38.3,0,5,64.0,32.9,71,4.71,4.0,5.8,0,0,0,0,0,0,0,None
Mormugao,Rice (Paddy),2024-09-26,9,Seedling,32.9,80,13.9,1,0,54.7,28.8,78,5.63,2.5,0.3,0,0,0,0,0,0,0,None
Sanguem,Cashew,2021-05-09,5,Harvest,37.3,67,0.0,15,0,21.5,26.1,30,5.1,1.3,1.4,0,0,0,0,0,0,0,None
Canacona,Rice (Paddy),2023-10-12,10,Grain_Filling,25.7,80,31.8,1,0,58.4,16.3,85,5.64,3.7,0.0,0,0,0,0,0,0,0,None
Mormugao,Rice (Paddy),2025-12-05,12,Tillering,31.2,58,3.0,8,1,24.2,14.2,37,5.48,1.4,0.1,0,0,0,0,0,0,0,None
Bicholim,Cashew,2022-10-31,10,Harvest,28.7,78,62.6,0,20,75.9,26.3,89,5.61,1.9,0.2,0,0,0,0,0,0,0,None
Bardez,Coconut,2024-10-07,10,Nut_Development,24.1,86,16.6,1,10,55.2,20.1,91,5.24,4.4,7.3,0,0,0,1,0,0,1,Low
Tiswadi,Cashew,2024-10-13,10,Dormant,24.4,97,59.4,1,0,81.1,29.3,80,5.06,6.9,0.0,0,0,0,0,0,0,0,None
Dharbandora,Coconut,2022-06-01,6,Inflorescence,26.2,87,21.5,0,8,66.8,31.8,98,6.11,5.1,6.2,0,0,0,0,0,0,0,None
Bardez,Coconut,2025-02-27,2,Vegetative,30.9,69,0.0,8,0,28.6,15.0,10,5.46,0.9,0.0,0,0,0,0,0,0,0,None
Dharbandora,Spices,2021-03-27,3,Vegetative,31.4,45,0.0,30,0,12.0,12.0,5,4.92,0.0,0.1,1,0,0,0,0,0,1,Low
Ponda,Rice (Paddy),2024-04-13,4,Seedling,39.6,56,0.0,15,0,26.2,21.4,28,5.64,0.4,0.9,1,0,0,0,1,0,1,Moderate
Pernem,Cashew,2024-05-01,5,Flowering,36.9,63,0.0,25,0,12.0,20.3,5,5.57,3.6,1.6,1,0,0,0,0,0,1,Low
Tiswadi,Coconut,2021-11-07,11,Vegetative,27.9,67,0.0,12,0,21.5,10.5,21,4.62,0.0,0.2,0,0,0,0,0,0,0,None
Sanguem,Arecanut,2024-02-17,2,Flowering,28.8,70,0.0,9,0,22.7,9.3,15,4.88,0.0,0.5,0,0,0,0,0,0,0,None
Quepem,Cashew,2024-05-26,5,Fruit_Development,34.3,63,0.0,9,0,27.1,20.0,5,5.04,0.1,1.8,1,0,0,0,0,0,1,Low
Pernem,Spices,2022-03-03,3,Flowering,32.2,61,0.0,22,0,12.0,19.5,14,5.69,0.0,0.0,1,0,0,0,0,0,1,Low
Tiswadi,Rice (Paddy),2024-12-08,12,Grain_Filling,29.2,60,0.0,15,0,14.9,17.0,38,5.56,0.0,0.0,1,0,0,0,0,0,1,Low
Sattari,Banana,2021-04-24,4,Harvest,36.4,51,0.0,11,0,18.7,26.2,14,4.93,0.0,0.0,1,0,0,0,0,0,1,Low
Sattari,Arecanut,2024-03-14,3,Harvest,32.1,40,0.0,29,0,12.0,16.4,14,4.93,0.0,1.1,1,0,0,0,0,0,1,Low
Bardez,Mango,2025-04-11,4,Flowering,37.2,66,0.0,6,0,29.7,16.9,28,5.7,0.0,0.0,0,0,0,0,0,0,0,None
Quepem,Pineapple,2025-07-30,7,Inflorescence,25.3,83,179.0,3,10,98.0,22.6,81,5.44,1.4,8.7,0,1,0,0,0,0,1,Low
Dharbandora,Arecanut,2021-10-30,10,Vegetative,26.7,91,17.5,0,1,60.9,30.5,100,4.9,6.7,1.4,0,0,0,0,0,0,0,None
Tiswadi,Mango,2023-01-14,1,Maturity,29.0,61,0.0,14,0,14.5,14.9,47,5.07,0.0,0.0,1,0,0,0,0,0,1,Low
Tiswadi,Banana,2022-08-11,8,Shooting,30.1,85,14.3,3,7,54.1,43.6,74,5.29,4.4,6.5,0,0,0,1,0,0,1,Low
Bardez,Cashew,2023-09-14,9,Dormant,27.6,83,15.2,2,0,45.7,15.8,70,5.97,4.7,0.9,0,0,0,1,0,0,1,Low
Ponda,Spices,2021-12-11,12,Harvest,30.8,58,0.1,13,1,12.0,12.4,31,5.3,2.0,0.0,0,0,0,0,0,0,0,None
Sattari,Cashew,2023-03-25,3,Fruit_Development,39.5,53,0.0,24,0,12.0,18.4,30,5.44,0.0,0.0,1,1,0,0,1,0,1,High
Bardez,Rice (Paddy),2023-03-12,3,Tillering,34.2,58,0.0,7,0,26.3,11.6,26,4.83,0.2,0.0,0,0,0,0,0,0,0,None
Dharbandora,Arecanut,2023-10-22,10,Harvest,25.1,87,63.5,1,10,80.7,34.5,78,4.99,3.4,8.9,0,0,0,1,0,0,1,Low
Quepem,Pineapple,2024-03-16,3,Fruit_Development,33.8,34,0.8,21,1,12.0,9.8,30,5.85,1.4,0.0,1,0,0,0,0,0,1,Low
Canacona,Banana,2024-08-03,8,Harvest,29.2,100,125.5,0,12,98.0,25.1,93,5.62,5.3,10.0,0,1,0,1,0,0,1,Moderate
Tiswadi,Rice (Paddy),2025-08-05,8,Seedling,31.7,97,15.9,0,0,65.6,24.2,90,5.18,4.7,0.0,0,0,0,0,0,0,0,None
Dharbandora,Pineapple,2023-12-13,12,Inflorescence,33.3,79,0.0,15,0,20.9,14.1,55,5.77,0.0,0.5,1,0,0,0,0,0,1,Low
Pernem,Cashew,2024-08-20,8,Flowering,28.3,97,18.3,2,0,54.8,30.0,100,5.38,8.8,0.3,0,0,1,0,0,0,1,Low
Salcete,Rice (Paddy),2023-12-29,12,Seedling,22.4,66,0.0,18,0,12.0,8.3,59,5.74,2.4,0.2,1,0,0,0,0,0,1,Low
Sattari,Rice (Paddy),2021-12-27,12,Grain_Filling,29.2,55,0.0,14,0,13.3,13.3,49,6.62,1.5,0.2,1,0,0,0,0,0,1,Low
Canacona,Rice (Paddy),2025-06-14,6,Seedling,28.5,97,50.8,0,1,82.7,36.4,80,6.37,6.3,0.1,0,0,1,0,0,0,1,Low
Sattari,Rice (Paddy),2024-05-28,5,Seedling,33.9,65,0.0,18,0,12.0,13.7,48,5.62,0.0,0.0,1,0,0,0,0,0,1,Low
Quepem,Rice (Paddy),2023-10-07,10,Flowering,27.6,81,19.9,0,2,55.5,22.4,71,5.36,3.0,0.1,0,0,0,0,0,0,0,None
Ponda,Spices,2022-12-05,12,Flowering,33.1,69,0.0,13,0,27.6,17.3,63,5.43,1.7,1.4,1,0,0,0,0,0,1,Low
Mormugao,Rice (Paddy),2022-07-29,7,Flowering,29.0,82,49.2,1,9,63.1,26.7,87,4.89,2.8,8.5,0,0,0,0,0,0,0,None
Bicholim,Coconut,2025-05-28,5,Maturity,39.4,74,0.0,20,0,12.0,14.9,6,5.21,0.0,0.2,1,0,0,0,1,0,1,Moderate
Dharbandora,Rice (Paddy),2024-03-30,3,Flowering,35.6,68,0.0,23,0,12.0,12.0,12,5.08,0.1,0.6,1,0,0,0,0,0,1,Low
Sattari,Cashew,2025-09-01,9,Harvest,25.9,82,22.0,0,4,66.5,18.4,87,5.41,1.3,3.8,0,0,0,0,0,0,0,None
Quepem,Cashew,2024-01-18,1,Fruit_Development,34.6,73,0.0,12,0,25.8,7.4,18,5.22,0.4,2.1,1,0,0,0,0,0,1,Low
Ponda,Spices,2022-11-19,11,Harvest,29.1,62,0.0,8,0,27.4,15.9,20,5.42,2.1,0.0,0,0,0,0,0,0,0,None
Dharbandora,Arecanut,2023-02-20,2,Vegetative,24.1,64,0.0,3,0,37.0,15.4,10,6.17,0.5,0.0,0,0,0,0,0,0,0,None
Quepem,Pineapple,2022-08-08,8,Harvest,25.8,71,76.5,1,0,76.3,30.8,83,6.05,0.1,1.7,0,0,0,0,0,0,0,None
Sattari,Mango,2025-11-16,11,Fruit_Setting,27.0,85,0.0,13,0,23.0,16.5,21,5.1,3.4,0.0,0,0,0,0,0,0,0,None
Mormugao,Coconut,2022-08-12,8,Nut_Development,27.6,86,64.1,2,0,76.7,22.9,92,4.83,3.7,0.0,0,0,0,0,0,0,0,None
Ponda,Arecanut,2024-03-28,3,Nut_Formation,33.7,46,0.0,24,0,12.0,13.9,21,5.66,0.1,1.2,1,0,1,0,0,0,1,Moderate
Tiswadi,Rice (Paddy),2022-05-04,5,Tillering,35.5,75,0.0,30,0,12.0,23.7,15,6.37,1.6,0.1,1,0,0,0,0,0,1,Low
Mormugao,Coconut,2023-08-29,8,Nut_Development,28.4,84,8.3,0,1,52.2,35.4,83,4.28,2.3,1.9,0,0,0,0,0,0,0,None
Mormugao,Rice (Paddy),2024-09-09,9,Grain_Filling,28.9,91,3.7,3,13,53.4,23.7,85,6.36,5.9,10.0,0,0,0,1,0,0,1,Low
Pernem,Rice (Paddy),2025-06-22,6,Grain_Filling,27.8,94,67.8,1,0,81.9,30.5,88,5.18,7.9,0.0,0,0,1,0,0,0,1,Low
Tiswadi,Coconut,2024-11-05,11,Maturity,32.7,65,0.0,9,0,26.1,17.2,16,5.23,0.0,0.0,0,0,0,1,0,0,1,Low
Salcete,Coconut,2024-01-31,1,Inflorescence,29.1,85,0.0,6,0,38.3,13.0,37,5.53,5.5,0.0,0,0,0,0,0,0,0,None
Ponda,Rice (Paddy),2022-05-09,5,Grain_Filling,34.3,59,0.0,19,0,14.5,10.3,20,5.75,0.3,0.0,1,0,1,0,0,0,1,Moderate
Quepem,Cashew,2025-07-26,7,Dormant,30.3,97,1.7,0,0,48.4,27.0,93,5.28,6.7,0.4,0,0,0,0,0,0,0,None
Mormugao,Rice (Paddy),2025-06-26,6,Flowering,33.2,94,60.2,2,3,76.4,17.6,74,5.45,1.4,4.6,0,0,0,0,0,0,0,None
Ponda,Arecanut,2021-01-19,1,Flowering,29.5,60,0.0,4,0,38.6,26.0,44,4.94,1.1,0.0,0,0,0,0,0,0,0,None
Tiswadi,Rice (Paddy),2025-01-17,1,Grain_Filling,29.8,73,0.0,14,0,20.5,14.6,23,5.24,0.3,0.0,1,1,0,0,0,0,1,Moderate
Salcete,Cashew,2025-02-14,2,Harvest,30.9,79,0.0,8,0,37.9,6.5,39,5.02,4.5,0.3,0,0,0,0,0,0,0,None
Bicholim,Rice (Paddy),2025-06-06,6,Tillering,24.4,88,19.6,1,2,51.8,27.8,89,4.38,5.1,0.0,0,0,0,0,0,1,1,Low
Dharbandora,Arecanut,2022-02-01,2,Nut_Formation,31.0,68,0.2,10,1,21.9,21.8,59,5.52,0.2,0.9,0,0,0,0,0,0,0,None
Dharbandora,Mango,2023-09-28,9,Flowering,25.4,90,29.2,0,4,63.1,27.8,72,5.36,7.5,4.5,0,1,1,0,0,0,1,Moderate
Dharbandora,Rice (Paddy),2024-07-26,7,Flowering,29.4,95,39.6,1,4,59.7,11.2,73,5.43,7.8,7.1,0,0,1,1,0,0,1,Moderate
Tiswadi,Coconut,2023-05-01,5,Nut_Development,32.7,56,0.0,23,0,12.0,15.2,22,5.27,1.6,0.0,1,0,0,0,0,0,1,Low
Dharbandora,Arecanut,2024-10-20,10,Harvest,26.5,93,9.6,2,2,60.2,11.5,78,4.59,8.4,0.0,0,0,1,0,0,0,1,Low
Canacona,Pineapple,2024-09-16,9,Vegetative,26.0,84,12.8,1,16,52.2,41.6,67,5.37,3.0,10.0,0,0,0,1,0,0,1,Low
Salcete,Rice (Paddy),2025-07-23,7,Flowering,29.2,83,13.3,0,10,59.5,34.8,68,5.63,5.8,5.8,0,0,0,0,0,0,0,None
Ponda,Spices,2024-09-29,9,Harvest,26.4,92,36.5,0,6,68.9,23.2,99,5.68,5.7,4.0,0,0,0,0,0,0,0,None
Sattari,Rice (Paddy),2023-04-02,4,Grain_Filling,36.1,63,0.0,14,0,17.8,15.5,23,5.75,2.0,1.8,1,0,0,0,0,0,1,Low
Quepem,Cashew,2022-03-31,3,Fruit_Development,38.7,45,0.0,30,0,12.0,16.9,36,5.77,2.1,0.6,1,0,0,0,1,0,1,Moderate
Mormugao,Coconut,2025-06-13,6,Maturity,27.3,92,15.9,1,5,55.0,29.0,85,6.02,5.0,5.3,0,0,0,0,0,0,0,None
Sanguem,Rice (Paddy),2022-12-26,12,Flowering,34.2,66,0.0,2,0,42.8,14.1,59,5.24,0.0,0.0,0,0,0,0,0,0,0,None
Mormugao,Coconut,2025-08-06,8,Inflorescence,27.1,82,66.4,1,1,76.8,33.6,89,5.6,4.1,0.0,0,0,0,0,0,0,0,None
Sattari,Rice (Paddy),2023-12-25,12,Seedling,26.3,64,0.0,20,0,12.0,16.0,43,5.62,0.0,0.0,1,0,0,0,0,0,1,Low
Sattari,Arecanut,2024-01-05,1,Vegetative,29.9,65,0.0,17,0,14.2,5.0,22,5.67,0.0,0.0,1,0,0,0,0,0,1,Low
Bardez,Cashew,2022-12-12,12,Flowering,27.3,66,0.0,17,0,17.7,10.6,33,5.6,0.0,0.0,1,0,0,0,0,0,1,Low
Sanguem,Rice (Paddy),2021-05-23,5,Seedling,32.7,49,0.0,6,0,19.5,8.2,25,5.58,0.3,0.0,0,0,0,0,0,0,0,None
Canacona,Cashew,2023-07-06,7,Dormant,26.9,85,33.9,1,1,63.6,41.3,80,4.91,5.7,2.1,0,0,0,0,0,0,0,None
Bicholim,Cashew,2023-04-08,4,Fruit_Development,37.5,51,0.0,11,0,16.9,18.7,27,5.4,0.2,0.0,1,0,0,0,1,0,1,Moderate
Sattari,Arecanut,2022-08-28,8,Harvest,26.8,90,20.7,0,3,67.6,8.0,97,5.26,4.0,6.4,0,0,0,0,0,0,0,None
Bicholim,Cashew,2025-02-05,2,Harvest,23.4,67,0.0,17,0,13.8,11.0,18,5.57,0.0,1.9,1,0,0,0,0,0,1,Low
Dharbandora,Spices,2024-12-11,12,Harvest,24.9,83,0.0,15,0,20.8,5.0,34,5.39,3.6,0.0,1,0,0,0,0,0,1,Low
Tiswadi,Rice (Paddy),2021-11-01,11,Seedling,30.6,76,0.0,15,0,13.3,19.2,25,5.55,1.9,0.0,1,0,0,0,0,0,1,Low
Salcete,Coconut,2023-01-06,1,Maturity,30.3,69,0.0,9,0,21.1,11.0,26,5.12,0.0,1.2,0,0,0,0,0,0,0,None
Mormugao,Spices,2025-03-01,3,Vegetative,37.4,36,0.0,14,0,12.0,20.1,46,4.97,0.0,0.0,1,0,0,0,1,0,1,Moderate
Canacona,Rice (Paddy),2021-10-18,10,Flowering,27.6,93,41.6,1,3,68.9,24.1,86,6.28,4.1,7.3,0,0,0,1,0,0,1,Low
Salcete,Coconut,2021-04-12,4,Vegetative,34.7,58,0.0,28,0,12.0,14.2,42,5.65,1.9,0.0,1,0,0,0,0,0,1,Low
Canacona,Rice (Paddy),2024-07-14,7,Tillering,25.8,72,70.7,1,7,72.9,40.3,80,5.11,0.0,0.9,0,0,0,0,0,0,0,None
Bicholim,Rice (Paddy),2023-05-17,5,Tillering,35.5,34,0.0,16,0,12.0,17.0,14,6.48,0.0,0.5,1,0,0,0,0,0,1,Low
Ponda,Rice (Paddy),2023-08-26,8,Tillering,26.2,88,76.4,2,0,90.1,23.2,57,5.5,8.2,0.0,0,0,1,0,0,0,1,Low
Quepem,Rice (Paddy),2025-07-04,7,Tillering,27.0,90,0.6,0,5,47.0,27.9,84,5.02,4.7,5.9,0,0,0,0,0,0,0,None
Dharbandora,Spices,2023-09-01,9,Pod_Development,27.9,79,26.0,4,1,50.4,39.2,85,5.44,2.3,0.0,0,0,0,0,0,0,0,None
Salcete,Coconut,2023-04-22,4,Maturity,32.2,32,0.0,23,0,12.0,18.5,5,4.77,0.0,0.0,1,0,0,0,0,0,1,Low
Bardez,Cashew,2023-08-20,8,Flowering,29.8,86,149.8,0,7,98.0,16.6,71,4.95,4.4,4.7,0,1,0,0,0,0,1,Low
Dharbandora,Spices,2023-07-31,7,Flowering,27.3,86,36.2,0,0,68.2,22.7,84,5.03,3.5,0.0,0,0,0,0,0,0,0,None
Canacona,Banana,2025-12-06,12,Bunch_Emergence,27.3,69,0.0,18,0,14.0,12.3,44,5.75,0.0,0.5,1,0,0,0,0,0,1,Low
Sattari,Rice (Paddy),2023-10-24,10,Seedling,27.5,87,104.6,0,10,98.0,27.6,82,5.65,5.5,6.6,0,1,0,1,0,0,1,Moderate
Salcete,Cashew,2021-03-26,3,Dormant,33.7,67,0.0,8,0,32.1,14.9,27,4.7,0.7,0.0,0,0,0,0,0,0,0,None
Salcete,Coconut,2025-12-23,12,Vegetative,28.7,73,0.0,25,0,12.0,14.0,63,5.72,0.0,1.3,0,0,0,0,0,0,0,None
Tiswadi,Coconut,2021-11-24,11,Vegetative,26.2,81,0.0,16,0,17.9,17.2,29,5.5,1.9,1.0,1,0,0,0,0,0,1,Low
Bicholim,Cashew,2023-03-27,3,Flowering,35.9,35,0.0,27,0,12.0,9.4,22,5.62,0.0,0.1,1,0,0,0,0,0,1,Low
Mormugao,Coconut,2025-01-13,1,Vegetative,33.3,73,0.0,8,0,37.5,18.7,34,5.13,0.9,0.0,0,0,0,0,0,0,0,None
Sattari,Mango,2022-03-30,3,Fruit_Setting,35.6,61,3.8,24,1,12.0,18.5,49,5.07,0.0,0.0,1,0,0,0,0,0,1,Low
Ponda,Rice (Paddy),2022-09-21,9,Seedling,25.7,87,27.2,0,8,60.0,31.3,84,5.13,3.9,6.5,0,0,0,1,0,0,1,Low
Sattari,Spices,2024-05-29,5,Harvest,32.6,64,0.0,27,0,12.0,11.9,38,5.19,0.0,0.0,1,0,0,0,0,0,1,Low
Bardez,Cashew,2024-03-23,3,Flowering,35.5,65,8.0,13,1,26.8,20.1,14,5.35,0.0,0.9,1,0,0,0,0,0,1,Low
Canacona,Coconut,2022-10-27,10,Maturity,25.9,100,77.4,0,6,89.2,23.5,100,5.31,8.1,10.0,0,0,1,1,0,0,1,Moderate
Ponda,Arecanut,2021-01-12,1,Harvest,30.7,72,0.0,17,0,16.2,14.2,50,5.53,0.0,0.3,1,0,0,0,0,0,1,Low
Tiswadi,Banana,2024-03-02,3,Bunch_Emergence,37.4,64,0.0,17,0,15.5,20.1,21,5.95,0.0,0.5,1,0,0,0,0,0,1,Low
Bardez,Mango,2021-10-31,10,Flowering,31.4,86,101.4,0,11,98.0,18.6,83,5.14,2.9,10.0,0,0,0,1,0,0,1,Low
Canacona,Coconut,2024-08-09,8,Maturity,28.3,86,361.0,0,6,98.0,18.6,100,5.29,5.2,5.9,0,1,0,0,0,0,1,Low
Mormugao,Coconut,2023-09-02,9,Nut_Development,28.8,85,4.7,1,2,60.5,36.1,58,5.37,3.2,0.2,0,0,0,0,0,0,0,None
Mormugao,Rice (Paddy),2024-08-16,8,Flowering,29.2,96,52.5,2,2,76.1,31.2,100,5.3,5.2,0.3,1,0,0,0,0,0,1,Low
Sattari,Cashew,2025-10-30,10,Flowering,28.2,91,99.7,0,0,96.2,18.6,87,5.37,6.1,0.0,0,0,1,0,0,0,1,Low
Sanguem,Spices,2023-02-22,2,Vegetative,30.4,62,0.0,14,0,23.2,12.2,38,5.12,0.0,0.0,1,0,0,0,0,0,1,Low
Canacona,Cashew,2021-02-12,2,Harvest,28.8,60,0.0,16,0,12.0,15.5,20,5.58,0.0,0.1,1,1,0,0,0,0,1,Moderate
Quepem,Cashew,2023-08-02,8,Fruit_Development,30.1,74,18.0,1,2,55.2,40.0,88,4.8,0.0,0.3,0,0,0,0,0,0,0,None
Tiswadi,Rice (Paddy),2021-12-09,12,Tillering,29.8,61,0.0,18,0,12.0,8.7,61,4.93,0.0,0.2,1,0,0,0,0,0,1,Low
Tiswadi,Coconut,2024-09-11,9,Nut_Development,27.4,95,24.6,2,10,65.6,26.8,84,5.56,3.2,10.0,0,0,0,1,0,0,1,Low
Bicholim,Cashew,2022-05-13,5,Flowering,32.7,44,0.0,6,0,27.1,18.1,33,5.83,0.2,0.0,0,0,0,0,0,0,0,None
Quepem,Cashew,2021-12-30,12,Harvest,27.2,66,0.0,2,0,32.7,18.5,38,5.64,1.4,0.0,0,0,0,0,0,0,0,None
Sattari,Rice (Paddy),2023-06-10,6,Grain_Filling,25.1,87,76.3,4,0,80.7,38.8,98,5.87,4.1,0.0,0,0,0,0,0,0,0,None
Ponda,Rice (Paddy),2022-03-03,3,Tillering,32.9,61,0.0,15,0,25.2,23.3,5,5.25,0.0,0.0,0,0,0,0,0,0,0,None
Canacona,Cashew,2023-10-02,10,Harvest,25.3,99,54.1,1,10,74.3,24.3,100,5.63,8.1,10.0,0,0,1,1,0,0,1,Moderate
Quepem,Cashew,2021-01-21,1,Flowering,25.6,64,0.0,18,0,18.3,19.9,55,5.79,0.0,0.6,1,0,0,0,0,0,1,Low
Mormugao,Pineapple,2022-02-11,2,Harvest,31.0,73,0.0,10,0,31.9,11.8,28,5.88,0.3,0.0,0,0,0,0,0,0,0,None
Pernem,Cashew,2022-09-11,9,Harvest,27.9,91,65.2,2,19,75.3,29.9,96,4.99,7.0,10.0,0,0,1,1,0,0,1,Moderate
Quepem,Coconut,2023-10-12,10,Vegetative,26.7,95,39.0,1,0,64.2,34.8,83,5.34,5.6,0.0,0,0,0,0,0,0,0,None
Pernem,Cashew,2021-12-02,12,Harvest,24.1,61,5.3,22,1,12.0,20.5,59,5.86,0.0,0.0,1,0,0,0,0,0,1,Low
Sanguem,Rice (Paddy),2024-02-15,2,Grain_Filling,29.3,60,0.0,11,0,26.6,18.6,45,5.79,0.0,0.0,0,0,0,0,0,0,0,None
Mormugao,Rice (Paddy),2024-02-22,2,Grain_Filling,28.4,64,0.0,14,0,14.9,13.6,45,5.43,1.0,0.0,1,1,0,0,0,0,1,Moderate
Sanguem,Rice (Paddy),2022-02-03,2,Tillering,32.6,73,0.0,15,0,14.1,19.5,57,5.92,2.0,0.0,1,0,0,0,0,0,1,Low
Pernem,Mango,2023-03-04,3,Vegetative,32.3,53,0.0,20,0,12.0,16.5,18,4.7,0.0,0.8,1,0,0,0,0,0,1,Low
Ponda,Rice (Paddy),2022-12-16,12,Tillering,30.4,75,0.0,14,0,21.6,17.1,29,5.95,3.3,0.0,1,0,0,0,0,0,1,Low
Sanguem,Rice (Paddy),2021-02-20,2,Flowering,26.4,59,0.0,13,0,13.9,5.0,23,5.95,0.0,0.0,0,0,0,0,0,0,0,None
Dharbandora,Banana,2025-12-12,12,Bunch_Emergence,28.3,69,0.0,13,0,12.9,16.7,39,5.01,1.7,0.0,0,0,0,0,0,0,0,None
Canacona,Cashew,2021-11-20,11,Harvest,27.3,72,0.0,4,0,42.6,11.8,29,5.13,0.8,0.0,0,0,0,0,0,0,0,None
Ponda,Spices,2023-02-28,2,Pod_Development,30.1,68,0.0,10,0,20.7,16.5,47,4.95,0.0,3.3,1,0,1,0,0,0,1,Moderate
Sanguem,Pineapple,2021-05-21,5,Fruit_Development,34.2,63,0.0,18,0,12.0,19.0,5,5.69,0.0,1.4,1,0,0,0,0,0,1,Low
Pernem,Spices,2022-04-15,4,Vegetative,35.2,40,0.0,14,0,12.0,8.7,47,4.9,0.0,2.2,1,0,0,0,0,0,1,Low
Ponda,Spices,2023-02-26,2,Flowering,28.1,62,0.0,9,0,25.8,7.0,52,5.52,0.2,0.0,0,0,0,0,0,0,0,None
Sattari,Rice (Paddy),2024-09-19,9,Seedling,26.7,94,26.3,0,5,63.9,19.4,81,5.49,7.0,8.1,0,0,1,1,0,0,1,Moderate
Ponda,Spices,2023-08-22,8,Pod_Development,27.5,84,14.8,0,5,56.2,10.8,84,5.11,3.7,4.4,0,1,0,0,0,0,1,Low
Sattari,Rice (Paddy),2023-10-05,10,Tillering,26.9,88,18.5,3,5,56.4,31.4,89,5.58,5.1,5.2,0,0,0,0,0,0,0,None
Canacona,Rice (Paddy),2022-01-08,1,Grain_Filling,31.1,58,0.0,10,0,20.4,20.9,14,5.27,2.5,0.0,0,0,1,0,0,0,1,Low
Mormugao,Rice (Paddy),2025-05-07,5,Tillering,36.5,41,5.1,21,1,12.0,19.7,12,5.27,0.3,0.0,1,0,0,0,1,0,1,Moderate
Tiswadi,Rice (Paddy),2022-05-09,5,Grain_Filling,36.3,40,0.0,16,0,12.0,21.5,28,5.06,0.0,0.3,1,0,0,0,0,0,1,Low
Ponda,Arecanut,2025-04-12,4,Nut_Formation,30.0,49,0.0,16,0,15.0,22.6,29,5.57,1.4,0.0,1,0,0,0,0,0,1,Low
Canacona,Cashew,2025-08-20,8,Flowering,27.1,84,42.3,0,0,69.3,17.2,100,4.81,3.7,0.0,0,0,0,0,0,0,0,None
Pernem,Cashew,2023-01-21,1,Fruit_Development,27.1,69,2.7,8,1,28.9,9.7,44,5.36,1.8,0.0,0,0,0,0,0,0,0,None
Pernem,Cashew,2024-03-25,3,Fruit_Development,39.6,51,0.0,22,0,12.0,20.3,28,5.68,0.3,1.3,1,0,0,0,1,0,1,Moderate
Tiswadi,Coconut,2021-10-18,10,Nut_Development,29.4,89,40.4,4,2,65.0,19.2,88,5.87,2.7,0.0,0,0,0,0,0,0,0,None
Bardez,Arecanut,2025-07-30,7,Nut_Formation,26.8,77,34.9,0,10,59.5,8.0,83,5.19,3.9,0.0,0,0,0,0,0,0,0,None
Bardez,Mango,2024-03-13,3,Flowering,32.2,44,0.0,6,0,25.2,23.7,12,5.06,1.6,0.0,0,0,0,0,0,0,0,None
Bicholim,Cashew,2021-04-16,4,Fruit_Development,34.5,38,0.0,10,0,15.9,16.4,24,5.75,0.0,0.4,1,0,0,0,0,0,1,Low
Pernem,Cashew,2024-12-14,12,Dormant,31.5,73,0.0,6,0,26.7,13.1,64,6.4,0.0,2.0,0,0,0,0,0,0,0,None
Dharbandora,Arecanut,2022-11-01,11,Harvest,31.0,63,0.0,14,0,12.9,12.0,33,4.94,0.4,0.0,1,0,0,0,0,0,1,Low
Tiswadi,Arecanut,2025-08-09,8,Flowering,25.5,84,21.3,1,0,58.7,13.6,88,5.48,2.4,0.0,0,0,0,0,0,0,0,None
Quepem,Pineapple,2021-01-02,1,Harvest,33.5,65,0.0,11,0,24.1,17.8,42,5.14,0.0,0.1,1,0,0,0,0,0,1,Low
Tiswadi,Banana,2022-08-12,8,Harvest,29.1,82,118.3,0,2,98.0,29.6,100,5.29,2.6,0.0,0,0,0,0,0,0,0,None
Dharbandora,Spices,2022-10-06,10,Pod_Development,27.3,82,64.9,2,1,73.7,18.9,80,5.73,2.2,1.3,0,0,0,0,0,0,0,None
Bicholim,Arecanut,2021-03-31,3,Flowering,30.4,61,0.0,9,0,28.6,12.4,19,5.46,1.2,0.6,0,0,0,0,0,0,0,None
Tiswadi,Rice (Paddy),2024-09-30,9,Grain_Filling,26.3,88,17.9,1,4,46.3,18.0,72,6.16,5.3,4.6,0,0,0,0,0,0,0,None
Canacona,Rice (Paddy),2021-12-16,12,Seedling,31.2,77,0.0,3,0,34.7,5.0,39,5.82,1.9,1.2,0,0,0,0,0,0,0,None
Canacona,Rice (Paddy),2025-01-22,1,Seedling,24.2,78,0.0,13,0,24.3,10.8,46,6.39,3.1,0.0,0,0,0,0,0,0,0,None
Bicholim,Rice (Paddy),2024-07-10,7,Tillering,29.6,75,66.0,3,1,69.9,34.0,82,5.74,4.3,2.5,0,0,0,0,0,0,0,None
Tiswadi,Coconut,2024-10-06,10,Vegetative,25.5,99,11.9,3,1,55.9,26.7,100,5.56,6.5,0.0,0,0,0,0,0,0,0,None
Ponda,Arecanut,2024-02-06,2,Vegetative,30.0,76,0.0,11,0,28.8,20.6,36,4.2,4.8,0.0,0,0,0,0,0,0,0,None
Dharbandora,Rice (Paddy),2025-05-29,5,Tillering,34.6,69,0.0,15,0,12.1,5.0,28,5.04,0.9,0.0,1,0,0,0,0,0,1,Low
Bardez,Cashew,2023-11-29,11,Harvest,30.2,65,0.0,16,0,17.4,8.8,26,5.34,0.0,0.4,1,0,0,0,0,0,1,Low
Ponda,Coconut,2023-06-28,6,Inflorescence,28.1,100,10.8,0,2,53.7,26.6,87,5.87,7.7,1.8,1,0,1,0,0,0,1,Moderate
Tiswadi,Rice (Paddy),2021-06-08,6,Tillering,28.3,98,90.5,6,4,84.4,44.1,64,5.53,9.8,7.2,0,0,1,1,0,0,1,Moderate
Bicholim,Spices,2025-05-26,5,Harvest,38.8,59,0.0,22,0,12.0,15.6,9,4.74,1.4,1.3,1,0,0,0,1,0,1,Moderate
Tiswadi,Arecanut,2023-08-17,8,Nut_Formation,33.8,96,139.5,0,2,98.0,41.4,70,4.83,0.0,1.3,0,0,0,0,0,0,0,None
Bardez,Arecanut,2021-11-08,11,Vegetative,27.3,71,0.0,14,0,19.2,11.6,18,5.73,0.0,0.6,1,0,0,0,0,0,1,Low
Sattari,Rice (Paddy),2024-06-18,6,Seedling,29.8,87,65.9,0,4,84.0,36.7,73,5.89,7.5,2.0,0,0,1,0,0,0,1,Low
Pernem,Cashew,2022-03-21,3,Fruit_Development,29.3,61,0.0,15,0,21.6,22.0,19,5.49,0.0,0.0,1,0,0,0,0,0,1,Low
Pernem,Rice (Paddy),2021-10-25,10,Grain_Filling,24.4,91,70.0,0,2,82.9,14.1,100,4.81,7.0,0.1,0,0,1,0,0,0,1,Low
Canacona,Coconut,2023-08-10,8,Maturity,27.5,92,43.4,2,7,68.0,26.2,76,5.48,4.9,8.7,0,0,0,1,0,0,1,Low
Pernem,Coconut,2021-02-05,2,Vegetative,31.2,74,0.0,20,0,12.0,16.7,35,5.32,0.0,1.3,1,0,0,0,0,0,1,Low
Sanguem,Cashew,2024-01-13,1,Harvest,28.8,73,0.0,16,0,12.6,7.7,28,5.01,0.0,0.5,1,0,0,0,0,0,1,Low
Bicholim,Pineapple,2025-01-15,1,Vegetative,35.2,66,0.0,13,0,14.8,17.0,34,5.54,0.3,0.0,1,0,0,0,0,0,1,Low
Ponda,Arecanut,2025-12-04,12,Vegetative,27.7,51,0.0,9,0,23.4,16.4,51,6.43,0.0,1.0,0,0,0,0,0,0,0,None
Bicholim,Rice (Paddy),2024-11-09,11,Grain_Filling,24.1,66,0.0,18,0,12.0,15.9,45,4.54,0.0,0.0,1,1,0,0,0,0,1,Moderate
Mormugao,Rice (Paddy),2024-04-10,4,Flowering,33.5,66,0.0,20,0,12.0,14.2,10,5.64,0.0,1.5,1,0,0,0,0,0,1,Low
Ponda,Spices,2024-10-31,10,Vegetative,29.3,79,8.2,1,3,50.4,36.2,89,5.72,2.4,0.0,0,0,0,0,0,0,0,None
Pernem,Coconut,2025-09-05,9,Nut_Development,23.0,75,7.9,2,3,51.8,30.0,65,5.53,0.0,0.0,0,0,0,0,0,0,0,None
Bicholim,Cashew,2024-10-17,10,Dormant,26.3,79,9.4,1,7,58.4,33.2,79,5.54,4.9,0.9,0,0,0,0,0,0,0,None
Sanguem,Cashew,2022-07-13,7,Flowering,26.4,93,63.2,2,1,78.4,10.9,86,6.04,6.0,0.0,0,0,1,0,0,0,1,Low
Quepem,Cashew,2023-06-10,6,Fruit_Development,28.3,93,21.0,7,4,49.1,37.8,99,4.71,6.3,4.5,0,0,0,0,0,1,1,Low
Dharbandora,Rice (Paddy),2021-05-21,5,Tillering,38.3,63,1.9,22,1,12.0,11.9,27,5.74,0.0,0.0,1,0,0,0,1,0,1,Moderate
Ponda,Rice (Paddy),2023-06-06,6,Flowering,30.1,83,18.3,0,3,51.9,40.9,74,5.22,4.9,0.7,0,0,0,1,0,0,1,Low
Sanguem,Pineapple,2024-02-16,2,Inflorescence,30.7,80,0.0,14,0,24.1,20.5,31,6.15,1.3,0.0,1,0,0,0,0,0,1,Low
Tiswadi,Rice (Paddy),2024-07-24,7,Grain_Filling,24.4,93,9.6,4,4,53.5,19.8,79,5.65,6.6,3.9,0,0,1,0,0,0,1,Low
Mormugao,Rice (Paddy),2022-12-27,12,Seedling,27.2,73,0.0,2,0,41.7,6.8,22,4.88,0.9,0.0,0,0,0,0,0,0,0,None
Dharbandora,Arecanut,2024-05-28,5,Nut_Formation,37.5,69,0.0,17,0,12.0,10.8,14,4.35,0.0,0.7,1,0,0,0,0,0,1,Low
Sattari,Arecanut,2023-11-16,11,Nut_Formation,30.6,77,0.0,8,0,35.5,16.3,53,6.12,2.9,0.0,0,0,0,0,0,0,0,None
Mormugao,Coconut,2022-06-05,6,Vegetative,27.7,85,33.9,0,7,61.3,17.1,88,5.66,4.4,6.2,0,0,0,0,0,0,0,None
Sattari,Mango,2025-12-12,12,Vegetative,24.3,63,0.0,15,0,13.3,12.7,50,5.34,0.0,0.0,1,0,0,1,0,0,1,Moderate
Ponda,Arecanut,2021-01-10,1,Nut_Formation,32.8,60,0.0,7,0,32.1,13.2,66,5.45,0.0,0.0,0,0,1,0,0,0,1,Low
Ponda,Arecanut,2023-09-11,9,Vegetative,29.7,88,62.0,1,3,73.1,40.2,83,5.68,5.1,3.0,0,1,0,0,0,0,1,Low
Quepem,Pineapple,2022-01-13,1,Inflorescence,27.8,77,0.0,5,0,43.9,9.5,36,5.28,0.0,0.5,0,0,0,0,0,0,0,None
Sanguem,Cashew,2025-07-15,7,Flowering,25.7,83,112.3,1,10,92.6,9.6,96,5.54,2.6,8.8,0,0,0,0,0,0,0,None
Bicholim,Rice (Paddy),2025-07-19,7,Flowering,28.7,95,9.7,1,6,54.3,24.0,80,5.2,5.2,8.1,0,0,0,1,0,0,1,Low
Ponda,Spices,2022-11-13,11,Harvest,27.6,78,0.0,11,0,35.2,14.6,35,5.19,1.8,1.4,0,0,0,0,0,0,0,None
Sattari,Arecanut,2022-08-07,8,Flowering,28.4,88,56.6,2,8,71.5,27.3,70,4.81,4.5,7.5,0,0,0,1,0,0,1,Low
Salcete,Arecanut,2021-06-01,6,Flowering,27.2,85,16.1,0,20,58.3,17.8,93,5.79,2.5,10.0,0,0,0,1,0,0,1,Low
Ponda,Banana,2022-12-21,12,Bunch_Emergence,29.8,70,0.0,5,0,40.6,13.3,31,5.93,0.6,1.2,0,0,0,0,0,0,0,None
Canacona,Coconut,2023-12-09,12,Nut_Development,28.8,81,0.3,11,1,28.7,12.0,10,5.43,3.7,0.2,0,0,0,0,0,0,0,None
Dharbandora,Spices,2024-03-23,3,Pod_Development,33.7,64,9.4,14,1,23.8,13.2,13,5.54,0.0,1.1,1,0,0,0,0,0,1,Low
Sattari,Arecanut,2023-05-09,5,Nut_Formation,35.5,52,0.0,18,0,12.0,16.6,24,4.7,0.0,1.6,1,0,0,0,0,0,1,Low
Ponda,Arecanut,2024-08-09,8,Flowering,28.5,86,32.3,1,1,61.6,21.7,80,5.4,4.2,0.0,0,0,0,1,0,0,1,Low
Pernem,Cashew,2025-05-23,5,Dormant,33.5,38,0.0,17,0,12.0,16.8,45,5.7,0.0,0.0,1,0,0,0,0,0,1,Low
Quepem,Cashew,2021-02-19,2,Harvest,28.3,69,0.0,2,0,40.7,21.9,37,4.59,0.0,0.0,0,0,0,1,0,0,1,Low
Canacona,Rice (Paddy),2022-10-26,10,Seedling,25.9,87,29.5,3,1,64.0,29.8,82,5.78,5.4,0.0,0,0,0,0,0,0,0,None
Sattari,Cashew,2022-06-15,6,Fruit_Development,26.6,81,1.0,0,1,57.5,33.9,74,5.5,3.0,0.0,0,0,0,0,0,0,0,None
Quepem,Rice (Paddy),2025-06-24,6,Flowering,26.1,90,1.5,0,1,51.9,30.4,76,5.24,4.0,1.3,0,0,0,0,0,0,0,None
Bicholim,Cashew,2023-12-20,12,Flowering,29.6,76,0.0,11,0,29.4,12.7,10,5.35,3.7,0.0,0,0,0,0,0,0,0,None
Quepem,Cashew,2024-04-05,4,Harvest,35.3,43,1.2,15,1,14.5,18.6,18,5.06,0.0,1.0,1,0,0,0,0,0,1,Low
Tiswadi,Coconut,2024-05-10,5,Nut_Development,32.7,65,0.0,13,0,13.5,6.2,5,4.86,1.2,0.0,0,0,0,0,0,0,0,None
Bicholim,Banana,2023-05-07,5,Harvest,37.7,50,0.0,23,0,12.0,22.5,28,5.69,0.0,0.2,1,0,0,0,1,0,1,Moderate
Dharbandora,Arecanut,2021-05-26,5,Nut_Formation,36.6,48,3.7,25,1,12.0,13.5,42,4.2,0.0,0.0,1,0,0,0,1,0,1,Moderate
Ponda,Rice (Paddy),2023-07-04,7,Seedling,25.9,88,98.4,3,0,90.9,24.0,91,5.56,5.5,0.0,0,0,0,0,0,0,0,None
Tiswadi,Banana,2025-08-27,8,Harvest,28.8,81,51.0,1,0,71.7,18.3,99,5.64,3.7,0.0,0,0,0,0,0,0,0,None
Dharbandora,Mango,2023-09-20,9,Vegetative,24.5,97,95.0,0,2,95.3,31.3,93,6.0,7.7,1.8,0,0,0,0,0,0,0,None
Quepem,Cashew,2025-01-02,1,Harvest,29.3,62,0.0,12,0,19.8,18.7,53,5.42,0.6,1.3,0,0,0,0,0,0,0,None
Mormugao,Cashew,2021-08-30,8,Fruit_Development,27.2,95,55.0,0,1,83.9,9.6,100,4.66,7.0,0.0,0,0,1,0,0,1,1,Moderate
Bicholim,Rice (Paddy),2022-08-04,8,Tillering,27.3,94,45.1,2,0,70.4,29.1,68,6.2,8.1,0.0,0,0,1,0,0,0,1,Low
Dharbandora,Arecanut,2022-11-18,11,Vegetative,27.6,85,0.0,7,0,27.8,15.8,37,4.68,4.8,1.4,0,0,0,0,0,0,0,None
Quepem,Rice (Paddy),2025-05-04,5,Tillering,31.3,65,0.0,10,0,25.0,23.9,19,6.27,1.0,0.0,0,0,0,0,0,0,0,None
Tiswadi,Coconut,2022-04-28,4,Inflorescence,34.8,52,4.9,12,1,19.8,16.0,35,5.27,0.0,0.2,1,0,0,0,0,0,1,Low
Pernem,Coconut,2024-02-06,2,Nut_Development,30.5,69,0.0,13,0,23.1,17.0,35,5.44,1.8,0.0,0,1,0,0,0,0,1,Low
Pernem,Cashew,2024-06-03,6,Flowering,26.6,92,42.0,1,1,70.6,18.6,65,5.77,7.8,0.2,0,0,1,0,0,0,1,Low
Bicholim,Cashew,2022-11-04,11,Flowering,28.7,60,0.0,15,0,16.2,14.3,42,5.2,0.0,1.1,1,0,0,0,0,0,1,Low
Tiswadi,Coconut,2022-09-23,9,Inflorescence,27.0,81,14.9,4,14,44.8,28.4,93,5.96,1.3,0.5,0,0,0,0,0,0,0,None
Mormugao,Spices,2022-10-23,10,Pod_Development,27.6,89,12.8,0,15,57.5,32.7,81,5.77,4.9,10.0,0,0,0,1,0,0,1,Low
Pernem,Coconut,2022-10-24,10,Nut_Development,24.8,92,8.9,1,1,48.0,27.1,88,4.97,4.9,0.0,0,0,0,0,0,0,0,None
Ponda,Spices,2024-12-26,12,Pod_Development,32.7,66,0.9,21,1,12.0,11.6,58,6.21,2.5,0.4,1,0,0,0,0,0,1,Low
Sanguem,Cashew,2023-03-16,3,Flowering,35.9,75,0.0,14,0,23.2,14.4,30,6.03,0.0,1.7,1,0,0,0,0,0,1,Low
Sanguem,Banana,2025-08-06,8,Bunch_Emergence,27.5,86,102.2,0,13,98.0,26.7,85,5.59,2.6,10.0,0,0,0,1,0,0,1,Low
Canacona,Cashew,2022-02-23,2,Flowering,26.1,62,0.0,19,0,12.0,12.0,10,5.14,1.8,0.3,1,0,0,0,0,0,1,Low
Dharbandora,Pineapple,2023-09-15,9,Vegetative,26.4,75,28.8,2,2,57.0,9.3,79,5.65,1.5,0.0,0,0,1,0,0,0,1,Low
Mormugao,Coconut,2025-01-18,1,Inflorescence,26.7,64,0.9,6,1,32.4,7.8,21,5.49,1.5,1.3,0,0,0,0,0,0,0,None
Dharbandora,Spices,2024-03-29,3,Vegetative,32.7,58,0.0,8,0,30.5,18.3,18,4.84,0.0,0.0,0,0,0,0,0,0,0,None
Pernem,Cashew,2025-03-27,3,Harvest,35.8,57,0.0,15,0,15.9,13.0,5,5.65,0.7,1.1,1,0,0,0,0,0,1,Low
Tiswadi,Rice (Paddy),2022-10-12,10,Tillering,26.7,92,37.8,1,4,62.1,24.9,92,5.64,6.7,6.9,0,0,1,1,0,0,1,Moderate
Quepem,Cashew,2023-08-27,8,Dormant,28.1,90,0.8,0,0,51.8,25.2,95,5.31,6.8,0.5,0,0,0,0,0,0,0,None
Sanguem,Rice (Paddy),2022-08-13,8,Seedling,26.1,83,181.6,5,0,98.0,8.0,93,5.76,3.3,0.0,0,1,0,0,0,0,1,Low
Salcete,Rice (Paddy),2024-01-06,1,Flowering,28.6,62,0.0,8,0,28.5,22.1,39,5.57,1.9,1.8,0,0,0,0,0,0,0,None
Bicholim,Rice (Paddy),2022-05-24,5,Grain_Filling,34.5,53,8.0,14,1,16.9,16.3,24,5.36,0.2,1.3,1,0,0,1,0,0,1,Moderate
Sattari,Arecanut,2022-03-17,3,Nut_Formation,34.7,68,1.6,26,1,12.0,14.2,40,5.99,0.0,0.2,1,0,0,0,0,0,1,Low
Salcete,Coconut,2024-07-01,7,Maturity,25.1,78,76.9,2,5,72.2,19.9,92,4.88,2.1,0.0,0,0,0,0,0,0,0,None
Mormugao,Rice (Paddy),2023-07-10,7,Seedling,27.2,91,179.7,0,11,98.0,28.8,92,5.97,5.9,9.4,0,1,0,1,0,0,1,Moderate
Ponda,Rice (Paddy),2023-02-09,2,Seedling,28.3,64,0.0,11,0,23.0,14.4,32,6.13,0.4,0.9,0,0,0,0,0,0,0,None
Tiswadi,Pineapple,2024-09-05,9,Vegetative,28.9,86,61.1,1,2,73.1,41.6,97,5.72,4.3,0.9,0,0,0,0,0,0,0,None
Salcete,Coconut,2021-09-20,9,Maturity,29.8,86,11.7,2,0,54.1,17.1,88,5.69,6.6,0.7,0,0,0,0,0,0,0,None
Pernem,Mango,2025-06-09,6,Flowering,30.3,84,11.1,0,1,60.0,28.0,88,5.21,3.7,0.0,1,0,0,0,0,0,1,Low
Tiswadi,Coconut,2025-08-09,8,Nut_Development,23.3,85,40.2,2,3,64.6,26.5,100,5.95,0.0,3.8,0,0,0,0,0,0,0,None
Ponda,Spices,2025-04-27,4,Harvest,34.5,62,23.5,22,1,12.0,9.3,24,5.19,1.9,0.0,1,0,0,0,0,0,1,Low
Bicholim,Cashew,2024-10-29,10,Harvest,29.6,83,55.8,0,3,77.3,33.9,71,5.39,2.5,3.5,0,0,0,0,0,0,0,None
Sattari,Banana,2022-09-29,9,Bunch_Emergence,27.0,95,106.6,0,2,98.0,22.3,91,4.98,4.1,0.7,0,0,0,0,0,0,0,None
Quepem,Pineapple,2024-04-05,4,Harvest,33.6,52,0.0,12,0,13.4,7.3,16,5.77,1.8,0.0,1,0,0,0,0,0,1,Low
Sattari,Arecanut,2025-11-12,11,Harvest,28.9,70,0.0,16,0,13.3,17.8,43,5.82,0.0,0.0,1,0,0,0,0,0,1,Low
Bicholim,Cashew,2022-04-04,4,Fruit_Development,32.0,75,0.3,5,1,42.4,20.0,18,4.78,1.5,0.0,0,0,0,0,0,1,1,Low
Sanguem,Cashew,2023-09-26,9,Dormant,27.1,82,3.1,1,1,47.7,26.1,81,5.4,3.8,0.8,0,0,0,0,0,0,0,None
Quepem,Pineapple,2024-07-27,7,Fruit_Development,27.3,99,118.8,4,17,93.0,19.1,95,4.66,9.9,10.0,0,0,1,1,0,1,1,High
Pernem,Coconut,2022-12-01,12,Nut_Development,29.0,61,0.0,8,0,28.6,9.8,40,5.38,0.0,0.5,0,0,0,0,0,0,0,None
Pernem,Mango,2021-10-29,10,Fruit_Setting,27.7,85,60.1,2,2,75.6,32.4,75,5.22,2.1,0.0,0,0,0,0,0,0,0,None
Sattari,Coconut,2025-04-04,4,Maturity,32.0,59,6.6,18,1,12.0,20.6,5,5.37,0.0,0.0,1,0,0,0,0,0,1,Low
Quepem,Cashew,2025-05-23,5,Fruit_Development,32.8,59,0.0,24,0,12.0,14.9,17,5.25,1.5,0.4,1,0,0,0,0,0,1,Low
Sanguem,Coconut,2024-05-26,5,Vegetative,33.1,57,0.0,17,0,12.0,10.4,18,5.67,1.1,2.4,1,0,0,0,0,0,1,Low
Bardez,Coconut,2024-01-31,1,Maturity,28.4,53,0.0,25,0,12.0,16.1,46,5.23,0.0,1.8,1,0,0,0,0,0,1,Low
Pernem,Mango,2022-07-08,7,Fruit_Setting,28.0,80,9.2,0,4,47.9,14.3,79,5.3,1.8,0.0,0,0,0,0,0,0,0,None
Dharbandora,Arecanut,2021-10-15,10,Harvest,26.1,80,20.2,1,5,59.4,33.8,91,5.3,1.7,0.0,0,0,0,0,0,0,0,None
Tiswadi,Banana,2024-04-05,4,Harvest,30.6,53,0.0,15,0,12.0,16.4,8,5.61,0.0,0.0,1,0,0,0,0,0,1,Low
Canacona,Rice (Paddy),2022-09-13,9,Grain_Filling,31.4,82,1.1,3,3,38.5,47.1,65,5.29,0.6,2.8,0,1,0,0,0,0,1,Low
Quepem,Rice (Paddy),2023-10-03,10,Seedling,27.8,96,101.5,2,0,98.0,34.8,78,5.66,8.6,1.1,0,0,1,0,0,0,1,Low
Salcete,Rice (Paddy),2021-02-05,2,Seedling,30.5,67,0.0,10,0,22.2,15.8,45,5.72,0.0,1.0,0,0,0,0,0,0,0,None
Bicholim,Arecanut,2023-01-14,1,Nut_Formation,34.7,59,0.0,6,0,27.8,22.6,26,6.14,2.3,0.0,0,0,0,0,0,0,0,None
Sanguem,Cashew,2025-10-31,10,Flowering,27.9,99,40.4,0,0,80.7,24.8,88,5.19,6.7,0.0,0,0,1,0,0,0,1,Low
Mormugao,Cashew,2021-12-19,12,Dormant,27.9,72,0.0,12,0,22.9,14.3,37,6.21,0.4,0.4,0,0,0,0,0,0,0,None
Dharbandora,Rice (Paddy),2025-08-27,8,Flowering,25.1,91,20.0,0,15,56.8,8.0,64,5.41,4.5,10.0,0,0,0,1,0,0,1,Low
Tiswadi,Coconut,2021-03-14,3,Maturity,36.6,58,14.2,15,1,17.2,24.4,12,6.09,1.0,0.0,1,0,0,0,0,0,1,Low
Bardez,Mango,2022-10-10,10,Maturity,28.8,95,19.7,1,5,60.3,22.9,94,6.04,3.3,6.5,0,0,0,1,0,0,1,Low
Salcete,Cashew,2024-10-08,10,Dormant,26.9,84,20.2,0,18,60.7,26.6,82,4.81,3.3,10.0,0,0,0,1,0,0,1,Low
Quepem,Cashew,2023-12-30,12,Harvest,22.8,60,0.0,3,0,32.4,19.0,43,5.23,0.4,0.0,0,0,0,0,0,0,0,None
Canacona,Coconut,2022-03-01,3,Vegetative,34.1,57,0.0,25,0,12.0,21.8,32,5.03,2.0,0.5,1,0,0,0,0,0,1,Low
Tiswadi,Rice (Paddy),2023-09-26,9,Tillering,28.9,78,25.8,3,4,53.2,16.5,86,4.77,3.3,0.0,1,0,0,0,0,1,1,Moderate
Salcete,Rice (Paddy),2022-12-09,12,Tillering,29.2,65,0.0,12,0,26.7,12.1,14,4.96,0.0,1.2,0,0,0,0,0,0,0,None
Tiswadi,Coconut,2025-12-10,12,Maturity,29.8,62,0.0,7,0,31.0,12.9,39,5.62,0.0,0.3,0,0,0,0,0,0,0,None
Dharbandora,Arecanut,2022-07-15,7,Harvest,26.6,82,187.4,0,1,98.0,13.5,84,5.96,3.5,0.0,0,1,0,0,0,0,1,Low
Quepem,Pineapple,2023-04-08,4,Fruit_Development,34.4,67,0.0,19,0,12.0,20.5,22,5.87,0.0,0.0,1,0,0,0,0,0,1,Low
Mormugao,Rice (Paddy),2025-07-24,7,Tillering,31.4,87,42.5,1,0,72.4,21.5,100,5.07,4.3,2.3,0,0,0,0,0,0,0,None
Quepem,Rice (Paddy),2023-08-14,8,Seedling,29.2,80,24.8,4,9,47.0,27.5,93,4.2,2.8,2.2,0,0,0,0,0,0,0,None
Pernem,Coconut,2022-06-01,6,Maturity,26.6,93,17.7,1,1,51.4,31.4,95,4.92,6.6,0.2,0,0,0,0,0,0,0,None
Pernem,Mango,2022-03-04,3,Flowering,34.7,56,0.0,20,0,12.0,15.8,11,5.46,0.0,0.0,1,1,0,0,0,0,1,Moderate
Tiswadi,Coconut,2025-04-12,4,Nut_Development,35.5,47,0.0,5,0,23.0,17.3,28,5.28,0.5,0.0,0,0,0,1,0,0,1,Low
Bardez,Coconut,2021-06-09,6,Inflorescence,24.9,98,47.4,2,3,75.3,31.0,82,5.62,8.3,5.9,0,0,0,0,0,0,0,None
Bardez,Cashew,2021-05-29,5,Flowering,38.4,50,0.0,18,0,12.0,20.0,18,5.19,1.7,1.2,1,0,0,0,1,0,1,Moderate
Sattari,Cashew,2023-02-15,2,Flowering,29.0,69,0.0,21,0,12.0,11.9,10,4.63,0.4,0.0,0,0,0,0,0,1,1,Low
Sanguem,Spices,2024-06-07,6,Vegetative,25.7,88,102.6,0,1,92.6,42.3,86,4.76,5.2,0.0,0,0,0,0,0,0,0,None
Quepem,Cashew,2025-10-02,10,Dormant,24.8,88,92.0,0,0,98.0,32.4,82,5.34,6.4,1.6,0,0,0,0,0,0,0,None
Canacona,Cashew,2025-05-05,5,Fruit_Development,32.9,54,0.9,8,1,25.7,18.6,5,4.96,0.3,1.0,0,0,0,0,0,0,0,None
Salcete,Coconut,2021-03-08,3,Inflorescence,30.9,35,0.0,22,0,12.0,18.7,12,5.41,0.2,0.4,1,0,0,0,0,0,1,Low
Bardez,Mango,2023-10-11,10,Vegetative,27.0,100,22.5,0,6,69.3,35.0,91,5.61,7.0,9.8,0,0,1,1,0,0,1,Moderate
Bardez,Mango,2022-01-16,1,Maturity,30.8,68,0.0,10,0,20.9,16.0,55,5.68,0.0,0.0,0,0,0,0,0,0,0,None
Bardez,Mango,2021-02-27,2,Vegetative,27.5,67,0.0,8,0,32.7,5.2,26,5.68,1.9,0.4,0,0,0,0,0,0,0,None
Ponda,Spices,2024-07-06,7,Vegetative,24.5,71,137.8,2,0,98.0,38.2,83,5.71,0.0,0.1,0,0,0,0,0,0,0,None
Quepem,Rice (Paddy),2021-12-08,12,Flowering,31.8,59,0.6,18,1,14.1,17.2,52,5.8,0.0,0.0,1,0,0,0,0,0,1,Low
Pernem,Pineapple,2024-02-28,2,Vegetative,28.0,51,0.3,11,1,19.7,12.8,15,5.1,0.0,0.0,0,0,0,0,0,0,0,None
Salcete,Coconut,2022-12-28,12,Maturity,31.9,63,0.0,13,0,19.2,15.7,33,5.21,0.5,0.7,0,0,0,0,0,0,0,None
Ponda,Spices,2024-04-10,4,Flowering,36.2,52,0.0,21,0,12.0,11.5,30,5.08,0.0,1.1,1,0,0,0,0,0,1,Low
Bardez,Coconut,2023-02-09,2,Vegetative,29.4,67,0.0,15,0,14.9,12.7,33,6.01,0.4,0.2,1,0,0,0,0,0,1,Low
Quepem,Pineapple,2022-09-06,9,Harvest,33.8,93,13.4,0,6,65.1,28.2,88,5.06,0.0,6.6,0,0,0,1,0,0,1,Low
Ponda,Rice (Paddy),2024-05-17,5,Flowering,33.6,33,0.0,25,0,12.0,16.7,34,5.64,0.8,0.0,1,0,0,0,0,0,1,Low
Bardez,Pineapple,2021-12-20,12,Vegetative,30.3,76,1.0,12,1,25.7,15.8,19,5.06,0.0,0.6,0,0,0,0,0,0,0,None
Mormugao,Coconut,2025-02-03,2,Maturity,30.1,67,0.0,10,0,25.0,10.3,43,5.81,0.0,0.0,0,0,0,0,0,0,0,None
Quepem,Pineapple,2025-12-27,12,Fruit_Development,31.0,63,0.0,9,0,26.8,16.7,33,5.57,0.3,0.7,0,0,0,0,0,0,0,None
Salcete,Mango,2021-04-26,4,Fruit_Setting,37.3,50,0.0,14,0,12.8,18.2,50,5.13,1.1,0.0,1,0,0,0,1,0,1,Moderate
Bicholim,Cashew,2024-07-11,7,Harvest,28.1,94,55.5,0,3,81.1,22.7,100,4.94,6.3,3.4,0,0,0,0,0,0,0,None
Salcete,Rice (Paddy),2022-10-24,10,Tillering,25.4,88,9.3,1,1,51.2,36.5,97,5.27,7.7,0.0,0,0,1,0,0,0,1,Low
Canacona,Arecanut,2025-01-05,1,Vegetative,26.9,76,0.0,14,0,25.1,17.5,44,5.34,1.7,0.8,0,0,0,0,0,0,0,None
Bicholim,Rice (Paddy),2025-04-21,4,Seedling,33.6,52,0.0,27,0,12.0,14.8,23,5.93,1.1,0.0,1,0,0,0,0,0,1,Low
Bardez,Banana,2022-03-29,3,Shooting,35.4,58,0.0,22,0,12.0,17.8,34,5.73,0.0,0.0,1,0,0,0,0,0,1,Low
Dharbandora,Arecanut,2025-02-09,2,Nut_Formation,31.8,72,0.0,21,0,12.0,20.9,43,5.49,0.6,0.2,1,0,0,0,0,0,1,Low
Salcete,Cashew,2021-10-14,10,Flowering,26.1,90,76.9,0,0,87.8,19.3,100,5.83,6.0,0.0,0,0,1,0,0,0,1,Low
Mormugao,Coconut,2024-08-19,8,Maturity,25.9,100,90.9,0,2,92.4,34.2,65,6.03,5.4,2.8,0,0,0,0,0,0,0,None
Bardez,Mango,2023-10-14,10,Maturity,26.7,83,51.9,0,3,75.4,15.9,84,4.69,4.0,3.4,0,0,0,0,0,0,0,None
Sattari,Arecanut,2021-11-07,11,Nut_Formation,27.8,66,0.0,7,0,26.6,9.7,43,5.75,1.9,1.2,0,0,0,0,0,0,0,None
Quepem,Pineapple,2021-07-27,7,Fruit_Development,25.4,96,97.8,0,3,96.6,21.0,80,5.45,6.0,5.0,0,0,0,0,0,0,0,None
Dharbandora,Spices,2022-09-10,9,Pod_Development,29.2,81,75.2,3,0,75.3,28.9,70,5.66,2.8,0.0,0,0,0,0,0,0,0,None
Quepem,Pineapple,2022-03-22,3,Inflorescence,36.6,75,0.0,24,0,12.0,9.9,33,5.01,0.0,1.4,1,0,0,0,0,0,1,Low
Canacona,Rice (Paddy),2022-11-01,11,Tillering,28.1,55,0.0,4,0,27.1,9.6,59,5.38,0.0,0.1,0,0,0,0,0,0,0,None
Pernem,Cashew,2022-09-25,9,Harvest,29.2,86,3.9,0,3,46.2,25.3,93,5.15,2.2,2.5,0,0,0,0,0,0,0,None
Ponda,Arecanut,2021-02-24,2,Flowering,27.7,66,0.0,13,0,21.6,13.8,60,5.39,0.0,0.7,0,0,0,0,0,0,0,None
Ponda,Arecanut,2023-07-01,7,Nut_Formation,25.6,92,67.8,1,1,77.4,28.6,95,5.79,4.2,0.6,0,0,0,0,0,0,0,None
Quepem,Banana,2023-11-02,11,Finger_Filling,29.6,57,0.0,5,0,36.6,10.5,58,5.06,0.4,0.0,0,0,0,0,0,0,0,None
Bardez,Mango,2022-10-19,10,Maturity,28.3,100,124.9,2,5,98.0,22.6,97,6.12,6.0,8.1,0,1,0,1,0,0,1,Moderate
Bicholim,Rice (Paddy),2024-11-24,11,Grain_Filling,31.7,68,0.0,4,0,35.7,12.2,51,5.65,0.3,0.6,0,0,0,0,0,0,0,None
Sattari,Cashew,2025-07-30,7,Dormant,30.2,78,41.3,0,3,63.1,23.5,77,5.24,4.4,0.0,0,0,0,0,0,0,0,None
Dharbandora,Arecanut,2023-09-07,9,Nut_Formation,26.1,100,2.4,0,3,57.2,22.3,96,6.42,5.8,7.1,0,0,0,1,0,0,1,Low
Mormugao,Rice (Paddy),2022-05-30,5,Grain_Filling,33.6,59,0.0,9,0,25.3,18.9,41,5.47,0.0,0.0,1,0,0,0,0,0,1,Low
Sattari,Spices,2025-08-07,8,Pod_Development,27.9,87,181.8,1,0,98.0,14.1,81,5.65,6.1,0.0,0,1,0,0,0,0,1,Low
Bardez,Mango,2025-04-15,4,Maturity,36.6,55,0.0,10,0,21.0,24.0,37,5.16,1.3,1.2,1,0,0,0,1,0,1,Moderate
Tiswadi,Coconut,2021-08-25,8,Maturity,25.8,90,47.3,2,2,66.7,8.0,81,6.68,6.7,0.0,0,0,0,0,0,0,0,None
Quepem,Pineapple,2024-07-26,7,Inflorescence,27.5,86,37.9,1,14,69.1,26.7,87,5.88,4.4,10.0,0,0,1,1,0,0,1,Moderate
Mormugao,Rice (Paddy),2021-12-14,12,Grain_Filling,29.8,61,0.0,15,0,12.2,13.2,41,5.61,0.0,0.0,1,0,0,0,0,0,1,Low
Canacona,Rice (Paddy),2022-09-19,9,Tillering,28.9,86,44.2,2,2,58.6,41.1,65,4.78,5.0,0.0,0,0,0,0,0,1,1,Low
Quepem,Pineapple,2024-02-02,2,Vegetative,28.3,83,0.0,12,0,28.7,18.1,32,5.94,4.7,0.6,0,0,0,0,0,0,0,None
Ponda,Rice (Paddy),2022-09-22,9,Grain_Filling,27.3,89,2.6,1,2,59.0,12.4,100,5.7,2.1,0.0,0,0,0,0,0,0,0,None
Ponda,Spices,2025-03-21,3,Pod_Development,35.1,59,0.0,24,0,12.0,19.0,21,4.79,1.2,0.0,1,0,0,0,0,0,1,Low
Canacona,Spices,2024-06-25,6,Flowering,28.3,86,4.5,0,5,48.6,23.5,87,5.47,4.6,2.3,0,0,0,0,0,0,0,None
Salcete,Spices,2021-12-30,12,Vegetative,28.2,69,0.0,14,0,20.6,12.5,46,5.18,0.0,0.0,1,0,0,0,0,0,1,Low
Mormugao,Coconut,2021-11-17,11,Vegetative,29.3,63,0.0,15,0,16.9,14.9,38,5.26,0.0,0.2,1,0,0,0,0,0,1,Low
Sattari,Banana,2025-07-15,7,Bunch_Emergence,25.7,84,262.0,1,0,98.0,28.4,82,5.17,2.2,0.0,0,0,0,0,0,0,0,None
Tiswadi,Coconut,2021-10-13,10,Maturity,25.7,81,135.8,2,0,98.0,30.3,78,4.91,1.8,0.0,0,0,0,0,0,0,0,None
Quepem,Pineapple,2021-05-29,5,Harvest,35.1,60,10.1,17,1,14.7,19.7,46,5.48,3.6,0.5,1,0,0,0,0,0,1,Low
Ponda,Spices,2024-01-13,1,Vegetative,32.1,78,0.0,16,0,17.5,16.6,36,6.21,2.4,0.8,1,0,0,0,0,0,1,Low
Quepem,Pineapple,2022-02-10,2,Inflorescence,29.5,61,0.0,7,0,26.5,12.1,54,5.29,2.4,0.0,0,0,0,0,0,0,0,None
Bardez,Coconut,2023-09-05,9,Nut_Development,28.4,78,77.3,0,13,80.9,24.7,91,5.9,2.5,0.0,0,0,0,0,0,0,0,None
Canacona,Rice (Paddy),2022-04-01,4,Seedling,35.5,43,0.0,26,0,12.0,20.2,28,4.67,0.0,2.2,1,0,0,0,0,0,1,Low
Quepem,Rice (Paddy),2025-11-02,11,Tillering,27.6,61,0.0,8,0,18.6,16.6,64,5.94,0.0,0.9,0,0,0,0,0,0,0,None
Dharbandora,Spices,2023-03-11,3,Pod_Development,37.7,63,0.0,17,0,20.2,16.6,37,5.12,0.0,0.0,1,0,0,0,0,0,1,Low
Bicholim,Cashew,2024-03-30,3,Dormant,32.4,53,0.0,9,0,24.4,21.2,45,4.56,0.5,0.0,0,0,0,0,0,0,0,None
Dharbandora,Rice (Paddy),2023-10-10,10,Flowering,26.5,85,40.6,1,7,72.6,26.5,86,5.15,4.1,6.3,0,0,0,0,0,0,0,None
Canacona,Cashew,2023-02-23,2,Dormant,30.4,59,0.0,17,0,14.7,14.2,10,5.76,0.0,3.1,1,0,0,0,0,0,1,Low
Bicholim,Cashew,2022-04-05,4,Harvest,33.3,64,0.0,19,0,12.0,13.3,36,5.63,1.4,0.0,1,0,0,0,0,0,1,Low
Bardez,Mango,2025-04-23,4,Flowering,34.1,74,0.0,15,0,19.1,13.4,39,5.12,0.7,0.6,1,0,0,0,0,0,1,Low
Quepem,Coconut,2025-03-04,3,Vegetative,33.8,43,0.0,21,0,12.0,5.7,5,5.41,2.3,0.0,1,0,0,0,0,0,1,Low
Sanguem,Cashew,2023-01-08,1,Fruit_Development,29.8,73,0.0,16,0,12.0,11.7,52,5.12,0.0,0.0,1,0,0,0,0,0,1,Low
Sanguem,Cashew,2022-05-24,5,Dormant,38.1,54,0.0,23,0,12.0,12.9,35,5.44,0.0,0.0,1,0,0,0,1,0,1,Moderate
Tiswadi,Rice (Paddy),2025-08-05,8,Flowering,26.6,81,144.7,0,4,98.0,24.2,64,5.86,5.8,0.0,0,1,0,0,0,0,1,Low
Pernem,Mango,2022-04-26,4,Flowering,33.5,47,0.0,15,0,12.0,19.1,23,5.81,0.0,0.0,1,0,0,0,0,0,1,Low
Ponda,Spices,2025-08-14,8,Pod_Development,25.2,100,27.9,2,1,59.7,31.4,77,5.85,7.3,0.7,0,0,1,0,0,0,1,Low
Dharbandora,Rice (Paddy),2021-04-24,4,Tillering,31.3,74,0.0,16,0,14.4,18.6,19,5.84,0.8,0.0,1,0,0,0,0,0,1,Low
Mormugao,Coconut,2023-01-19,1,Maturity,29.9,60,0.0,7,0,27.8,13.9,61,5.76,0.0,0.5,0,0,0,0,0,0,0,None
Dharbandora,Rice (Paddy),2025-05-21,5,Tillering,34.6,52,0.0,13,0,19.0,11.1,34,5.67,0.5,0.0,1,0,0,0,0,0,1,Low
Canacona,Cashew,2021-12-27,12,Fruit_Development,27.6,55,0.0,6,0,30.3,12.3,55,5.49,0.8,1.7,0,0,0,0,0,0,0,None
Mormugao,Coconut,2021-12-07,12,Vegetative,31.1,64,0.0,2,0,40.6,13.0,31,5.62,0.8,0.0,0,0,0,0,0,0,0,None
Bicholim,Rice (Paddy),2023-02-09,2,Flowering,27.4,55,0.0,7,0,25.6,12.2,31,5.89,0.0,0.1,0,0,0,0,0,0,0,None
Bicholim,Cashew,2023-01-31,1,Harvest,25.5,72,0.0,13,0,20.1,15.4,46,6.73,2.5,0.0,0,0,0,0,0,0,0,None
Tiswadi,Coconut,2023-08-27,8,Maturity,26.3,94,81.9,1,15,85.5,20.6,80,5.3,6.8,10.0,0,1,0,1,0,0,1,Moderate
Sattari,Banana,2022-03-25,3,Shooting,37.0,54,0.0,23,0,12.0,13.2,7,5.69,1.1,0.0,1,0,0,0,1,0,1,Moderate
Ponda,Spices,2023-04-15,4,Vegetative,35.5,59,0.0,30,0,12.0,21.1,10,5.62,0.0,0.0,1,0,0,0,0,0,1,Low
Bicholim,Cashew,2024-04-18,4,Flowering,36.5,63,0.0,22,0,12.0,16.5,17,5.36,0.1,0.0,1,1,0,0,0,0,1,Moderate
Canacona,Coconut,2025-09-22,9,Maturity,28.1,87,1.4,0,17,54.1,11.1,69,5.51,4.5,10.0,0,0,0,1,0,0,1,Low
Dharbandora,Arecanut,2024-12-01,12,Vegetative,30.9,78,0.0,9,0,38.7,16.7,38,5.38,2.2,0.8,0,0,0,0,0,0,0,None
Mormugao,Coconut,2025-08-17,8,Vegetative,26.0,76,4.7,0,6,45.6,32.2,85,5.44,4.3,1.8,0,0,0,0,0,0,0,None
Mormugao,Rice (Paddy),2024-05-04,5,Tillering,39.4,59,0.0,24,0,12.0,15.8,30,5.45,0.7,0.8,1,0,0,0,1,0,1,Moderate
Pernem,Coconut,2025-01-29,1,Nut_Development,29.2,71,0.0,10,0,29.7,16.6,27,5.55,0.0,2.0,0,0,0,0,0,0,0,None
Tiswadi,Coconut,2021-11-07,11,Maturity,28.8,65,0.0,7,0,28.8,15.2,43,5.73,0.0,0.0,0,0,0,0,0,0,0,None
Sanguem,Rice (Paddy),2021-09-19,9,Tillering,27.3,81,14.3,0,0,55.4,25.8,83,5.26,2.7,0.3,0,0,0,0,0,0,0,None
Mormugao,Coconut,2024-12-13,12,Nut_Development,31.8,65,0.0,13,0,21.1,20.8,10,5.69,1.1,1.0,0,0,0,0,0,0,0,None
Salcete,Rice (Paddy),2022-02-10,2,Flowering,27.0,66,0.0,11,0,17.8,14.0,49,5.1,0.0,2.0,0,0,0,0,0,0,0,None
Quepem,Pineapple,2021-05-23,5,Inflorescence,36.2,62,0.0,24,0,12.0,10.6,11,5.0,0.0,0.9,1,0,0,0,0,0,1,Low
Ponda,Arecanut,2021-12-08,12,Nut_Formation,28.1,57,2.1,10,1,20.7,14.4,25,5.38,0.0,0.0,0,0,0,0,0,0,0,None
Tiswadi,Rice (Paddy),2024-09-01,9,Seedling,30.2,100,41.3,0,1,73.5,37.0,79,5.53,10.0,0.0,0,0,1,0,0,0,1,Low
Dharbandora,Arecanut,2024-01-30,1,Vegetative,31.1,67,0.0,10,0,28.4,20.3,37,5.42,0.0,1.5,0,0,0,0,0,0,0,None
Canacona,Coconut,2021-09-01,9,Inflorescence,31.0,82,47.8,3,19,68.0,20.7,82,4.98,2.7,10.0,0,0,0,0,0,0,0,None
Quepem,Pineapple,2022-05-05,5,Harvest,35.8,57,0.0,16,0,13.0,12.6,18,5.8,0.0,0.5,0,0,0,0,0,0,0,None
Sattari,Rice (Paddy),2021-01-12,1,Seedling,26.2,67,0.0,12,0,23.2,7.6,29,5.1,0.0,0.0,0,0,0,0,0,0,0,None
Tiswadi,Rice (Paddy),2024-06-16,6,Flowering,28.3,84,31.7,0,1,63.7,15.2,100,4.75,3.1,0.0,0,0,0,0,0,1,1,Low
Bardez,Spices,2022-07-15,7,Flowering,24.3,93,75.7,0,1,87.0,14.1,94,5.87,5.9,0.4,0,0,0,0,0,0,0,None
Sanguem,Rice (Paddy),2021-02-11,2,Seedling,28.1,63,0.0,10,0,23.0,9.9,10,6.04,0.0,0.0,0,0,0,0,0,0,0,None
Mormugao,Rice (Paddy),2022-11-09,11,Grain_Filling,25.8,60,0.0,20,0,12.0,13.6,37,4.95,0.0,0.6,1,0,0,0,0,0,1,Low
Mormugao,Coconut,2022-08-17,8,Maturity,31.0,90,72.4,0,3,86.4,35.3,93,4.95,4.6,3.6,0,1,0,0,0,0,1,Low
Quepem,Rice (Paddy),2024-12-23,12,Flowering,24.7,66,0.0,10,0,25.0,21.7,48,5.54,0.0,0.0,0,0,0,0,0,0,0,None
Canacona,Coconut,2024-03-27,3,Inflorescence,34.5,60,3.3,8,1,24.6,12.6,26,5.44,0.0,0.1,0,0,0,0,0,0,0,None
Dharbandora,Spices,2024-05-24,5,Flowering,35.8,55,0.0,12,0,20.5,12.3,10,5.21,0.0,0.1,1,0,0,0,0,0,1,Low
Pernem,Mango,2025-08-21,8,Maturity,28.5,85,5.0,1,0,44.6,30.4,86,4.55,3.3,0.0,0,0,0,0,0,0,0,None
Tiswadi,Cashew,2025-01-25,1,Fruit_Development,29.1,45,0.0,15,0,13.2,13.7,44,5.19,0.0,0.1,1,0,0,0,0,0,1,Low
Quepem,Rice (Paddy),2021-05-14,5,Tillering,32.4,38,0.0,23,0,12.0,19.8,44,5.15,1.1,0.0,1,0,0,0,0,0,1,Low
Bardez,Cashew,2023-12-27,12,Flowering,27.7,53,0.0,7,0,31.2,17.6,43,5.86,1.7,1.6,0,0,0,0,0,0,0,None
Sattari,Rice (Paddy),2023-10-28,10,Tillering,24.7,74,0.4,0,20,50.0,34.5,99,5.68,1.6,0.0,0,0,0,0,0,0,0,None
Bardez,Pineapple,2023-08-06,8,Fruit_Development,32.0,84,118.5,3,0,95.6,34.0,74,5.73,3.6,0.0,0,0,0,0,0,0,0,None
Ponda,Arecanut,2025-03-30,3,Harvest,32.7,52,0.0,20,0,12.0,16.1,20,5.35,0.0,0.0,1,0,0,0,0,0,1,Low
Sattari,Arecanut,2021-03-14,3,Flowering,33.5,60,0.0,17,0,12.0,12.4,5,6.31,0.4,0.2,1,0,0,0,0,0,1,Low
Pernem,Coconut,2022-02-03,2,Maturity,32.7,73,0.0,12,0,23.3,16.8,21,5.6,0.0,0.0,0,0,0,0,0,0,0,None
Quepem,Pineapple,2024-11-29,11,Fruit_Development,28.1,78,0.0,15,0,19.7,13.4,39,5.93,0.7,1.8,1,0,0,0,0,0,1,Low
Dharbandora,Rice (Paddy),2025-08-26,8,Seedling,27.9,83,52.9,2,2,66.5,35.6,73,6.4,2.8,0.0,0,0,0,0,0,0,0,None
Dharbandora,Arecanut,2022-08-01,8,Nut_Formation,25.2,90,116.6,1,2,98.0,20.3,81,5.42,2.4,0.0,0,1,1,0,0,0,1,Moderate
Bicholim,Cashew,2023-05-09,5,Harvest,36.6,57,0.0,19,0,12.0,20.4,12,4.98,0.0,0.0,1,0,0,0,0,0,1,Low
Ponda,Rice (Paddy),2021-05-10,5,Flowering,33.0,37,0.0,14,0,12.0,5.0,15,5.6,0.5,0.0,1,0,0,0,0,0,1,Low
Ponda,Spices,2023-07-20,7,Pod_Development,23.5,89,123.8,0,0,98.0,21.4,82,4.39,0.0,1.4,0,0,0,0,0,0,0,None
Sattari,Cashew,2025-01-29,1,Harvest,29.5,75,0.0,18,0,13.6,21.2,42,5.91,2.9,0.0,1,0,0,0,0,0,1,Low
Salcete,Rice (Paddy),2024-05-14,5,Flowering,31.5,61,0.0,14,0,15.3,17.3,34,6.17,0.0,0.0,1,0,0,0,0,0,1,Low
Bardez,Mango,2025-12-17,12,Maturity,30.1,68,0.0,11,0,23.3,18.8,47,4.65,0.0,0.6,0,0,0,0,0,0,0,None
Sattari,Cashew,2025-11-27,11,Dormant,26.4,74,0.0,7,0,43.4,6.8,40,5.91,0.0,0.3,0,0,0,0,0,0,0,None
Ponda,Rice (Paddy),2021-09-23,9,Grain_Filling,27.7,83,40.3,0,4,65.6,8.0,93,5.83,4.5,3.4,0,0,0,1,0,0,1,Low
Salcete,Rice (Paddy),2025-04-10,4,Flowering,29.2,44,0.0,21,0,12.0,11.9,24,5.5,0.2,0.0,0,0,0,0,0,0,0,None
Bardez,Coconut,2023-03-04,3,Maturity,30.1,36,0.0,14,0,12.0,23.0,50,5.59,0.0,2.2,1,0,0,0,0,0,1,Low
Pernem,Coconut,2021-09-10,9,Maturity,27.6,99,80.0,3,0,83.7,30.9,95,5.91,8.6,0.3,0,0,1,0,0,0,1,Low
Sanguem,Cashew,2023-04-02,4,Flowering,35.4,55,0.0,23,0,12.0,25.0,32,6.1,1.0,0.9,1,0,0,0,0,0,1,Low
Pernem,Coconut,2024-08-05,8,Vegetative,30.0,94,37.5,0,1,73.8,22.7,68,5.3,5.9,0.4,0,0,0,0,0,0,0,None
Pernem,Coconut,2021-06-13,6,Vegetative,26.1,82,83.6,2,0,83.4,8.2,89,5.22,1.4,0.0,0,0,0,0,0,0,0,None
Canacona,Banana,2021-04-05,4,Harvest,37.4,49,0.0,22,0,12.0,15.4,21,5.37,0.9,0.4,1,0,0,0,1,0,1,Moderate
Mormugao,Coconut,2025-12-11,12,Inflorescence,27.8,67,0.0,7,0,30.4,22.2,53,5.15,2.6,1.1,1,0,0,0,0,0,1,Low
Tiswadi,Coconut,2023-04-13,4,Vegetative,38.0,42,0.0,23,0,12.0,21.6,15,5.01,1.0,0.7,1,0,0,0,1,0,1,Moderate
Sattari,Cashew,2024-02-08,2,Fruit_Development,24.7,69,0.0,15,0,16.5,18.9,13,5.26,0.0,0.0,1,0,0,0,0,0,1,Low
Canacona,Cashew,2021-12-02,12,Fruit_Development,27.0,63,0.0,19,0,12.0,15.7,35,5.17,0.0,0.0,1,0,0,0,0,0,1,Low
Bardez,Coconut,2023-04-02,4,Vegetative,31.1,60,0.0,26,0,12.0,16.0,5,5.46,1.0,1.1,1,0,0,0,0,0,1,Low
Mormugao,Rice (Paddy),2021-08-26,8,Seedling,28.9,73,5.8,1,7,46.1,16.8,80,5.27,3.1,0.0,0,0,0,0,0,0,0,None
Bicholim,Cashew,2022-01-16,1,Dormant,28.9,57,0.0,19,0,12.0,25.2,62,5.37,0.3,0.0,1,0,0,0,0,0,1,Low
Bicholim,Cashew,2024-12-30,12,Dormant,27.8,70,0.0,8,0,33.8,16.2,31,5.2,0.0,0.7,0,0,0,0,0,0,0,None
Salcete,Cashew,2023-06-18,6,Harvest,29.4,81,40.0,0,3,67.4,23.8,71,5.48,2.8,1.0,0,0,0,0,0,0,0,None
Quepem,Cashew,2022-04-28,4,Harvest,33.1,56,0.0,17,0,12.0,18.8,13,5.1,0.5,2.0,1,0,0,0,0,0,1,Low
Dharbandora,Pineapple,2023-06-21,6,Inflorescence,25.4,80,63.4,0,0,79.2,25.0,90,5.91,3.3,0.6,0,0,0,0,0,0,0,None
Sattari,Rice (Paddy),2023-11-15,11,Flowering,33.0,75,0.0,15,0,24.0,10.1,32,5.69,1.3,0.0,1,0,0,0,0,0,1,Low
Sattari,Banana,2025-08-04,8,Finger_Filling,30.4,93,200.7,0,3,98.0,32.2,88,5.82,7.0,4.7,0,1,1,0,0,0,1,Moderate
Salcete,Coconut,2024-02-15,2,Maturity,32.9,69,0.0,16,0,19.0,19.2,33,6.48,2.8,0.0,1,0,0,0,0,0,1,Low
Mormugao,Spices,2022-04-27,4,Pod_Development,42.0,45,0.0,17,0,12.0,17.2,19,4.62,0.0,0.6,1,0,0,0,1,0,1,Moderate
Sattari,Arecanut,2024-11-16,11,Vegetative,25.7,68,0.0,16,0,20.0,18.5,47,5.73,0.4,0.0,1,0,1,0,0,0,1,Moderate
Tiswadi,Coconut,2023-07-06,7,Vegetative,27.6,90,2.9,0,11,44.6,12.5,71,5.47,4.1,10.0,0,0,0,1,0,0,1,Low
Dharbandora,Arecanut,2023-09-21,9,Flowering,28.2,77,47.9,0,1,65.7,35.8,70,4.78,1.0,0.0,0,0,0,0,0,1,1,Low
Sattari,Mango,2023-08-22,8,Flowering,29.3,76,105.3,0,5,94.9,28.3,74,5.39,3.2,0.0,0,0,0,0,0,0,0,None
Pernem,Cashew,2022-06-21,6,Dormant,29.7,90,5.7,2,5,50.4,35.2,100,4.84,6.8,5.1,0,0,0,0,0,0,0,None
Dharbandora,Rice (Paddy),2024-01-08,1,Seedling,26.9,65,0.0,17,0,12.0,15.8,37,5.08,0.0,0.9,1,0,0,0,0,0,1,Low
Bardez,Cashew,2025-05-23,5,Dormant,35.0,63,0.0,17,0,14.2,14.9,31,5.28,0.0,1.9,1,0,0,0,0,0,1,Low
Bicholim,Rice (Paddy),2024-04-11,4,Seedling,33.3,62,0.0,6,0,37.1,14.1,9,5.15,1.0,0.0,0,0,0,0,0,0,0,None
Bicholim,Cashew,2023-11-02,11,Flowering,21.6,68,0.0,7,0,26.8,16.1,20,5.23,0.0,1.6,0,0,0,0,0,0,0,None
Sanguem,Cashew,2025-12-29,12,Fruit_Development,31.6,75,0.0,12,0,26.5,14.1,40,5.31,1.8,0.0,0,0,0,0,0,0,0,None
Quepem,Rice (Paddy),2021-05-08,5,Flowering,35.4,47,0.4,18,1,12.0,7.0,18,5.5,4.1,0.0,1,0,0,0,0,0,1,Low
Canacona,Coconut,2025-06-20,6,Vegetative,27.3,81,15.6,4,6,50.2,23.8,79,5.45,1.9,1.8,0,0,1,0,0,0,1,Low
Quepem,Pineapple,2021-04-02,4,Fruit_Development,34.2,65,0.0,19,0,12.0,19.2,43,5.82,0.5,0.6,1,0,0,0,0,0,1,Low
Dharbandora,Arecanut,2025-08-04,8,Vegetative,24.8,83,71.2,0,0,79.6,21.3,84,5.78,2.0,0.0,0,0,0,0,0,0,0,None
Mormugao,Coconut,2022-06-27,6,Maturity,23.2,75,22.4,1,6,50.8,26.9,100,5.43,1.0,0.0,0,0,0,0,0,0,0,None
Pernem,Cashew,2023-04-26,4,Dormant,32.9,48,0.0,12,0,20.4,11.6,29,4.93,0.0,0.0,0,0,0,0,0,0,0,None
Dharbandora,Rice (Paddy),2025-04-05,4,Grain_Filling,38.2,63,1.3,13,1,14.9,11.3,22,5.6,0.0,0.0,1,0,0,0,1,0,1,Moderate
Ponda,Spices,2025-08-09,8,Pod_Development,27.0,91,49.3,0,5,82.5,34.0,79,5.98,6.5,5.4,0,0,0,0,0,0,0,None
Mormugao,Rice (Paddy),2023-09-16,9,Flowering,26.2,78,25.3,1,11,58.6,22.0,81,5.1,4.0,0.0,0,0,0,0,0,0,0,None
Mormugao,Coconut,2022-03-23,3,Vegetative,38.4,60,0.0,23,0,12.0,6.9,8,5.13,0.0,1.1,0,0,0,0,1,0,1,Low
Sattari,Mango,2022-01-25,1,Fruit_Setting,30.8,61,0.0,19,0,13.4,13.2,12,5.37,0.0,0.0,1,0,0,0,0,0,1,Low
Salcete,Cashew,2022-11-03,11,Dormant,33.0,66,0.0,7,0,28.2,10.3,57,4.55,1.1,0.6,0,0,0,0,0,0,0,None
Bicholim,Rice (Paddy),2021-02-12,2,Grain_Filling,29.0,64,0.0,14,0,23.7,17.2,46,5.03,0.0,0.1,1,0,0,0,0,0,1,Low
Sattari,Arecanut,2021-09-11,9,Flowering,25.1,81,7.5,0,1,54.3,24.3,86,5.83,2.2,0.0,0,0,0,0,0,0,0,None
Pernem,Coconut,2024-02-28,2,Inflorescence,30.1,63,1.8,18,1,13.3,21.3,10,5.47,0.0,0.0,1,0,0,0,0,0,1,Low
Tiswadi,Cashew,2023-12-20,12,Flowering,27.8,58,0.0,4,0,31.4,9.9,47,5.69,0.0,0.1,0,0,0,0,0,0,0,None
Quepem,Spices,2022-10-25,10,Vegetative,28.1,97,17.3,1,0,57.4,14.2,76,5.27,6.3,0.0,0,0,0,0,0,0,0,None
Quepem,Spices,2022-04-12,4,Harvest,36.2,56,0.0,6,0,27.3,17.1,5,5.08,0.5,0.0,0,0,0,1,0,0,1,Low
Mormugao,Rice (Paddy),2021-10-14,10,Seedling,28.4,100,133.6,1,2,98.0,29.4,95,5.55,7.6,0.0,0,0,1,0,0,0,1,Low
Tiswadi,Coconut,2023-10-08,10,Nut_Development,27.0,94,7.0,0,1,60.5,26.2,82,5.23,4.6,0.1,0,0,0,0,0,0,0,None
Mormugao,Rice (Paddy),2025-03-21,3,Seedling,36.2,46,0.0,22,0,12.0,19.0,29,4.9,0.0,0.5,1,0,0,0,0,0,1,Low
Mormugao,Rice (Paddy),2025-01-30,1,Grain_Filling,30.4,61,1.9,13,1,18.8,13.9,70,5.36,0.0,0.0,0,0,0,0,0,0,0,None
Bardez,Cashew,2023-02-17,2,Flowering,25.0,77,0.0,10,0,30.3,16.9,50,6.44,1.9,0.0,0,0,0,0,0,0,0,None
Bicholim,Rice (Paddy),2021-12-11,12,Seedling,26.2,67,0.0,11,0,28.5,13.1,56,5.07,0.1,0.4,0,0,0,0,0,0,0,None
Dharbandora,Spices,2022-10-04,10,Harvest,26.4,91,7.9,2,3,56.1,36.1,77,5.16,5.5,3.9,0,0,0,0,0,0,0,None
Sanguem,Rice (Paddy),2022-01-17,1,Flowering,26.2,63,0.0,15,0,12.0,10.2,34,4.71,0.2,0.0,0,0,0,0,0,1,1,Low
Pernem,Coconut,2025-12-08,12,Vegetative,28.2,66,0.0,13,0,21.1,5.0,51,5.73,0.1,0.0,0,0,0,0,0,0,0,None
Tiswadi,Rice (Paddy),2022-11-21,11,Tillering,26.0,69,0.0,14,0,22.9,12.4,45,4.46,0.0,0.0,1,0,0,0,0,1,1,Moderate
Ponda,Cashew,2024-06-30,6,Harvest,25.7,83,17.7,2,14,50.5,22.7,100,5.76,4.1,8.8,0,0,0,0,0,0,0,None
Sattari,Arecanut,2023-12-16,12,Flowering,27.4,73,0.0,21,0,12.0,13.4,28,4.88,0.0,0.3,1,0,0,0,0,0,1,Low
Mormugao,Rice (Paddy),2025-01-26,1,Grain_Filling,28.8,75,0.0,11,0,24.7,5.0,31,5.73,2.5,0.0,0,0,0,0,0,0,0,None
Pernem,Cashew,2022-04-02,4,Harvest,31.7,48,0.0,17,0,12.0,18.8,10,6.04,0.9,0.2,1,0,0,0,0,0,1,Low
Sanguem,Rice (Paddy),2023-09-10,9,Tillering,32.7,92,58.5,1,10,74.6,27.1,62,6.19,4.5,8.8,0,0,0,1,0,0,1,Low
Sanguem,Spices,2021-03-24,3,Harvest,32.9,46,0.0,15,0,12.0,15.3,20,5.64,0.5,0.0,1,0,0,0,0,0,1,Low
Pernem,Mango,2024-01-28,1,Vegetative,29.0,69,0.0,8,0,29.8,6.3,10,5.65,0.0,0.2,0,0,0,0,0,0,0,None
Bicholim,Cashew,2021-05-29,5,Harvest,31.2,62,0.0,15,0,19.5,15.1,31,5.54,0.0,0.0,1,0,0,0,0,0,1,Low
Sattari,Rice (Paddy),2024-09-14,9,Tillering,26.3,81,23.5,2,6,58.3,8.0,86,5.07,4.2,0.0,0,0,0,0,0,0,0,None
Mormugao,Coconut,2024-03-25,3,Nut_Development,36.4,73,0.0,21,0,12.0,24.9,31,5.14,0.0,1.4,1,0,0,0,0,0,1,Low
Sanguem,Cashew,2021-07-09,7,Harvest,27.5,92,63.1,0,3,81.0,30.4,93,5.82,8.3,4.2,0,0,1,0,0,0,1,Low
Bardez,Cashew,2025-02-26,2,Flowering,29.2,56,0.0,13,0,19.5,15.4,31,4.56,0.0,0.3,0,0,0,0,0,1,1,Low
Bardez,Mango,2023-06-02,6,Fruit_Setting,29.2,84,64.1,1,0,79.1,34.2,85,5.31,2.8,0.8,0,0,0,0,0,0,0,None
Ponda,Rice (Paddy),2021-09-20,9,Flowering,29.6,95,28.9,3,0,71.3,25.8,78,5.29,4.9,0.0,1,0,0,0,0,0,1,Low
Salcete,Rice (Paddy),2024-01-09,1,Flowering,29.3,72,0.0,2,0,52.7,21.3,20,5.81,0.0,0.4,0,0,0,0,0,0,0,None
Canacona,Rice (Paddy),2022-02-04,2,Tillering,24.5,78,0.0,16,0,19.3,14.2,29,5.46,3.3,0.0,1,0,0,1,0,0,1,Moderate
Salcete,Coconut,2023-02-03,2,Inflorescence,31.6,67,0.0,20,0,12.0,17.9,64,5.07,0.0,0.0,1,0,0,0,0,0,1,Low
Bardez,Mango,2022-09-01,9,Vegetative,28.9,78,1.7,4,3,45.9,34.4,87,5.26,2.9,0.8,0,0,0,0,0,0,0,None
Bardez,Coconut,2024-07-07,7,Maturity,27.3,91,58.4,0,3,78.8,31.3,74,5.16,5.6,4.2,0,0,0,0,0,0,0,None
Mormugao,Coconut,2025-12-01,12,Nut_Development,25.6,68,0.0,10,0,24.5,13.7,43,5.08,0.0,0.0,0,0,0,0,0,0,0,None
Dharbandora,Pineapple,2025-06-27,6,Harvest,28.8,78,14.0,0,1,51.3,25.5,94,5.34,2.1,0.0,0,0,0,0,0,0,0,None
Bardez,Mango,2025-04-25,4,Fruit_Setting,35.4,63,0.0,14,0,15.8,16.5,8,5.83,0.0,0.0,1,0,0,0,0,0,1,Low
Mormugao,Arecanut,2023-02-24,2,Vegetative,27.1,79,0.0,10,0,25.2,22.9,23,5.24,2.7,0.6,0,1,0,0,0,0,1,Low
Quepem,Spices,2021-04-11,4,Harvest,35.0,62,0.0,18,0,12.0,26.1,35,5.09,0.1,0.3,0,0,0,0,0,0,0,None
Bardez,Banana,2024-10-14,10,Finger_Filling,26.4,78,13.5,2,2,49.6,32.0,76,4.93,1.2,0.0,0,0,0,0,0,0,0,None
Quepem,Pineapple,2024-11-04,11,Harvest,28.0,58,0.0,6,0,33.5,13.8,31,5.09,0.2,1.1,0,0,0,0,0,0,0,None
Quepem,Cashew,2023-03-31,3,Flowering,33.7,38,0.0,25,0,12.0,15.9,21,5.34,0.0,0.0,1,0,0,0,0,0,1,Low
Quepem,Cashew,2024-05-29,5,Dormant,32.4,65,0.0,22,0,12.0,20.9,28,5.19,0.0,0.0,1,0,0,0,0,0,1,Low
Ponda,Rice (Paddy),2023-03-31,3,Tillering,32.2,62,0.0,16,0,12.0,25.1,29,4.57,0.8,0.0,1,0,0,0,0,1,1,Moderate
Quepem,Pineapple,2022-02-24,2,Vegetative,26.0,51,0.0,23,0,12.0,9.8,52,5.36,2.7,1.1,0,0,0,0,0,0,0,None
Bicholim,Rice (Paddy),2021-05-04,5,Flowering,38.1,48,0.0,16,0,12.0,17.7,38,4.94,0.0,0.0,1,0,0,0,1,0,1,Moderate
Dharbandora,Spices,2022-02-26,2,Pod_Development,28.3,54,0.0,10,0,23.6,11.9,37,5.55,0.0,0.0,0,0,0,0,0,0,0,None
Ponda,Spices,2024-06-08,6,Vegetative,28.1,90,5.0,4,3,38.7,31.8,75,5.65,4.9,5.0,0,0,0,0,0,0,0,None
Sattari,Mango,2025-09-10,9,Vegetative,29.5,83,36.8,0,0,65.7,29.9,100,5.79,2.6,0.0,0,0,0,0,0,0,0,None
Dharbandora,Spices,2023-12-23,12,Vegetative,30.6,61,0.0,3,0,29.1,16.8,39,6.49,0.0,0.5,0,0,0,0,0,0,0,None
Sanguem,Rice (Paddy),2025-02-17,2,Tillering,31.0,76,0.0,3,0,42.6,20.9,41,4.81,1.9,0.0,0,0,0,0,0,0,0,None
Tiswadi,Rice (Paddy),2025-07-10,7,Grain_Filling,26.9,90,221.1,0,0,98.0,43.5,90,4.68,4.1,0.6,0,1,0,0,0,0,1,Low
Mormugao,Rice (Paddy),2025-09-23,9,Grain_Filling,28.1,90,61.5,1,0,77.1,9.1,92,5.36,3.4,0.0,0,0,0,0,0,0,0,None
Bardez,Coconut,2025-05-17,5,Maturity,37.1,59,0.0,22,0,12.0,20.2,33,5.47,0.0,1.0,1,0,0,0,0,0,1,Low
Pernem,Cashew,2023-02-07,2,Dormant,29.7,67,0.0,9,0,27.2,19.4,40,5.59,0.0,0.5,0,0,0,0,0,0,0,None
Bicholim,Rice (Paddy),2022-04-28,4,Tillering,34.7,60,0.0,16,0,21.5,22.2,41,5.83,0.0,1.0,1,0,0,0,0,0,1,Low
Sattari,Banana,2022-06-03,6,Shooting,28.0,89,1.4,0,4,51.3,37.0,80,5.59,4.8,4.6,0,0,0,1,0,0,1,Low
Sanguem,Cashew,2021-06-04,6,Dormant,29.3,84,9.5,0,3,51.9,42.8,91,4.99,3.2,3.0,0,0,0,0,0,0,0,None
Dharbandora,Rice (Paddy),2021-04-02,4,Tillering,33.9,53,0.0,17,0,12.0,17.1,29,5.18,0.0,1.4,1,0,0,0,0,0,1,Low
Mormugao,Spices,2023-09-09,9,Vegetative,27.9,93,22.4,3,2,62.3,29.3,96,5.81,3.4,0.0,1,0,0,0,0,0,1,Low
Mormugao,Rice (Paddy),2025-03-30,3,Seedling,33.2,53,0.0,30,0,12.0,20.2,31,5.6,0.7,1.0,1,0,0,0,0,0,1,Low
Sanguem,Rice (Paddy),2022-03-31,3,Grain_Filling,38.3,52,0.0,19,0,12.0,19.2,32,5.2,0.0,0.0,1,0,0,0,1,0,1,Moderate
Bardez,Coconut,2025-10-31,10,Maturity,28.5,95,13.2,2,1,51.6,11.9,95,6.06,4.2,0.5,0,0,0,0,0,0,0,None
Salcete,Coconut,2022-08-21,8,Vegetative,29.3,79,155.5,2,1,98.0,27.8,86,5.9,2.9,0.3,0,0,0,0,0,0,0,None
Sattari,Rice (Paddy),2025-07-27,7,Flowering,28.8,91,93.7,0,5,91.2,40.0,77,4.91,6.3,5.8,0,0,1,0,0,0,1,Low
Salcete,Arecanut,2022-05-25,5,Vegetative,37.6,60,0.0,14,0,14.7,21.3,27,4.97,0.0,0.0,1,0,0,0,0,0,1,Low
Pernem,Banana,2024-04-21,4,Shooting,31.8,56,0.0,20,0,12.0,23.3,41,6.16,0.0,0.0,1,0,0,0,0,0,1,Low
Tiswadi,Coconut,2022-01-21,1,Vegetative,28.7,74,0.0,11,0,25.8,15.7,44,6.12,0.0,0.6,0,0,0,0,0,0,0,None
Canacona,Arecanut,2025-05-17,5,Flowering,33.5,63,7.4,16,1,19.7,19.8,26,5.59,1.2,0.0,1,0,0,0,0,0,1,Low
Tiswadi,Coconut,2025-10-21,10,Vegetative,29.4,92,2.5,3,2,45.1,32.8,89,5.44,6.4,1.6,0,0,0,0,0,0,0,None
Ponda,Pineapple,2022-02-09,2,Harvest,26.4,72,0.0,7,0,35.2,9.2,14,5.2,0.0,2.0,0,0,0,0,0,0,0,None
Salcete,Coconut,2021-09-03,9,Maturity,28.2,91,99.2,2,7,85.9,16.9,80,5.01,6.6,7.4,0,0,0,1,0,0,1,Low
Sattari,Mango,2023-01-12,1,Vegetative,28.2,73,0.0,12,0,22.5,12.5,10,6.44,1.0,1.5,0,0,0,0,0,0,0,None
Tiswadi,Arecanut,2025-06-03,6,Harvest,28.2,87,35.8,4,6,62.3,21.5,67,5.37,4.1,4.9,0,0,0,0,0,0,0,None
Tiswadi,Coconut,2022-10-23,10,Nut_Development,28.5,78,10.8,0,0,49.3,42.5,100,5.58,5.3,0.0,0,0,0,0,0,0,0,None
Sanguem,Rice (Paddy),2022-10-12,10,Grain_Filling,29.9,81,23.9,0,11,56.6,27.2,79,6.08,4.1,0.0,0,0,0,0,0,0,0,None
Dharbandora,Cashew,2025-02-03,2,Dormant,31.9,73,0.0,19,0,14.5,10.6,43,6.0,0.0,0.4,1,0,0,0,0,0,1,Low
Pernem,Mango,2024-12-17,12,Flowering,28.5,61,0.0,8,0,22.9,20.2,10,5.31,1.1,0.0,0,0,0,0,0,0,0,None
Bardez,Cashew,2023-06-20,6,Flowering,26.6,100,20.1,0,7,63.4,24.7,74,5.29,6.4,10.0,0,0,1,1,0,0,1,Moderate
Bicholim,Rice (Paddy),2021-03-06,3,Seedling,33.1,75,0.0,16,0,18.0,20.4,35,5.01,0.0,0.7,1,0,0,1,0,0,1,Moderate
Dharbandora,Cashew,2023-11-03,11,Flowering,31.1,74,0.0,2,0,41.8,12.0,10,5.16,0.0,0.0,0,0,0,0,0,0,0,None
Bicholim,Rice (Paddy),2021-08-01,8,Grain_Filling,26.5,77,63.4,0,1,76.3,11.8,76,5.17,1.4,0.0,0,0,0,0,0,0,0,None
Bardez,Cashew,2021-08-30,8,Dormant,25.9,79,99.9,1,2,97.7,25.5,78,5.43,2.9,0.0,0,1,0,0,0,0,1,Low
Dharbandora,Arecanut,2022-05-08,5,Harvest,34.9,54,0.0,20,0,12.0,27.9,24,4.81,0.2,0.0,1,0,0,0,0,0,1,Low
Sanguem,Rice (Paddy),2024-05-21,5,Grain_Filling,35.4,54,0.0,20,0,12.0,14.0,33,4.78,0.5,0.0,1,0,0,0,0,0,1,Low
Sanguem,Cashew,2025-09-13,9,Harvest,29.9,89,15.6,0,1,52.1,22.3,85,5.82,6.8,0.0,0,0,0,0,0,0,0,None
Canacona,Coconut,2021-12-04,12,Maturity,33.1,57,0.0,14,0,12.0,15.8,23,5.38,0.7,0.5,1,0,0,0,0,0,1,Low
Canacona,Coconut,2021-06-22,6,Inflorescence,26.7,82,33.8,0,10,64.7,14.2,83,4.84,3.7,5.4,0,0,0,0,0,0,0,None
Dharbandora,Arecanut,2022-11-03,11,Vegetative,29.1,56,0.0,15,0,14.5,15.5,18,5.47,0.9,0.0,1,0,0,0,0,0,1,Low
Bicholim,Rice (Paddy),2021-06-13,6,Seedling,27.3,91,58.5,0,1,78.4,30.7,98,5.88,6.0,0.0,0,0,1,0,0,0,1,Low
Tiswadi,Rice (Paddy),2022-04-10,4,Tillering,34.9,57,0.0,23,0,12.0,15.3,26,5.21,0.0,0.1,1,0,0,0,0,0,1,Low
Mormugao,Coconut,2023-09-22,9,Maturity,28.2,85,33.9,2,2,62.9,10.3,67,5.61,4.4,0.0,0,0,0,0,0,0,0,None
Canacona,Rice (Paddy),2022-05-12,5,Grain_Filling,34.4,55,0.0,29,0,12.0,22.2,38,5.91,0.0,0.0,1,0,0,0,0,0,1,Low
Bicholim,Pineapple,2022-12-01,12,Inflorescence,25.2,68,0.0,12,0,23.1,12.8,38,5.1,0.0,0.0,0,0,0,0,0,0,0,None
Salcete,Cashew,2022-01-30,1,Harvest,25.1,81,0.0,5,1,45.8,8.7,32,4.87,2.8,0.0,0,0,0,0,0,0,0,None
Dharbandora,Rice (Paddy),2022-12-04,12,Tillering,30.2,69,0.0,10,0,21.6,7.6,54,5.51,2.5,0.0,0,0,0,0,0,0,0,None
Bardez,Cashew,2021-11-04,11,Dormant,28.9,71,0.2,2,1,47.3,8.9,51,5.73,0.0,0.4,0,0,0,0,0,0,0,None
Dharbandora,Spices,2025-11-27,11,Harvest,24.9,62,0.1,17,1,16.5,15.6,34,5.45,0.1,0.5,0,0,0,0,0,0,0,None
Ponda,Rice (Paddy),2021-07-02,7,Flowering,33.1,88,142.6,0,0,98.0,24.8,94,5.7,1.2,0.1,0,0,0,0,0,0,0,None
Sanguem,Banana,2022-09-21,9,Bunch_Emergence,29.4,89,62.8,5,0,76.4,31.2,75,5.83,6.0,0.0,0,0,0,0,0,0,0,None
Pernem,Cashew,2025-12-23,12,Fruit_Development,24.0,70,3.5,17,1,14.2,15.8,25,5.5,0.0,1.0,1,0,0,1,0,0,1,Moderate
Bicholim,Rice (Paddy),2022-05-25,5,Seedling,38.9,53,7.2,13,1,12.0,17.6,23,5.0,0.0,1.5,1,0,0,0,1,0,1,Moderate
Pernem,Pineapple,2025-09-28,9,Fruit_Development,27.3,80,37.6,0,1,61.3,37.9,100,5.26,2.7,0.5,0,0,0,0,0,0,0,None
Dharbandora,Spices,2022-06-30,6,Harvest,27.1,70,5.3,1,5,48.2,34.2,93,5.49,0.0,0.6,0,0,0,0,0,0,0,None
Sattari,Cashew,2025-05-07,5,Harvest,30.4,62,0.0,23,0,12.0,14.1,26,4.45,0.0,0.8,1,0,0,0,0,0,1,Low
Bardez,Coconut,2022-09-16,9,Nut_Development,23.9,87,46.7,0,4,69.8,32.8,96,5.3,0.6,3.2,0,0,0,0,0,0,0,None
Pernem,Mango,2025-11-23,11,Vegetative,31.9,58,0.0,14,0,20.2,23.0,40,5.06,0.6,0.6,1,0,0,0,0,0,1,Low
Bicholim,Cashew,2022-08-17,8,Harvest,26.1,93,116.6,1,5,98.0,23.6,76,4.94,6.3,6.9,0,0,0,1,0,0,1,Low
Sattari,Arecanut,2023-01-14,1,Flowering,32.4,66,0.0,17,0,12.0,18.9,40,5.78,0.3,0.0,1,0,0,0,0,0,1,Low
Quepem,Cashew,2024-06-04,6,Harvest,29.6,83,21.3,1,0,62.7,36.8,96,5.61,4.5,0.0,0,0,0,0,0,0,0,None
Sanguem,Pineapple,2025-11-04,11,Fruit_Development,27.7,71,0.0,9,0,33.7,17.8,24,5.06,0.0,0.0,0,0,0,0,0,0,0,None
Dharbandora,Cashew,2025-10-23,10,Flowering,25.8,95,46.8,0,10,71.2,26.1,74,5.17,5.2,10.0,0,0,1,1,0,0,1,Moderate
Dharbandora,Rice (Paddy),2024-12-30,12,Seedling,29.7,68,0.0,8,0,31.9,23.5,56,5.54,0.0,0.0,0,0,0,0,0,0,0,None
Sattari,Arecanut,2024-12-16,12,Nut_Formation,27.7,64,0.0,16,0,19.5,8.9,11,5.06,0.0,1.7,1,0,0,0,0,0,1,Low
Sanguem,Cashew,2022-07-08,7,Harvest,27.2,87,30.4,3,14,58.5,26.9,85,5.83,6.8,10.0,0,0,0,1,0,0,1,Low
Tiswadi,Cashew,2021-01-21,1,Harvest,31.2,69,0.0,23,0,12.0,6.4,58,4.69,0.0,1.7,1,0,0,0,0,0,1,Low
Salcete,Rice (Paddy),2022-07-08,7,Tillering,29.8,86,6.7,4,1,49.9,19.4,86,5.13,4.4,1.7,0,0,0,0,0,0,0,None
Tiswadi,Coconut,2022-02-01,2,Vegetative,29.0,76,0.0,11,0,17.0,5.0,56,5.8,1.5,0.5,0,0,0,0,0,0,0,None
Dharbandora,Rice (Paddy),2022-09-17,9,Flowering,27.5,83,35.7,2,1,60.8,33.0,92,5.94,2.1,1.0,0,0,0,0,0,0,0,None
Mormugao,Rice (Paddy),2021-04-15,4,Grain_Filling,34.1,52,0.0,20,0,12.0,7.9,10,5.5,0.0,0.0,1,0,0,0,0,0,1,Low
Bicholim,Cashew,2021-07-11,7,Fruit_Development,26.9,86,15.7,0,0,60.7,14.0,73,5.48,4.7,2.4,0,0,0,0,0,0,0,None
Sattari,Mango,2021-01-17,1,Vegetative,24.3,68,0.0,5,0,39.9,12.4,27,5.21,0.0,0.0,0,0,0,0,0,0,0,None
Sattari,Mango,2024-02-18,2,Vegetative,30.5,63,1.0,16,1,17.3,15.5,32,5.0,0.0,1.5,1,0,0,0,0,0,1,Low
Pernem,Coconut,2022-01-28,1,Inflorescence,27.9,83,0.0,15,0,24.7,20.8,33,5.28,3.1,0.0,1,0,0,0,0,0,1,Low
Sattari,Arecanut,2022-03-01,3,Nut_Formation,32.4,71,0.0,24,0,12.0,11.6,5,5.86,0.0,0.0,1,0,0,0,0,0,1,Low
Bardez,Cashew,2021-05-09,5,Harvest,32.7,61,0.0,18,0,12.0,14.4,5,5.19,0.0,0.1,1,0,0,0,0,0,1,Low
Dharbandora,Arecanut,2024-02-28,2,Vegetative,33.0,62,0.0,18,0,12.0,8.4,45,6.2,2.1,0.6,1,0,0,0,0,0,1,Low
Ponda,Spices,2022-07-26,7,Harvest,28.0,80,68.3,0,0,80.4,20.6,77,5.67,1.7,1.8,0,0,0,0,0,0,0,None
Dharbandora,Mango,2025-05-03,5,Vegetative,28.9,66,0.0,25,0,12.0,18.3,27,5.21,0.0,0.0,1,0,0,0,0,0,1,Low
Pernem,Coconut,2021-01-29,1,Vegetative,25.8,62,0.0,7,0,35.2,17.1,36,4.77,1.5,0.0,0,0,0,0,0,0,0,None
Sattari,Mango,2024-01-26,1,Flowering,28.2,84,0.0,12,0,34.4,15.0,12,4.2,1.9,0.8,0,0,0,0,0,1,1,Low
Sanguem,Rice (Paddy),2023-10-31,10,Grain_Filling,29.1,89,37.0,0,10,73.0,42.9,90,5.85,5.7,9.2,0,0,0,1,0,0,1,Low
Sattari,Rice (Paddy),2021-08-30,8,Grain_Filling,24.4,95,45.2,1,0,73.9,19.7,76,5.52,8.3,0.0,0,0,1,0,0,0,1,Low
Bicholim,Rice (Paddy),2021-08-20,8,Tillering,28.9,90,6.3,0,0,55.3,25.6,91,5.34,6.5,0.0,0,0,1,0,0,0,1,Low
Sanguem,Rice (Paddy),2023-02-28,2,Flowering,27.4,82,0.0,7,0,36.2,16.5,35,5.86,2.6,1.6,0,0,1,1,0,0,1,Moderate
Quepem,Cashew,2024-07-31,7,Flowering,30.5,90,32.5,0,11,59.1,8.8,60,4.88,4.5,10.0,0,0,1,1,0,0,1,Moderate
Mormugao,Rice (Paddy),2022-12-16,12,Tillering,27.7,76,0.0,12,0,29.6,18.5,35,5.86,2.4,1.1,0,0,0,0,0,0,0,None
Canacona,Mango,2023-01-29,1,Vegetative,31.6,75,2.1,15,1,13.3,7.2,10,5.54,0.3,1.0,1,0,0,0,0,0,1,Low
Salcete,Arecanut,2023-03-13,3,Nut_Formation,33.7,61,0.0,17,0,12.0,18.8,9,5.73,0.0,0.0,1,0,0,0,0,0,1,Low
Salcete,Cashew,2023-02-15,2,Fruit_Development,29.8,73,0.0,18,0,12.0,14.8,31,5.45,0.4,0.0,1,0,0,0,0,0,1,Low
Tiswadi,Rice (Paddy),2022-12-27,12,Grain_Filling,29.9,75,0.0,18,0,15.5,15.6,17,5.72,2.1,0.0,1,0,1,0,0,0,1,Moderate
Bicholim,Cashew,2021-07-19,7,Harvest,24.5,96,8.3,2,8,49.1,21.1,73,4.81,10.0,10.0,0,0,0,0,0,0,0,None
Ponda,Rice (Paddy),2023-08-03,8,Seedling,31.2,88,3.5,2,1,55.3,21.9,92,5.38,5.0,1.6,0,0,0,0,0,0,0,None
Ponda,Arecanut,2021-03-20,3,Nut_Formation,33.3,49,0.0,20,0,12.0,16.0,21,5.6,0.0,0.0,1,0,0,0,0,0,1,Low
Sanguem,Banana,2023-08-14,8,Bunch_Emergence,27.3,89,36.2,0,0,63.9,25.8,87,4.84,4.1,0.0,0,0,0,0,0,0,0,None
Salcete,Cashew,2023-05-06,5,Flowering,31.5,48,0.0,27,0,12.0,23.7,5,4.91,0.0,0.0,1,0,0,0,0,0,1,Low
Bardez,Banana,2024-04-11,4,Finger_Filling,33.3,53,0.0,19,0,12.0,21.2,27,5.85,0.0,0.0,1,1,0,0,0,0,1,Moderate
Canacona,Coconut,2022-04-12,4,Inflorescence,31.3,54,0.0,26,0,12.0,13.6,31,5.6,0.0,1.5,1,0,0,0,0,0,1,Low
Pernem,Cashew,2022-08-04,8,Dormant,28.4,87,64.0,0,5,74.4,22.9,77,4.74,6.6,6.3,0,0,0,0,0,0,0,None
Quepem,Spices,2024-12-10,12,Vegetative,28.2,76,0.0,15,0,14.7,11.1,24,6.31,1.4,0.7,1,0,0,0,0,0,1,Low
Ponda,Arecanut,2023-07-29,7,Harvest,26.5,90,33.8,0,20,67.4,24.2,76,5.22,5.7,10.0,0,0,0,1,0,0,1,Low
Pernem,Arecanut,2022-03-25,3,Nut_Formation,33.0,44,0.0,10,0,17.0,9.2,17,5.71,0.0,0.7,1,0,0,0,0,0,1,Low
Bicholim,Rice (Paddy),2021-03-28,3,Tillering,31.9,47,0.0,26,0,12.0,14.4,16,5.7,0.0,0.4,1,0,0,0,0,0,1,Low
Bardez,Mango,2021-04-11,4,Flowering,34.0,73,0.0,6,0,32.0,12.9,18,5.41,0.3,0.0,0,0,0,0,0,0,0,None
Sattari,Rice (Paddy),2023-10-29,10,Tillering,24.2,79,1.4,0,9,54.0,32.9,74,5.28,3.7,0.0,0,0,0,0,0,0,0,None
Mormugao,Cashew,2023-04-25,4,Flowering,34.7,48,0.0,15,0,12.0,20.8,26,5.83,1.1,1.8,1,0,0,0,0,0,1,Low
Mormugao,Cashew,2024-05-08,5,Flowering,33.6,36,0.0,30,0,12.0,13.7,27,5.58,2.0,0.0,1,1,0,0,0,0,1,Moderate
Tiswadi,Coconut,2025-03-09,3,Nut_Development,27.0,56,0.0,12,0,18.4,15.9,14,5.22,0.0,0.0,0,0,0,0,0,0,0,None
Canacona,Mango,2021-03-28,3,Vegetative,37.1,56,2.6,16,1,16.6,19.7,28,4.63,0.0,0.0,1,0,0,1,0,0,1,Moderate
Sattari,Cashew,2021-02-12,2,Fruit_Development,29.3,61,0.0,16,0,12.7,5.0,31,4.84,0.7,0.2,1,0,0,0,0,0,1,Low
Salcete,Rice (Paddy),2024-11-09,11,Seedling,30.3,66,0.0,12,0,23.6,10.1,46,5.69,0.1,0.9,0,0,0,0,0,0,0,None
Quepem,Cashew,2025-07-03,7,Dormant,25.0,100,59.2,1,0,78.4,26.8,98,5.59,7.3,0.1,0,0,1,0,0,0,1,Low
Bardez,Cashew,2024-12-29,12,Harvest,29.1,65,0.0,15,0,12.0,20.0,31,5.49,0.0,0.0,1,0,0,0,0,0,1,Low
Bardez,Cashew,2022-02-12,2,Harvest,31.8,70,2.0,2,1,45.3,10.5,45,5.54,0.8,0.5,0,0,0,1,0,0,1,Low
Sattari,Rice (Paddy),2025-02-15,2,Tillering,34.3,59,0.0,5,0,26.3,15.4,43,4.61,0.0,0.2,0,0,0,0,0,1,1,Low
Tiswadi,Rice (Paddy),2022-10-26,10,Tillering,28.1,88,17.7,1,12,68.9,45.2,93,5.38,7.4,10.0,1,0,1,1,0,0,1,High
Bicholim,Rice (Paddy),2023-11-07,11,Grain_Filling,26.8,62,0.0,14,0,15.7,19.3,34,5.27,0.0,0.0,1,0,0,0,0,0,1,Low
Dharbandora,Spices,2025-07-27,7,Vegetative,26.4,86,67.3,0,12,77.9,17.9,83,5.12,2.9,10.0,0,0,0,1,0,0,1,Low
Tiswadi,Coconut,2021-05-28,5,Nut_Development,34.7,68,0.0,6,0,35.1,17.9,30,5.91,1.2,0.0,0,0,0,0,0,0,0,None
Mormugao,Rice (Paddy),2021-10-04,10,Flowering,27.2,100,47.0,4,2,67.1,23.0,84,5.68,8.3,1.9,0,0,1,0,0,0,1,Low
Tiswadi,Rice (Paddy),2021-08-20,8,Seedling,25.3,82,28.7,3,3,53.4,16.3,93,5.22,2.1,1.9,0,0,0,0,0,0,0,None
Bicholim,Rice (Paddy),2022-01-01,1,Tillering,28.9,71,0.0,10,0,27.5,9.0,33,5.72,0.4,0.0,0,0,0,0,0,0,0,None
Tiswadi,Coconut,2024-06-05,6,Nut_Development,28.7,92,35.8,0,9,68.3,24.0,80,5.62,5.9,9.1,0,0,0,1,0,0,1,Low
Mormugao,Rice (Paddy),2025-08-02,8,Grain_Filling,29.9,85,53.4,0,4,71.9,12.1,89,5.67,4.0,3.4,0,0,0,0,0,0,0,None
Bicholim,Cashew,2022-03-12,3,Fruit_Development,32.4,62,0.0,19,0,12.0,12.6,26,6.01,2.2,0.7,1,0,0,0,0,0,1,Low
Pernem,Cashew,2022-02-03,2,Dormant,29.5,72,0.0,5,0,36.6,13.8,35,6.35,0.0,0.0,0,0,0,0,0,0,0,None
Mormugao,Rice (Paddy),2024-05-19,5,Tillering,34.5,65,0.0,22,0,12.0,17.7,23,5.53,0.5,2.4,1,0,0,0,0,0,1,Low
Bardez,Mango,2024-11-15,11,Vegetative,32.0,69,1.6,14,1,14.9,14.2,43,5.49,0.9,0.0,1,0,0,0,0,0,1,Low
Mormugao,Spices,2022-05-14,5,Pod_Development,35.1,41,0.0,24,0,12.0,16.6,31,5.03,0.0,0.0,1,0,0,0,0,0,1,Low
Bardez,Rice (Paddy),2022-06-24,6,Seedling,28.9,92,5.2,4,10,48.1,19.8,78,5.99,5.2,9.7,0,0,0,1,0,0,1,Low
Tiswadi,Mango,2022-07-17,7,Vegetative,32.8,95,64.5,9,0,69.4,16.1,100,5.79,5.5,2.2,0,0,0,0,0,0,0,None
Tiswadi,Coconut,2025-02-23,2,Nut_Development,27.7,75,0.0,21,0,12.0,12.0,27,5.37,0.0,0.0,1,0,0,0,0,0,1,Low
Bicholim,Rice (Paddy),2022-03-18,3,Flowering,35.0,47,4.2,20,1,12.0,10.3,43,6.19,0.4,0.0,1,0,0,0,0,0,1,Low
Bardez,Banana,2024-07-08,7,Harvest,27.5,87,11.7,0,6,56.6,30.8,91,5.81,4.2,6.1,0,0,0,0,0,0,0,None
Dharbandora,Spices,2023-02-12,2,Harvest,27.7,73,0.0,4,0,43.6,14.9,20,5.18,0.0,0.0,0,0,0,0,0,0,0,None
Sattari,Coconut,2021-12-16,12,Inflorescence,30.0,74,0.0,9,0,29.2,7.4,44,5.48,1.6,1.7,0,0,0,0,0,0,0,None
Sattari,Rice (Paddy),2024-10-07,10,Tillering,30.0,80,10.7,0,0,48.4,22.4,77,5.21,2.6,0.0,0,0,0,0,0,0,0,None
Canacona,Cashew,2022-06-04,6,Dormant,30.7,86,48.2,0,12,76.9,27.3,98,5.64,4.7,10.0,0,0,0,1,0,0,1,Low
Sanguem,Rice (Paddy),2024-09-05,9,Tillering,25.4,79,188.2,1,7,98.0,26.3,88,4.87,3.8,1.2,0,1,0,0,0,0,1,Low
Bardez,Mango,2021-05-18,5,Maturity,39.3,43,0.0,14,0,17.2,23.6,31,6.12,0.0,1.1,1,0,0,0,1,0,1,Moderate
Sanguem,Rice (Paddy),2025-04-23,4,Tillering,33.0,61,0.0,16,0,12.0,14.7,10,6.16,0.0,0.0,1,0,0,0,0,0,1,Low
Tiswadi,Rice (Paddy),2025-07-05,7,Seedling,30.5,90,24.3,0,6,65.1,26.4,98,5.08,6.0,5.5,0,0,1,0,0,0,1,Low
Bicholim,Rice (Paddy),2023-09-19,9,Tillering,25.8,90,50.8,1,3,68.6,20.2,80,5.05,3.9,4.8,0,0,0,0,0,0,0,None
Pernem,Mango,2022-01-03,1,Maturity,28.8,67,0.3,12,1,12.0,8.8,38,5.28,2.4,0.1,0,0,0,0,0,0,0,None
Pernem,Spices,2024-05-28,5,Vegetative,34.2,47,1.6,23,1,12.0,20.9,6,4.7,0.7,0.0,1,0,0,0,0,0,1,Low
Pernem,Coconut,2024-09-22,9,Nut_Development,27.3,87,36.6,0,16,73.2,44.4,98,6.42,5.0,10.0,0,0,0,1,0,0,1,Low
Quepem,Rice (Paddy),2024-05-31,5,Flowering,35.5,36,2.5,5,1,29.7,15.3,23,5.14,0.0,0.0,0,0,0,0,0,0,0,None
Tiswadi,Rice (Paddy),2025-07-30,7,Seedling,28.0,82,57.3,1,7,71.8,33.7,98,5.51,4.4,5.2,0,0,0,0,0,0,0,None
Bicholim,Rice (Paddy),2025-11-27,11,Seedling,31.1,63,0.0,11,0,13.8,7.8,29,5.42,0.3,0.0,0,0,0,0,0,0,0,None
Bicholim,Cashew,2021-12-26,12,Flowering,26.3,64,0.0,11,0,18.3,11.2,51,5.8,1.3,0.0,0,0,0,0,0,0,0,None
Sanguem,Pineapple,2023-07-10,7,Fruit_Development,28.5,79,8.5,1,0,49.1,15.2,64,5.58,1.7,0.7,0,0,0,0,0,0,0,None
Dharbandora,Arecanut,2021-11-25,11,Harvest,30.9,62,0.0,8,0,27.8,15.4,25,5.94,0.0,0.0,0,0,0,0,0,0,0,None
Sattari,Mango,2023-08-20,8,Fruit_Setting,23.7,91,34.5,0,0,68.9,32.9,88,5.63,0.0,0.6,0,0,0,0,0,0,0,None
Quepem,Coconut,2022-04-08,4,Nut_Development,34.4,37,2.0,25,1,12.0,13.6,9,6.49,2.3,0.0,1,0,0,0,0,0,1,Low
Canacona,Cashew,2023-08-04,8,Harvest,28.2,70,116.6,0,0,94.6,28.3,79,6.18,1.5,0.1,0,0,0,0,0,0,0,None
Dharbandora,Spices,2023-08-21,8,Flowering,25.1,85,78.8,2,5,80.8,35.0,89,5.94,2.5,5.5,0,0,0,0,0,0,0,None
Dharbandora,Spices,2025-05-04,5,Vegetative,35.2,41,0.0,8,0,21.8,18.3,29,5.09,2.0,0.9,0,0,0,0,0,0,0,None
Bardez,Mango,2024-11-06,11,Vegetative,27.6,65,0.0,5,0,33.2,14.7,29,5.59,1.4,0.6,0,0,1,0,0,0,1,Low
Bardez,Coconut,2023-04-16,4,Inflorescence,34.7,69,0.0,21,0,12.0,18.5,23,4.74,0.0,1.2,1,0,0,0,0,0,1,Low
Ponda,Banana,2025-06-02,6,Bunch_Emergence,28.9,93,8.5,0,1,56.8,27.4,74,5.4,4.8,1.7,0,0,0,0,0,0,0,None
Bicholim,Coconut,2025-06-29,6,Vegetative,30.5,89,29.4,0,1,57.6,43.8,59,5.48,6.8,1.0,0,0,0,0,0,0,0,None
Canacona,Rice (Paddy),2021-06-18,6,Grain_Filling,27.1,90,100.8,2,1,89.5,34.7,91,5.26,4.1,0.0,0,0,0,0,0,0,0,None
Sanguem,Rice (Paddy),2021-08-05,8,Grain_Filling,26.4,80,196.4,0,4,98.0,25.6,70,5.79,1.8,0.0,0,1,0,0,0,0,1,Low
Tiswadi,Spices,2022-01-13,1,Vegetative,30.0,67,0.0,12,0,25.3,8.7,37,5.22,0.0,0.4,0,0,0,0,0,0,0,None
Sanguem,Rice (Paddy),2021-04-29,4,Seedling,35.0,55,0.0,21,0,12.0,10.6,31,4.62,0.0,0.5,1,0,1,0,0,0,1,Moderate
Pernem,Spices,2021-07-09,7,Pod_Development,27.2,89,40.3,1,9,65.1,29.4,65,5.43,5.0,9.8,0,0,0,1,0,0,1,Low
Sattari,Banana,2023-02-06,2,Finger_Filling,31.1,68,0.0,22,0,12.0,5.0,33,5.53,0.0,0.0,1,0,0,0,0,0,1,Low
Salcete,Coconut,2022-01-05,1,Nut_Development,28.4,64,2.1,15,1,18.1,5.6,46,5.65,1.0,0.0,1,0,0,0,0,0,1,Low
Salcete,Rice (Paddy),2025-12-07,12,Grain_Filling,29.1,77,0.0,11,0,30.8,14.1,24,5.22,2.0,0.0,0,0,0,0,0,0,0,None
Salcete,Rice (Paddy),2021-05-29,5,Grain_Filling,33.5,58,0.0,15,0,12.7,24.5,26,5.14,1.8,1.4,1,0,0,0,0,0,1,Low
Canacona,Cashew,2025-08-27,8,Flowering,24.1,98,17.9,2,2,61.9,8.7,80,5.16,9.2,0.4,0,0,1,0,0,0,1,Low
Bicholim,Cashew,2022-10-14,10,Harvest,28.4,84,1.6,3,5,45.3,16.6,79,5.63,6.2,5.6,0,0,0,0,0,0,0,None
Bardez,Cashew,2025-02-20,2,Fruit_Development,25.5,57,1.1,10,1,25.5,18.4,30,5.21,0.0,0.0,0,0,0,0,0,0,0,None
Bicholim,Cashew,2023-02-09,2,Harvest,28.3,78,0.0,13,0,35.6,8.2,23,4.88,5.2,2.0,0,0,1,0,0,0,1,Low
Dharbandora,Mango,2022-01-09,1,Fruit_Setting,28.4,62,0.0,10,0,19.8,19.4,10,4.95,0.0,0.4,0,0,0,0,0,0,0,None
Bardez,Coconut,2023-02-20,2,Nut_Development,29.2,83,0.0,7,0,37.9,8.9,28,5.59,2.2,0.0,0,0,0,0,0,0,0,None
Bardez,Cashew,2025-09-13,9,Fruit_Development,28.5,92,24.2,0,0,64.0,30.3,58,5.96,6.0,0.0,0,0,0,0,0,0,0,None
Canacona,Rice (Paddy),2021-06-09,6,Seedling,24.7,86,4.4,3,0,47.7,23.1,82,5.07,4.6,0.0,0,0,0,0,0,0,0,None
Salcete,Banana,2021-12-17,12,Finger_Filling,28.6,78,0.0,18,0,13.1,6.9,48,5.03,2.9,0.7,1,0,0,0,0,0,1,Low
Sanguem,Cashew,2024-08-04,8,Dormant,28.8,92,43.6,0,0,70.5,20.5,93,5.42,7.6,1.6,0,0,1,0,0,0,1,Low
Sattari,Cashew,2024-08-04,8,Fruit_Development,27.8,100,11.4,2,1,58.0,27.2,76,5.84,8.3,0.8,0,0,1,0,0,0,1,Low
Dharbandora,Rice (Paddy),2023-06-11,6,Tillering,30.6,88,62.8,0,11,74.0,23.2,82,4.52,5.5,10.0,0,0,0,1,0,1,1,Moderate
Pernem,Cashew,2024-06-03,6,Fruit_Development,27.5,99,9.0,0,6,57.7,9.2,65,4.93,7.7,9.9,0,0,1,1,0,0,1,Moderate
Canacona,Rice (Paddy),2022-06-07,6,Flowering,25.5,87,31.4,0,5,69.4,26.4,89,4.79,5.4,3.3,0,0,0,0,0,1,1,Low
Mormugao,Banana,2022-06-06,6,Finger_Filling,26.9,90,4.0,0,2,55.0,31.8,89,4.97,4.5,0.2,0,0,0,0,0,0,0,None
Pernem,Mango,2023-02-22,2,Vegetative,27.5,66,0.0,16,0,12.0,22.1,10,6.03,0.0,0.0,1,0,0,0,0,0,1,Low
Sattari,Mango,2021-09-30,9,Maturity,28.3,94,7.1,1,13,50.7,8.0,70,5.87,6.9,10.0,0,0,0,1,0,0,1,Low
Sanguem,Rice (Paddy),2023-07-25,7,Grain_Filling,29.2,73,94.2,0,0,96.7,16.7,83,4.77,0.0,0.0,0,0,0,0,0,0,0,None
Ponda,Spices,2024-11-26,11,Vegetative,29.3,67,0.0,10,0,18.2,16.0,12,5.42,1.1,0.0,0,0,0,0,0,0,0,None
Bardez,Coconut,2021-07-02,7,Nut_Development,26.4,77,116.4,0,0,94.1,8.0,71,5.17,1.2,0.0,0,0,0,0,0,0,0,None
Dharbandora,Spices,2025-08-16,8,Harvest,28.4,85,77.2,1,12,83.7,25.1,79,4.92,3.0,7.3,1,0,0,1,0,0,1,Moderate
Bicholim,Cashew,2022-05-03,5,Dormant,35.3,38,0.0,11,0,12.0,22.4,40,4.92,0.0,0.2,1,0,0,0,0,0,1,Low
Dharbandora,Rice (Paddy),2023-04-26,4,Tillering,36.1,33,0.0,12,0,12.0,13.9,30,5.41,0.0,0.0,1,0,0,0,0,0,1,Low
Canacona,Coconut,2021-05-04,5,Inflorescence,30.2,34,7.4,23,1,12.0,22.1,38,4.92,0.9,0.0,1,0,0,0,0,0,1,Low
Sattari,Cashew,2023-09-12,9,Harvest,28.7,94,20.5,1,0,59.6,40.7,92,4.93,6.9,0.0,0,0,0,0,0,0,0,None
Pernem,Coconut,2025-07-08,7,Nut_Development,27.0,83,13.3,1,11,53.9,32.6,94,5.26,3.3,7.7,0,0,0,0,0,0,0,None
Pernem,Cashew,2023-03-01,3,Flowering,36.9,59,0.0,18,0,13.1,24.5,34,4.84,1.4,0.4,1,1,0,0,0,0,1,Moderate
Pernem,Spices,2022-02-18,2,Harvest,31.4,62,0.0,7,0,31.4,14.4,15,5.52,0.7,0.0,0,0,0,0,0,0,0,None
Dharbandora,Cashew,2025-10-15,10,Fruit_Development,30.3,83,19.1,4,2,51.9,30.1,77,5.86,3.6,1.3,0,0,0,0,0,0,0,None
Pernem,Coconut,2024-04-10,4,Maturity,33.2,57,0.0,10,0,26.2,12.4,28,4.72,1.6,0.1,1,0,0,0,0,0,1,Low
Canacona,Rice (Paddy),2024-08-04,8,Seedling,25.8,86,9.0,4,3,45.4,28.4,74,5.51,4.9,3.3,0,0,0,0,0,0,0,None
Bicholim,Cashew,2024-12-29,12,Harvest,29.3,81,0.0,18,0,16.1,7.8,20,4.87,2.8,0.0,1,0,0,0,0,0,1,Low
Dharbandora,Rice (Paddy),2022-11-17,11,Flowering,27.8,82,0.0,10,0,32.4,14.2,22,5.66,3.9,0.2,0,0,0,0,0,0,0,None
Sattari,Cashew,2021-04-23,4,Dormant,36.9,53,0.0,9,0,21.3,18.5,28,6.08,0.1,0.0,1,0,0,0,1,0,1,Moderate
Bardez,Mango,2023-06-07,6,Fruit_Setting,29.1,98,17.8,2,3,59.4,31.9,92,5.47,8.0,7.4,0,0,1,1,0,0,1,Moderate
Bardez,Coconut,2021-05-02,5,Inflorescence,37.3,58,6.6,19,1,12.0,11.5,12,6.13,0.0,0.4,1,0,0,0,0,0,1,Low
Tiswadi,Rice (Paddy),2025-04-17,4,Seedling,33.0,70,0.0,6,0,35.2,8.4,18,5.49,1.0,0.0,0,0,0,0,0,0,0,None
Salcete,Coconut,2024-05-30,5,Inflorescence,34.1,52,0.0,14,0,12.0,22.2,21,5.02,1.0,1.0,1,0,0,0,0,0,1,Low
Salcete,Coconut,2025-07-13,7,Vegetative,29.1,83,8.1,0,9,49.9,20.1,83,5.85,3.3,6.2,0,0,0,0,0,0,0,None
Dharbandora,Spices,2021-02-08,2,Harvest,29.1,70,0.0,7,0,32.2,14.0,28,5.83,0.0,1.6,0,0,0,0,0,0,0,None
Tiswadi,Coconut,2022-05-12,5,Maturity,37.8,54,0.0,13,0,14.1,19.8,30,5.44,0.0,0.0,1,0,0,0,1,0,1,Moderate
Pernem,Coconut,2023-02-19,2,Vegetative,29.0,73,0.0,13,0,29.4,22.9,51,4.44,0.0,0.4,0,0,0,0,0,0,0,None
Bicholim,Cashew,2024-06-10,6,Fruit_Development,26.0,94,12.9,2,1,54.8,23.3,77,6.04,7.2,0.0,0,0,1,1,0,0,1,Moderate
Bicholim,Cashew,2023-08-01,8,Harvest,26.4,91,59.2,0,1,80.6,23.3,81,5.43,7.2,1.9,0,0,1,0,0,0,1,Low
Salcete,Rice (Paddy),2025-04-03,4,Grain_Filling,35.5,36,6.7,19,1,12.0,19.5,44,4.77,1.0,0.5,1,0,0,0,0,0,1,Low
Salcete,Coconut,2021-05-29,5,Nut_Development,37.4,73,0.0,24,0,12.0,16.9,16,4.99,0.4,0.0,1,0,0,0,0,0,1,Low
Tiswadi,Rice (Paddy),2024-11-21,11,Seedling,27.3,61,0.0,16,0,22.5,18.4,57,5.98,0.0,0.0,1,0,0,0,0,0,1,Low
Ponda,Rice (Paddy),2023-10-19,10,Seedling,29.1,90,52.0,0,2,73.1,33.0,85,5.95,6.1,0.0,1,0,1,0,0,0,1,Moderate
Quepem,Rice (Paddy),2022-10-23,10,Grain_Filling,26.4,73,18.1,1,4,54.5,30.9,83,5.75,1.1,0.8,0,0,0,0,0,0,0,None
Salcete,Coconut,2025-07-20,7,Maturity,29.8,80,123.1,1,5,98.0,31.7,67,5.85,4.1,0.0,0,1,0,1,0,0,1,Moderate
Mormugao,Rice (Paddy),2021-10-29,10,Grain_Filling,25.8,93,105.2,0,4,94.3,8.8,97,4.82,6.3,5.9,0,0,1,0,0,0,1,Low
Ponda,Rice (Paddy),2024-10-15,10,Flowering,28.2,76,8.7,2,2,41.2,27.0,75,5.62,4.1,0.1,0,0,0,0,0,0,0,None
Sattari,Mango,2021-08-26,8,Maturity,29.3,91,99.0,0,10,94.1,24.1,90,5.06,5.0,10.0,0,0,0,1,0,0,1,Low
Quepem,Rice (Paddy),2022-10-09,10,Seedling,31.6,80,85.5,1,0,84.9,22.3,88,5.22,4.0,0.0,0,0,0,0,0,0,0,None
Canacona,Rice (Paddy),2022-10-25,10,Seedling,28.1,91,20.4,0,4,61.7,25.2,92,5.2,4.0,4.7,0,0,0,0,0,0,0,None
Mormugao,Coconut,2021-08-24,8,Nut_Development,30.3,87,24.9,0,4,62.7,26.8,70,6.0,3.1,4.8,0,0,0,0,0,0,0,None
Tiswadi,Coconut,2025-10-26,10,Nut_Development,25.3,86,157.5,0,5,98.0,25.8,100,5.3,3.2,3.5,0,1,0,0,0,0,1,Low
Salcete,Rice (Paddy),2021-07-22,7,Flowering,24.6,89,5.5,0,3,54.4,21.1,73,5.07,5.1,3.9,0,0,0,0,0,0,0,None
Sanguem,Rice (Paddy),2021-09-13,9,Flowering,23.1,95,1.2,0,15,52.9,30.9,78,5.34,1.4,10.0,0,0,0,1,0,0,1,Low
Sanguem,Cashew,2022-08-21,8,Harvest,27.2,93,30.1,1,0,65.3,16.5,87,4.66,6.4,1.3,0,0,0,0,0,0,0,None
Bardez,Cashew,2022-10-24,10,Dormant,26.5,87,59.9,4,1,70.2,27.7,93,5.96,3.1,0.0,0,0,0,0,0,0,0,None
Sattari,Cashew,2021-08-23,8,Fruit_Development,28.4,89,36.5,0,2,69.9,28.6,68,4.93,3.6,0.0,0,0,0,0,0,0,0,None
Ponda,Rice (Paddy),2024-09-30,9,Grain_Filling,26.5,87,62.0,3,1,70.1,10.9,84,5.36,4.0,0.9,0,0,0,0,0,0,0,None
Pernem,Coconut,2022-06-18,6,Inflorescence,31.2,88,9.8,2,4,53.3,31.4,87,5.66,4.2,4.9,0,0,0,0,0,0,0,None
Ponda,Spices,2023-05-10,5,Vegetative,36.8,50,0.0,10,0,21.4,17.3,32,5.66,0.0,0.0,1,0,0,0,1,0,1,Moderate
Quepem,Rice (Paddy),2025-12-26,12,Tillering,27.8,61,0.0,15,0,12.0,5.6,10,4.87,0.9,0.4,1,0,0,0,0,0,1,Low
Salcete,Cashew,2025-12-10,12,Flowering,29.3,64,0.0,11,0,26.7,9.2,24,5.33,0.3,0.2,0,0,0,0,0,0,0,None
Bicholim,Cashew,2025-01-29,1,Dormant,27.7,56,0.0,6,0,30.5,21.6,43,5.08,0.0,0.0,0,0,0,0,0,0,0,None
Tiswadi,Rice (Paddy),2023-02-09,2,Flowering,28.6,84,0.0,10,0,32.5,15.0,46,5.31,5.7,0.1,0,0,0,0,0,0,0,None
Bardez,Spices,2022-06-25,6,Pod_Development,24.5,93,79.9,4,0,78.8,28.7,78,5.06,4.4,1.0,0,0,0,0,0,0,0,None
Canacona,Cashew,2021-08-01,8,Dormant,27.6,95,60.0,0,1,74.0,25.4,64,4.49,5.6,0.0,0,0,0,0,0,0,0,None
Quepem,Cashew,2022-04-08,4,Fruit_Development,34.9,35,4.6,30,1,12.0,13.9,14,6.73,0.0,0.0,1,0,0,0,0,0,1,Low
Salcete,Rice (Paddy),2022-03-12,3,Flowering,32.1,47,0.0,23,0,12.0,13.1,12,5.69,0.0,1.0,1,0,0,0,0,0,1,Low
Ponda,Cashew,2021-10-10,10,Harvest,29.6,90,48.2,0,1,71.9,35.6,84,5.43,2.3,0.0,0,0,0,0,0,0,0,None
Pernem,Coconut,2025-05-05,5,Vegetative,36.2,65,0.0,11,0,28.5,14.8,5,4.5,0.0,1.6,1,0,0,0,0,0,1,Low
Pernem,Mango,2025-06-19,6,Fruit_Setting,29.5,92,53.4,0,6,71.5,34.6,99,5.69,6.1,4.9,0,0,0,0,0,0,0,None
Bardez,Mango,2025-01-26,1,Flowering,31.6,65,0.0,4,0,34.4,17.5,46,5.23,0.0,0.7,1,0,0,0,0,0,1,Low
Sanguem,Rice (Paddy),2024-12-01,12,Seedling,30.8,61,0.0,11,0,25.2,16.6,59,5.45,1.4,0.0,0,0,0,0,0,0,0,None
Ponda,Spices,2021-03-29,3,Harvest,31.6,48,0.0,26,0,12.0,16.0,18,5.87,1.2,2.0,1,0,0,0,0,0,1,Low
Bardez,Cashew,2023-12-04,12,Dormant,30.5,76,0.0,11,0,19.8,7.2,44,5.9,0.0,0.0,0,0,0,0,0,0,0,None
Dharbandora,Arecanut,2022-04-06,4,Harvest,36.2,67,0.0,16,0,12.0,14.1,19,4.82,0.0,0.2,1,0,0,0,0,0,1,Low
Sattari,Mango,2021-10-05,10,Vegetative,26.4,84,25.2,2,4,64.6,25.8,80,5.71,3.9,3.2,0,0,0,0,0,0,0,None
Sattari,Arecanut,2025-09-03,9,Nut_Formation,26.8,89,7.1,1,1,51.9,37.2,75,5.2,3.6,0.0,0,0,0,0,0,0,0,None
Sanguem,Spices,2022-02-25,2,Harvest,29.7,59,0.0,13,0,14.7,12.1,49,5.72,0.3,0.0,0,0,0,0,0,0,0,None
Tiswadi,Coconut,2025-09-21,9,Inflorescence,29.1,82,33.2,3,5,59.0,35.6,97,4.92,2.4,2.3,0,0,0,0,0,0,0,None
Salcete,Coconut,2024-10-08,10,Maturity,26.3,100,4.0,1,1,53.5,29.3,77,5.32,7.7,0.3,0,0,1,0,0,0,1,Low
Salcete,Spices,2022-11-27,11,Vegetative,29.3,61,0.0,8,0,24.7,14.5,67,5.4,0.0,1.1,0,0,0,1,0,0,1,Low
Sattari,Cashew,2022-05-30,5,Dormant,35.9,40,0.0,25,0,12.0,15.0,49,5.72,0.4,0.6,1,0,0,0,0,0,1,Low
Sanguem,Rice (Paddy),2022-12-04,12,Grain_Filling,27.8,58,0.0,14,0,15.4,20.2,37,4.89,0.0,0.2,1,0,0,0,0,0,1,Low
Quepem,Pineapple,2025-07-12,7,Vegetative,29.5,89,56.6,5,5,70.1,22.0,95,5.39,3.6,6.7,0,0,0,1,0,0,1,Low
Quepem,Cashew,2021-01-19,1,Dormant,29.0,56,0.0,7,0,28.1,5.0,38,5.33,0.0,0.9,0,0,0,0,0,0,0,None
Bardez,Cashew,2021-01-23,1,Fruit_Development,32.7,71,0.0,12,0,23.0,10.6,18,5.9,0.4,0.3,0,0,0,0,0,0,0,None
Dharbandora,Rice (Paddy),2022-02-17,2,Seedling,27.6,64,0.0,18,0,12.0,13.2,47,5.48,0.0,0.0,1,0,0,0,0,0,1,Low
Canacona,Cashew,2023-11-20,11,Harvest,27.6,63,0.0,14,0,12.0,12.1,36,6.6,0.0,0.0,1,0,0,0,0,0,1,Low
Tiswadi,Rice (Paddy),2021-04-18,4,Flowering,38.0,43,0.0,25,0,12.0,18.2,29,5.3,0.0,0.0,1,0,0,0,1,0,1,Moderate
Ponda,Rice (Paddy),2024-10-22,10,Seedling,26.4,83,61.3,0,0,76.3,28.1,100,5.09,5.3,0.6,0,0,0,0,0,0,0,None
Bardez,Mango,2024-07-28,7,Fruit_Setting,26.4,92,6.8,1,1,48.5,12.7,85,4.98,3.0,0.4,0,0,0,0,0,0,0,None
Bardez,Spices,2024-02-26,2,Vegetative,31.7,54,0.0,10,0,16.3,11.1,43,5.12,0.2,0.1,1,0,0,0,0,0,1,Low
Bardez,Banana,2024-06-06,6,Shooting,26.4,87,5.0,0,2,55.4,36.2,72,5.0,5.4,0.3,0,0,0,0,0,0,0,None
Salcete,Cashew,2024-02-09,2,Dormant,32.6,67,4.3,13,1,20.6,16.5,55,5.15,0.4,0.5,0,0,0,0,0,0,0,None
Salcete,Rice (Paddy),2021-05-16,5,Grain_Filling,35.5,68,0.0,9,0,25.1,15.2,33,6.02,0.8,0.0,1,0,0,0,0,0,1,Low
Canacona,Cashew,2021-12-28,12,Fruit_Development,29.8,70,0.0,16,0,18.5,15.5,42,5.83,0.1,0.5,1,0,0,0,0,0,1,Low
Salcete,Cashew,2024-04-24,4,Flowering,38.4,60,0.0,20,0,12.0,13.2,37,5.22,0.6,0.0,1,0,0,0,1,0,1,Moderate
Canacona,Cashew,2025-08-07,8,Harvest,27.6,84,25.2,0,11,68.5,32.7,95,5.02,3.7,6.7,0,0,0,1,0,0,1,Low
Bardez,Cashew,2025-05-27,5,Dormant,30.7,43,0.0,16,0,12.0,23.4,33,5.72,0.1,0.0,1,0,0,0,0,0,1,Low
Sanguem,Rice (Paddy),2021-05-09,5,Tillering,35.7,40,0.0,17,0,12.0,22.5,39,4.98,1.0,0.0,0,0,0,0,0,0,0,None
Quepem,Cashew,2024-07-08,7,Harvest,26.0,69,91.5,0,2,84.2,24.1,86,6.14,2.0,0.3,0,0,0,0,0,0,0,None
Tiswadi,Rice (Paddy),2022-05-30,5,Flowering,31.1,58,0.0,18,0,12.0,25.3,19,5.71,0.0,0.8,1,0,0,0,0,0,1,Low
Sanguem,Cashew,2022-03-25,3,Fruit_Development,36.6,49,0.0,24,0,12.0,26.3,42,5.07,0.0,0.0,1,0,0,0,1,0,1,Moderate
Ponda,Arecanut,2024-02-02,2,Nut_Formation,30.4,70,0.0,19,0,17.5,19.6,27,5.43,0.0,0.0,1,0,0,0,0,0,1,Low
Bardez,Coconut,2025-02-15,2,Inflorescence,31.4,71,0.0,13,0,20.7,14.3,44,5.36,1.3,0.6,0,0,0,0,0,0,0,None
Bardez,Banana,2024-06-01,6,Finger_Filling,28.7,75,9.7,0,7,53.6,37.3,87,5.34,2.1,1.5,0,0,0,0,0,0,0,None
Salcete,Rice (Paddy),2023-05-24,5,Tillering,31.3,44,0.0,22,0,12.0,23.1,50,5.29,0.0,0.0,1,0,0,0,0,0,1,Low
Dharbandora,Arecanut,2025-02-23,2,Flowering,29.4,63,0.0,20,0,12.0,14.3,26,5.67,0.0,0.5,0,0,0,0,0,0,0,None
Dharbandora,Arecanut,2022-04-18,4,Flowering,38.2,75,4.1,13,1,22.6,13.7,10,4.92,0.3,0.0,1,0,0,0,1,0,1,Moderate
Tiswadi,Rice (Paddy),2023-10-31,10,Tillering,27.7,95,121.8,0,6,98.0,8.6,81,4.61,8.4,8.6,0,1,1,1,0,1,1,Critical
Canacona,Rice (Paddy),2024-11-29,11,Seedling,26.1,64,0.0,9,0,26.2,21.9,35,5.63,0.0,1.0,0,0,0,0,0,0,0,None
Sattari,Rice (Paddy),2021-10-29,10,Grain_Filling,28.8,87,12.3,6,9,45.3,19.9,82,5.69,6.0,6.1,0,0,1,0,0,0,1,Low
Sattari,Arecanut,2021-08-19,8,Vegetative,27.1,94,14.1,0,6,65.5,22.3,100,5.98,6.0,6.4,0,0,0,0,0,0,0,None
Pernem,Cashew,2025-10-21,10,Fruit_Development,29.9,88,205.3,1,5,98.0,26.7,100,5.08,5.2,5.3,0,1,0,0,0,0,1,Low
Quepem,Spices,2023-07-12,7,Flowering,30.0,79,13.4,2,1,46.9,28.5,68,4.59,3.2,0.0,0,0,0,0,0,1,1,Low
Bicholim,Rice (Paddy),2023-12-26,12,Flowering,28.9,61,0.0,11,0,29.7,9.4,10,5.28,0.0,0.0,0,0,0,0,0,0,0,None
Canacona,Rice (Paddy),2023-07-26,7,Grain_Filling,24.8,77,48.1,0,1,65.3,23.0,69,6.35,4.0,0.0,0,0,0,0,0,0,0,None
Tiswadi,Coconut,2021-04-22,4,Inflorescence,37.2,49,0.0,21,0,12.0,16.7,22,5.97,0.5,1.2,1,0,0,0,1,0,1,Moderate
Bardez,Coconut,2023-11-03,11,Nut_Development,29.2,76,0.0,6,0,37.8,11.8,52,5.27,1.3,0.1,0,0,0,0,0,0,0,None
Bardez,Mango,2024-11-17,11,Maturity,27.9,77,0.0,6,0,28.0,14.8,12,6.36,0.6,0.6,0,0,0,0,0,0,0,None
Dharbandora,Rice (Paddy),2022-05-15,5,Seedling,33.9,34,0.0,13,0,12.0,20.1,54,5.83,0.0,0.0,1,0,0,0,0,0,1,Low
Tiswadi,Coconut,2023-07-21,7,Nut_Development,26.9,84,0.7,2,5,52.2,27.9,94,4.73,3.3,4.4,0,0,0,0,0,0,0,None
Canacona,Cashew,2022-08-21,8,Fruit_Development,25.9,93,46.8,0,10,70.2,17.5,100,5.21,6.0,8.2,0,0,0,1,0,0,1,Low
Dharbandora,Spices,2021-08-22,8,Pod_Development,27.5,95,191.2,1,3,98.0,41.3,95,4.28,6.1,5.2,0,1,0,0,0,0,1,Low
Salcete,Mango,2022-08-25,8,Vegetative,27.5,80,0.6,0,16,42.3,12.1,75,5.07,2.1,1.8,0,0,0,0,0,0,0,None
Sanguem,Cashew,2021-11-10,11,Fruit_Development,29.2,68,0.0,2,0,39.8,17.3,24,5.6,1.1,1.4,0,0,0,0,0,0,0,None
Tiswadi,Rice (Paddy),2022-07-20,7,Grain_Filling,23.7,87,14.1,0,6,62.8,14.9,89,5.21,0.0,5.1,0,0,0,0,0,0,0,None
Canacona,Coconut,2023-11-02,11,Vegetative,29.0,73,0.0,4,0,37.1,9.7,25,5.88,0.7,1.1,0,0,0,0,0,0,0,None
Bardez,Cashew,2021-07-28,7,Dormant,28.4,82,44.4,0,0,65.8,21.5,79,4.67,4.4,0.2,0,0,0,0,0,0,0,None
Dharbandora,Spices,2023-11-04,11,Pod_Development,26.4,76,0.4,11,1,23.5,15.2,50,4.72,0.1,0.0,0,0,0,0,0,0,0,None
Ponda,Spices,2025-07-15,7,Pod_Development,29.0,89,47.6,4,1,65.0,35.2,83,5.09,4.4,0.0,0,0,0,0,0,0,0,None
Dharbandora,Arecanut,2024-12-12,12,Vegetative,28.5,64,0.0,17,0,14.8,16.5,20,6.48,0.0,0.0,1,0,0,0,0,0,1,Low
Mormugao,Rice (Paddy),2024-12-31,12,Grain_Filling,25.2,64,0.0,2,0,41.8,11.1,24,5.75,0.0,1.1,0,0,0,0,0,0,0,None
Pernem,Cashew,2024-11-01,11,Dormant,29.3,70,0.0,5,0,32.0,19.2,15,5.57,0.0,0.7,0,0,0,0,0,0,0,None
Salcete,Coconut,2023-11-10,11,Vegetative,29.5,54,0.0,17,0,15.1,17.3,14,5.18,0.7,0.0,1,0,0,0,0,0,1,Low
Quepem,Cashew,2022-08-10,8,Fruit_Development,29.5,85,5.5,0,7,49.0,15.1,76,4.72,4.5,5.7,0,0,0,0,0,1,1,Low
Sanguem,Spices,2025-11-14,11,Vegetative,29.2,61,0.0,18,0,12.0,12.0,47,5.61,0.0,1.0,1,0,0,0,0,0,1,Low
Canacona,Rice (Paddy),2025-10-25,10,Seedling,33.8,89,104.1,1,0,93.3,15.5,85,6.04,0.0,0.0,0,0,0,0,0,0,0,None
Ponda,Arecanut,2023-10-12,10,Nut_Formation,28.4,94,43.6,0,1,78.4,22.4,94,5.46,6.8,0.0,0,0,0,0,0,0,0,None
Sanguem,Spices,2023-12-30,12,Harvest,30.5,68,0.0,26,0,12.0,14.6,20,5.12,0.0,1.6,1,0,0,0,0,0,1,Low
Bicholim,Arecanut,2024-05-19,5,Harvest,34.5,50,0.0,19,0,12.0,16.5,48,5.56,2.7,1.0,1,0,0,0,0,0,1,Low
Mormugao,Coconut,2024-01-30,1,Maturity,25.8,64,0.0,7,0,28.9,14.0,49,4.84,0.0,0.9,0,0,0,0,0,0,0,None
Dharbandora,Arecanut,2022-11-29,11,Flowering,29.9,80,0.1,13,1,27.9,5.6,55,5.48,3.1,1.8,0,0,0,0,0,0,0,None
Mormugao,Coconut,2021-05-12,5,Vegetative,37.3,42,0.0,25,0,12.0,22.3,20,5.83,0.1,0.0,1,0,0,0,1,0,1,Moderate
Dharbandora,Rice (Paddy),2025-07-05,7,Grain_Filling,30.3,85,104.9,0,3,98.0,22.8,72,5.72,7.6,2.2,0,0,1,0,0,0,1,Low
Pernem,Mango,2024-11-05,11,Vegetative,27.7,59,0.0,3,0,33.6,5.9,24,5.79,0.0,2.0,0,0,0,0,0,0,0,None
Canacona,Mango,2024-03-01,3,Vegetative,33.8,58,0.0,18,0,12.0,13.3,15,4.83,0.0,0.0,1,0,0,0,0,0,1,Low
Mormugao,Coconut,2023-11-10,11,Inflorescence,31.1,56,0.0,18,0,12.0,16.4,36,5.42,1.2,0.0,1,0,0,0,0,0,1,Low
Dharbandora,Pineapple,2022-06-20,6,Inflorescence,30.6,82,8.7,9,5,35.1,35.0,86,4.72,2.5,1.3,0,0,0,0,0,0,0,None
Tiswadi,Rice (Paddy),2023-10-11,10,Flowering,23.9,100,14.5,1,0,54.0,38.8,82,5.67,0.0,1.4,0,0,0,0,0,0,0,None
Dharbandora,Arecanut,2021-08-15,8,Flowering,31.2,96,5.4,1,6,55.1,34.8,63,5.37,4.0,8.5,0,0,0,1,0,0,1,Low
Salcete,Cashew,2024-03-23,3,Harvest,33.2,64,0.0,8,0,30.1,15.9,20,5.7,0.0,0.7,0,0,0,0,0,0,0,None
Bicholim,Cashew,2025-11-01,11,Harvest,30.5,47,0.1,13,1,12.0,16.5,24,5.86,0.0,0.0,0,0,0,0,0,0,0,None
Dharbandora,Rice (Paddy),2025-02-01,2,Seedling,32.6,65,0.0,12,0,24.1,10.6,48,5.83,0.6,0.0,1,0,0,0,0,0,1,Low
Sanguem,Rice (Paddy),2023-04-02,4,Grain_Filling,33.0,38,0.0,23,0,12.0,12.0,26,5.39,1.3,1.5,1,0,0,0,0,0,1,Low
Quepem,Cashew,2023-05-21,5,Flowering,39.2,72,0.0,22,0,12.0,13.7,28,5.45,0.0,0.7,1,0,0,0,1,0,1,Moderate
Bardez,Cashew,2022-02-09,2,Fruit_Development,30.8,64,0.0,7,0,31.4,7.7,70,5.04,0.0,0.0,0,0,0,0,0,0,0,None
Bardez,Mango,2021-07-21,7,Vegetative,29.8,84,23.4,0,1,57.5,23.3,100,5.04,4.0,0.3,0,0,0,0,0,0,0,None
Mormugao,Coconut,2021-02-07,2,Inflorescence,24.6,72,0.0,7,0,38.9,15.1,42,5.5,0.4,0.0,0,0,0,0,0,0,0,None
Sanguem,Cashew,2023-07-31,7,Dormant,30.8,79,36.6,1,4,63.6,21.5,65,5.42,4.1,0.6,0,0,0,0,0,0,0,None
Canacona,Cashew,2025-12-01,12,Fruit_Development,31.0,76,0.0,15,0,23.7,15.6,60,5.2,1.5,0.9,1,0,1,0,0,0,1,Moderate
Mormugao,Coconut,2021-07-07,7,Maturity,29.3,96,5.8,0,3,55.8,33.8,85,4.86,4.8,5.4,0,0,0,0,0,0,0,None
Ponda,Arecanut,2023-12-17,12,Vegetative,28.8,54,0.0,8,0,29.6,9.3,25,5.59,1.1,0.0,0,0,0,0,0,0,0,None
Tiswadi,Coconut,2023-07-30,7,Maturity,30.0,85,34.5,0,0,61.3,34.8,84,5.47,7.5,0.0,0,0,1,0,0,0,1,Low
Bardez,Cashew,2023-11-10,11,Harvest,30.2,69,0.0,5,0,33.1,24.0,68,5.85,0.0,0.0,0,0,0,0,0,0,0,None
Dharbandora,Arecanut,2021-09-30,9,Flowering,31.4,94,16.5,0,2,65.3,41.2,100,5.31,4.3,0.5,0,0,0,0,0,0,0,None
Bardez,Coconut,2024-02-17,2,Vegetative,29.2,58,0.0,14,0,16.3,21.2,70,4.45,0.0,2.0,1,0,0,0,0,0,1,Low
Sattari,Mango,2022-08-06,8,Maturity,29.1,95,15.2,1,2,47.0,29.1,81,5.8,7.2,0.0,0,0,1,0,0,0,1,Low
Quepem,Pineapple,2022-05-31,5,Harvest,38.3,53,0.0,26,0,12.0,19.6,27,6.09,0.3,1.0,1,0,0,0,1,0,1,Moderate
Tiswadi,Coconut,2024-05-29,5,Nut_Development,40.2,59,0.0,21,0,12.0,16.8,21,5.38,0.0,0.0,1,0,0,0,1,0,1,Moderate
Pernem,Mango,2022-06-10,6,Flowering,26.1,85,125.1,0,0,98.0,40.8,68,5.01,4.0,0.1,0,0,0,0,0,0,0,None
Pernem,Coconut,2025-03-19,3,Vegetative,40.3,51,0.0,18,0,12.0,13.1,14,4.96,0.1,0.0,1,0,0,0,1,0,1,Moderate
Tiswadi,Coconut,2025-10-18,10,Vegetative,26.4,85,167.4,1,4,98.0,16.3,81,4.92,4.9,3.1,0,1,0,0,0,0,1,Low
Tiswadi,Rice (Paddy),2025-10-31,10,Flowering,26.5,77,29.6,1,0,59.6,25.8,87,5.09,5.4,0.0,0,0,0,0,0,0,0,None
Mormugao,Cashew,2021-12-02,12,Flowering,23.4,67,0.0,2,0,41.5,20.7,42,5.25,0.0,0.1,0,0,0,0,0,0,0,None
Dharbandora,Spices,2022-11-29,11,Flowering,22.9,66,0.0,4,0,36.3,13.2,28,5.12,0.0,0.6,0,0,0,0,0,0,0,None
Bicholim,Cashew,2023-12-15,12,Dormant,28.2,68,1.4,10,1,24.7,12.9,64,5.65,1.3,0.1,0,0,0,0,0,0,0,None
Canacona,Cashew,2022-05-15,5,Harvest,31.9,61,0.0,9,0,30.1,13.1,17,5.82,0.0,1.0,0,0,1,0,0,0,1,Low
Sattari,Coconut,2023-06-19,6,Maturity,27.7,81,71.5,2,3,85.1,28.3,90,5.84,3.1,0.0,0,0,0,0,0,0,0,None
Bardez,Cashew,2023-02-05,2,Harvest,29.7,82,0.0,14,0,23.2,12.5,46,5.35,3.3,0.0,1,0,1,0,0,0,1,Moderate
Canacona,Cashew,2022-06-20,6,Harvest,26.9,88,17.5,1,2,63.3,31.6,86,5.34,5.0,0.1,0,0,0,0,0,0,0,None
Dharbandora,Spices,2021-06-11,6,Harvest,24.2,85,54.2,2,5,64.8,30.3,84,6.72,4.3,5.5,0,0,0,1,0,0,1,Low
Dharbandora,Arecanut,2025-08-21,8,Vegetative,25.4,77,16.9,0,4,54.9,35.3,82,6.4,2.8,0.0,0,0,0,0,0,0,0,None
Canacona,Rice (Paddy),2022-08-17,8,Tillering,30.8,91,168.1,1,3,98.0,28.4,100,5.57,4.3,3.5,0,1,0,0,0,0,1,Low
Dharbandora,Arecanut,2021-06-08,6,Flowering,27.8,100,9.2,0,2,58.5,23.0,60,5.65,7.0,0.0,0,0,1,0,0,0,1,Low
Dharbandora,Arecanut,2024-04-26,4,Harvest,31.5,75,0.0,13,0,24.2,18.0,25,5.54,1.7,0.0,0,0,0,0,0,0,0,None
Ponda,Spices,2021-03-01,3,Flowering,34.6,67,0.0,24,0,12.0,16.2,5,5.84,1.4,0.0,1,0,0,0,0,0,1,Low
Mormugao,Coconut,2023-07-04,7,Nut_Development,26.9,90,48.7,1,13,72.0,18.5,91,5.14,6.1,10.0,0,0,0,1,0,0,1,Low
Salcete,Coconut,2024-09-04,9,Inflorescence,26.6,84,29.7,0,18,64.1,23.1,72,6.07,3.8,10.0,0,0,0,1,0,0,1,Low
Dharbandora,Mango,2021-07-30,7,Fruit_Setting,26.4,96,83.7,0,2,91.3,28.4,81,5.75,4.8,1.7,0,0,0,0,0,0,0,None
Salcete,Coconut,2022-02-10,2,Nut_Development,31.4,68,0.0,9,0,21.3,13.3,62,5.71,0.0,1.2,0,0,0,0,0,0,0,None
Bicholim,Rice (Paddy),2022-10-26,10,Flowering,22.8,86,15.8,0,1,53.1,23.6,52,5.24,0.0,0.4,0,0,0,0,0,0,0,None
Ponda,Arecanut,2024-02-07,2,Vegetative,31.1,69,0.0,16,0,17.8,17.0,34,5.04,0.3,0.0,1,0,0,0,0,0,1,Low
Canacona,Rice (Paddy),2024-01-05,1,Tillering,25.5,78,0.0,12,0,23.7,14.7,37,5.55,2.3,0.0,0,0,0,0,0,0,0,None
Pernem,Mango,2022-06-26,6,Maturity,27.3,96,58.3,3,4,77.1,26.8,77,4.76,6.2,7.5,0,0,0,1,0,0,1,Low
Salcete,Cashew,2024-08-30,8,Flowering,29.6,89,68.7,1,1,81.1,27.6,63,5.54,3.4,0.0,0,0,0,0,0,0,0,None
Quepem,Rice (Paddy),2023-09-25,9,Grain_Filling,24.7,90,6.6,0,1,45.3,34.5,90,4.88,5.6,0.0,0,0,0,0,0,0,0,None
Salcete,Cashew,2024-02-15,2,Harvest,28.2,66,0.0,15,0,12.1,21.2,43,6.03,2.2,0.0,1,0,0,0,0,0,1,Low
Sattari,Cashew,2023-07-16,7,Fruit_Development,27.5,90,27.7,9,6,37.7,28.6,90,5.84,6.3,5.0,0,0,0,0,0,0,0,None
Pernem,Coconut,2023-05-18,5,Vegetative,34.7,51,0.0,21,0,12.0,10.5,14,5.2,0.0,1.6,1,0,0,1,0,0,1,Moderate
Quepem,Rice (Paddy),2025-09-24,9,Grain_Filling,26.0,100,35.4,0,6,76.0,19.5,71,5.15,6.2,7.5,0,0,1,1,0,0,1,Moderate
Mormugao,Coconut,2021-01-19,1,Vegetative,28.5,71,0.0,11,0,24.3,20.9,32,5.52,0.4,0.0,0,0,0,0,0,0,0,None
Dharbandora,Arecanut,2022-03-08,3,Nut_Formation,33.4,42,0.0,16,0,12.0,5.9,5,5.41,0.0,0.0,1,0,0,0,0,0,1,Low
Canacona,Rice (Paddy),2025-09-05,9,Seedling,26.6,78,19.3,2,16,58.0,40.9,84,6.02,5.1,0.6,0,0,0,0,0,0,0,None
Dharbandora,Rice (Paddy),2023-01-10,1,Grain_Filling,27.5,78,0.0,10,0,23.1,18.3,38,5.42,2.7,1.2,0,0,0,0,0,0,0,None
Quepem,Pineapple,2024-10-05,10,Harvest,28.2,97,65.3,0,14,79.7,24.7,94,5.41,6.3,10.0,0,0,0,1,0,0,1,Low
Dharbandora,Mango,2021-07-02,7,Vegetative,27.1,89,80.0,2,2,84.3,18.5,81,5.18,3.4,0.9,0,0,0,0,0,0,0,None
Ponda,Cashew,2021-04-23,4,Flowering,37.8,75,0.0,28,0,12.0,10.8,21,5.38,0.0,1.9,1,0,0,0,0,0,1,Low
Pernem,Coconut,2024-04-21,4,Vegetative,32.4,37,0.0,19,0,12.0,17.1,32,4.77,2.6,0.5,1,0,0,0,0,0,1,Low
Sattari,Mango,2022-04-26,4,Flowering,35.5,54,0.0,28,0,12.0,22.8,5,5.18,0.2,1.4,1,0,0,0,0,0,1,Low
Mormugao,Rice (Paddy),2024-03-15,3,Grain_Filling,33.6,61,2.6,7,1,32.6,9.6,6,5.15,0.0,0.0,0,0,0,0,0,0,0,None
Mormugao,Coconut,2023-04-11,4,Inflorescence,35.5,63,0.0,30,0,12.0,17.6,8,5.68,0.0,1.7,1,0,0,0,0,0,1,Low
Quepem,Coconut,2025-07-10,7,Nut_Development,28.0,88,15.5,0,0,57.5,26.3,89,6.17,4.6,0.0,0,0,0,0,0,0,0,None
Sattari,Cashew,2024-02-11,2,Harvest,28.7,61,0.0,13,0,14.3,10.2,34,4.83,0.0,0.1,0,0,0,0,0,0,0,None
Canacona,Coconut,2023-02-02,2,Maturity,28.4,73,0.0,10,0,23.3,17.3,39,5.45,0.0,0.7,0,0,0,0,0,0,0,None
Sanguem,Rice (Paddy),2022-04-21,4,Tillering,32.9,69,0.0,12,0,19.9,12.4,18,4.68,0.0,0.0,0,0,0,0,0,1,1,Low
Tiswadi,Coconut,2023-02-02,2,Nut_Development,30.4,62,0.0,9,0,18.1,9.3,41,5.22,0.0,0.0,0,0,0,0,0,0,0,None
Quepem,Cashew,2024-08-19,8,Harvest,25.2,94,13.3,1,5,49.7,27.8,94,5.92,6.9,7.2,0,0,0,1,0,0,1,Low
Sattari,Cashew,2023-08-29,8,Harvest,30.6,87,139.6,0,0,98.0,30.5,96,5.85,3.4,0.0,0,0,0,0,0,0,0,None
Sattari,Rice (Paddy),2023-10-17,10,Flowering,27.1,87,11.7,0,2,54.0,43.1,88,4.21,4.6,0.0,0,0,0,0,0,1,1,Low
Dharbandora,Coconut,2024-02-16,2,Nut_Development,26.7,74,0.0,7,0,30.4,8.9,43,5.45,0.0,1.2,1,0,0,0,0,0,1,Low
Mormugao,Rice (Paddy),2021-06-10,6,Flowering,24.3,83,23.0,0,0,62.0,16.6,88,5.51,3.3,0.0,0,0,0,0,0,0,0,None
Tiswadi,Rice (Paddy),2022-02-05,2,Grain_Filling,25.4,68,0.0,8,0,32.3,16.4,28,6.16,0.0,0.0,0,0,0,0,0,0,0,None
Canacona,Rice (Paddy),2021-07-17,7,Tillering,28.3,90,20.4,2,1,54.4,40.9,100,5.81,5.1,0.0,0,0,0,0,0,0,0,None
Quepem,Rice (Paddy),2024-07-07,7,Tillering,28.3,85,21.3,0,3,58.9,17.1,95,5.28,4.5,3.6,0,0,0,0,0,0,0,None
Quepem,Rice (Paddy),2022-10-22,10,Tillering,24.6,80,40.4,0,19,72.0,15.9,81,5.73,3.2,1.2,0,0,0,0,0,0,0,None
Canacona,Rice (Paddy),2025-11-11,11,Tillering,28.7,50,1.9,12,1,15.1,20.5,45,5.62,0.0,0.0,0,0,0,0,0,0,0,None
Quepem,Coconut,2023-12-07,12,Maturity,27.8,64,0.0,13,0,18.0,17.0,52,4.81,0.0,0.0,0,0,0,0,0,0,0,None
Mormugao,Rice (Paddy),2022-02-03,2,Grain_Filling,29.1,73,0.7,13,1,27.8,9.9,70,5.02,0.6,0.0,0,0,0,0,0,0,0,None
Tiswadi,Coconut,2025-09-30,9,Inflorescence,26.7,95,70.7,3,3,81.5,34.0,100,6.37,4.4,7.9,0,0,0,1,0,0,1,Low
Bardez,Cashew,2025-05-02,5,Harvest,34.5,33,0.0,14,0,12.0,11.5,14,5.55,0.0,0.7,1,0,0,0,0,0,1,Low
Ponda,Arecanut,2021-03-19,3,Harvest,31.8,58,0.0,17,0,12.0,8.6,24,5.4,0.0,0.0,1,0,0,0,0,0,1,Low
Quepem,Pineapple,2021-05-04,5,Harvest,36.2,60,0.0,7,0,26.5,16.3,14,4.73,0.1,0.0,0,0,0,0,0,0,0,None
Pernem,Mango,2021-03-16,3,Flowering,39.9,56,0.0,20,0,12.0,5.9,31,5.57,0.0,0.0,1,0,0,0,1,0,1,Moderate
Tiswadi,Rice (Paddy),2021-05-17,5,Seedling,38.2,66,0.0,14,0,12.0,15.3,29,4.96,1.3,0.7,1,0,0,0,1,0,1,Moderate
